[90m1:22AM[0m [32mINF[0m [1mLoaded environment variables from .env[0m
[90m1:22AM[0m [32mINF[0m [1mProcessing repo[0m [36mrepo=[0mprometheus-operator/kube-prometheus [36mrepo_index=[0m1 [36mtotal=[0m486
[90m1:22AM[0m [32mINF[0m [1mAlready cloned – skipping[0m [36mdir=[0m"D:\\helm_clones_artifacthub\\prometheus-operator__kube-prometheus"
[90m1:22AM[0m [33mWRN[0m [1mNo charts found – skipping[0m [36mrepo=[0mprometheus-operator/kube-prometheus
[90m1:22AM[0m [32mINF[0m [1mProcessing repo[0m [36mrepo=[0mcert-manager/approver-policy [36mrepo_index=[0m2 [36mtotal=[0m486
[90m1:22AM[0m [32mINF[0m [1mAlready cloned – skipping[0m [36mdir=[0m"D:\\helm_clones_artifacthub\\cert-manager__approver-policy"
[90m1:22AM[0m [32mINF[0m [1mProcessing repo[0m [36mrepo=[0mkubernetes/ingress-nginx [36mrepo_index=[0m3 [36mtotal=[0m486
[90m1:22AM[0m [32mINF[0m [1mAlready cloned – skipping[0m [36mdir=[0m"D:\\helm_clones_artifacthub\\kubernetes__ingress-nginx"
[90m1:22AM[0m [32mINF[0m [1mProcessing repo[0m [36mrepo=[0margoproj/argo-helm [36mrepo_index=[0m4 [36mtotal=[0m486
[90m1:22AM[0m [32mINF[0m [1mAlready cloned – skipping[0m [36mdir=[0m"D:\\helm_clones_artifacthub\\argoproj__argo-helm"
[90m1:22AM[0m [33mWRN[0m [1mChart not in catalog – skipping[0m [36mchart=[0m"D:\\helm_clones_artifacthub\\argoproj__argo-helm\\charts\\argo-events"
[90m1:22AM[0m [33mWRN[0m [1mChart not in catalog – skipping[0m [36mchart=[0m"D:\\helm_clones_artifacthub\\argoproj__argo-helm\\charts\\argo-rollouts"
[90m1:22AM[0m [33mWRN[0m [1mChart not in catalog – skipping[0m [36mchart=[0m"D:\\helm_clones_artifacthub\\argoproj__argo-helm\\charts\\argo-workflows"
[90m1:22AM[0m [33mWRN[0m [1mChart not in catalog – skipping[0m [36mchart=[0m"D:\\helm_clones_artifacthub\\argoproj__argo-helm\\charts\\argocd-apps"
[90m1:22AM[0m [33mWRN[0m [1mChart not in catalog – skipping[0m [36mchart=[0m"D:\\helm_clones_artifacthub\\argoproj__argo-helm\\charts\\argocd-image-updater"
[90m1:22AM[0m [32mINF[0m [1mProcessing repo[0m [36mrepo=[0mprometheus-community/helm-charts [36mrepo_index=[0m5 [36mtotal=[0m486
[90m1:22AM[0m [32mINF[0m [1mAlready cloned – skipping[0m [36mdir=[0m"D:\\helm_clones_artifacthub\\prometheus-community__helm-charts"
[90m1:22AM[0m [33mWRN[0m [1mChart not in catalog – skipping[0m [36mchart=[0m"D:\\helm_clones_artifacthub\\prometheus-community__helm-charts\\charts\\prometheus-adapter"
[90m1:22AM[0m [33mWRN[0m [1mChart not in catalog – skipping[0m [36mchart=[0m"D:\\helm_clones_artifacthub\\prometheus-community__helm-charts\\charts\\prometheus-blackbox-exporter"
[90m1:22AM[0m [33mWRN[0m [1mChart not in catalog – skipping[0m [36mchart=[0m"D:\\helm_clones_artifacthub\\prometheus-community__helm-charts\\charts\\prometheus-cloudwatch-exporter"
[90m1:22AM[0m [33mWRN[0m [1mChart not in catalog – skipping[0m [36mchart=[0m"D:\\helm_clones_artifacthub\\prometheus-community__helm-charts\\charts\\prometheus-conntrack-stats-exporter"
[90m1:22AM[0m [33mWRN[0m [1mChart not in catalog – skipping[0m [36mchart=[0m"D:\\helm_clones_artifacthub\\prometheus-community__helm-charts\\charts\\prometheus-consul-exporter"
[90m1:22AM[0m [33mWRN[0m [1mChart not in catalog – skipping[0m [36mchart=[0m"D:\\helm_clones_artifacthub\\prometheus-community__helm-charts\\charts\\prometheus-couchdb-exporter"
[90m1:22AM[0m [33mWRN[0m [1mChart not in catalog – skipping[0m [36mchart=[0m"D:\\helm_clones_artifacthub\\prometheus-community__helm-charts\\charts\\prometheus-druid-exporter"
[90m1:22AM[0m [33mWRN[0m [1mChart not in catalog – skipping[0m [36mchart=[0m"D:\\helm_clones_artifacthub\\prometheus-community__helm-charts\\charts\\prometheus-elasticsearch-exporter"
[90m1:22AM[0m [33mWRN[0m [1mChart not in catalog – skipping[0m [36mchart=[0m"D:\\helm_clones_artifacthub\\prometheus-community__helm-charts\\charts\\prometheus-fastly-exporter"
[90m1:22AM[0m [33mWRN[0m [1mChart not in catalog – skipping[0m [36mchart=[0m"D:\\helm_clones_artifacthub\\prometheus-community__helm-charts\\charts\\prometheus-ipmi-exporter"
[90m1:22AM[0m [33mWRN[0m [1mChart not in catalog – skipping[0m [36mchart=[0m"D:\\helm_clones_artifacthub\\prometheus-community__helm-charts\\charts\\prometheus-json-exporter"
[90m1:22AM[0m [33mWRN[0m [1mChart not in catalog – skipping[0m [36mchart=[0m"D:\\helm_clones_artifacthub\\prometheus-community__helm-charts\\charts\\prometheus-kafka-exporter"
[90m1:22AM[0m [33mWRN[0m [1mChart not in catalog – skipping[0m [36mchart=[0m"D:\\helm_clones_artifacthub\\prometheus-community__helm-charts\\charts\\prometheus-memcached-exporter"
[90m1:22AM[0m [33mWRN[0m [1mChart not in catalog – skipping[0m [36mchart=[0m"D:\\helm_clones_artifacthub\\prometheus-community__helm-charts\\charts\\prometheus-modbus-exporter"
[90m1:22AM[0m [33mWRN[0m [1mChart not in catalog – skipping[0m [36mchart=[0m"D:\\helm_clones_artifacthub\\prometheus-community__helm-charts\\charts\\prometheus-mongodb-exporter"
[90m1:22AM[0m [33mWRN[0m [1mChart not in catalog – skipping[0m [36mchart=[0m"D:\\helm_clones_artifacthub\\prometheus-community__helm-charts\\charts\\prometheus-mysql-exporter"
[90m1:22AM[0m [33mWRN[0m [1mChart not in catalog – skipping[0m [36mchart=[0m"D:\\helm_clones_artifacthub\\prometheus-community__helm-charts\\charts\\prometheus-nats-exporter"
[90m1:22AM[0m [33mWRN[0m [1mChart not in catalog – skipping[0m [36mchart=[0m"D:\\helm_clones_artifacthub\\prometheus-community__helm-charts\\charts\\prometheus-nginx-exporter"
[90m1:22AM[0m [33mWRN[0m [1mChart not in catalog – skipping[0m [36mchart=[0m"D:\\helm_clones_artifacthub\\prometheus-community__helm-charts\\charts\\prometheus-node-exporter"
[90m1:22AM[0m [33mWRN[0m [1mChart not in catalog – skipping[0m [36mchart=[0m"D:\\helm_clones_artifacthub\\prometheus-community__helm-charts\\charts\\prometheus-operator-admission-webhook"
[90m1:22AM[0m [33mWRN[0m [1mChart not in catalog – skipping[0m [36mchart=[0m"D:\\helm_clones_artifacthub\\prometheus-community__helm-charts\\charts\\prometheus-operator-crds"
[90m1:22AM[0m [33mWRN[0m [1mChart not in catalog – skipping[0m [36mchart=[0m"D:\\helm_clones_artifacthub\\prometheus-community__helm-charts\\charts\\prometheus-operator-crds\\charts\\crds"
[90m1:22AM[0m [33mWRN[0m [1mChart not in catalog – skipping[0m [36mchart=[0m"D:\\helm_clones_artifacthub\\prometheus-community__helm-charts\\charts\\prometheus-pgbouncer-exporter"
[90m1:22AM[0m [33mWRN[0m [1mChart not in catalog – skipping[0m [36mchart=[0m"D:\\helm_clones_artifacthub\\prometheus-community__helm-charts\\charts\\prometheus-pingdom-exporter"
[90m1:22AM[0m [33mWRN[0m [1mChart not in catalog – skipping[0m [36mchart=[0m"D:\\helm_clones_artifacthub\\prometheus-community__helm-charts\\charts\\prometheus-pingmesh-exporter"
[90m1:22AM[0m [33mWRN[0m [1mChart not in catalog – skipping[0m [36mchart=[0m"D:\\helm_clones_artifacthub\\prometheus-community__helm-charts\\charts\\prometheus-postgres-exporter"
[90m1:22AM[0m [33mWRN[0m [1mChart not in catalog – skipping[0m [36mchart=[0m"D:\\helm_clones_artifacthub\\prometheus-community__helm-charts\\charts\\prometheus-pushgateway"
[90m1:22AM[0m [33mWRN[0m [1mChart not in catalog – skipping[0m [36mchart=[0m"D:\\helm_clones_artifacthub\\prometheus-community__helm-charts\\charts\\prometheus-rabbitmq-exporter"
[90m1:22AM[0m [33mWRN[0m [1mChart not in catalog – skipping[0m [36mchart=[0m"D:\\helm_clones_artifacthub\\prometheus-community__helm-charts\\charts\\prometheus-redis-exporter"
[90m1:22AM[0m [33mWRN[0m [1mChart not in catalog – skipping[0m [36mchart=[0m"D:\\helm_clones_artifacthub\\prometheus-community__helm-charts\\charts\\prometheus-smartctl-exporter"
[90m1:22AM[0m [33mWRN[0m [1mChart not in catalog – skipping[0m [36mchart=[0m"D:\\helm_clones_artifacthub\\prometheus-community__helm-charts\\charts\\prometheus-snmp-exporter"
[90m1:22AM[0m [33mWRN[0m [1mChart not in catalog – skipping[0m [36mchart=[0m"D:\\helm_clones_artifacthub\\prometheus-community__helm-charts\\charts\\prometheus-sql-exporter"
[90m1:22AM[0m [33mWRN[0m [1mChart not in catalog – skipping[0m [36mchart=[0m"D:\\helm_clones_artifacthub\\prometheus-community__helm-charts\\charts\\prometheus-stackdriver-exporter"
[90m1:22AM[0m [33mWRN[0m [1mChart not in catalog – skipping[0m [36mchart=[0m"D:\\helm_clones_artifacthub\\prometheus-community__helm-charts\\charts\\prometheus-statsd-exporter"
[90m1:22AM[0m [33mWRN[0m [1mChart not in catalog – skipping[0m [36mchart=[0m"D:\\helm_clones_artifacthub\\prometheus-community__helm-charts\\charts\\prometheus-systemd-exporter"
[90m1:22AM[0m [33mWRN[0m [1mChart not in catalog – skipping[0m [36mchart=[0m"D:\\helm_clones_artifacthub\\prometheus-community__helm-charts\\charts\\prometheus-to-sd"
[90m1:22AM[0m [33mWRN[0m [1mChart not in catalog – skipping[0m [36mchart=[0m"D:\\helm_clones_artifacthub\\prometheus-community__helm-charts\\charts\\prometheus-windows-exporter"
[90m1:22AM[0m [33mWRN[0m [1mChart not in catalog – skipping[0m [36mchart=[0m"D:\\helm_clones_artifacthub\\prometheus-community__helm-charts\\charts\\prometheus-yet-another-cloudwatch-exporter"
[90m1:22AM[0m [32mINF[0m [1mProcessing repo[0m [36mrepo=[0mbitnami/charts [36mrepo_index=[0m6 [36mtotal=[0m486
[90m1:22AM[0m [32mINF[0m [1mAlready cloned – skipping[0m [36mdir=[0m"D:\\helm_clones_artifacthub\\bitnami__charts"
[90m1:22AM[0m [32mINF[0m [1mProcessing repo[0m [36mrepo=[0mbitnami/containers [36mrepo_index=[0m7 [36mtotal=[0m486
[90m1:22AM[0m [32mINF[0m [1mAlready cloned – skipping[0m [36mdir=[0m"D:\\helm_clones_artifacthub\\bitnami__containers"
[90m1:22AM[0m [33mWRN[0m [1mNo charts found – skipping[0m [36mrepo=[0mbitnami/containers
[90m1:22AM[0m [32mINF[0m [1mProcessing repo[0m [36mrepo=[0mtraefik/traefik-helm-chart [36mrepo_index=[0m8 [36mtotal=[0m486
[90m1:22AM[0m [32mINF[0m [1mAlready cloned – skipping[0m [36mdir=[0m"D:\\helm_clones_artifacthub\\traefik__traefik-helm-chart"
[90m1:22AM[0m [32mINF[0m [1mProcessing repo[0m [36mrepo=[0mkubernetes/dashboard [36mrepo_index=[0m9 [36mtotal=[0m486
[90m1:22AM[0m [32mINF[0m [1mAlready cloned – skipping[0m [36mdir=[0m"D:\\helm_clones_artifacthub\\kubernetes__dashboard"
[90m1:22AM[0m [32mINF[0m [1mProcessing repo[0m [36mrepo=[0mgrafana/helm-charts [36mrepo_index=[0m10 [36mtotal=[0m486
[90m1:22AM[0m [32mINF[0m [1mAlready cloned – skipping[0m [36mdir=[0m"D:\\helm_clones_artifacthub\\grafana__helm-charts"
[90m1:22AM[0m [33mWRN[0m [1mChart not in catalog – skipping[0m [36mchart=[0m"D:\\helm_clones_artifacthub\\grafana__helm-charts\\charts\\enterprise-metrics"
[90m1:22AM[0m [33mWRN[0m [1mChart not in catalog – skipping[0m [36mchart=[0m"D:\\helm_clones_artifacthub\\grafana__helm-charts\\charts\\fluent-bit"
[90m1:22AM[0m [33mWRN[0m [1mChart not in catalog – skipping[0m [36mchart=[0m"D:\\helm_clones_artifacthub\\grafana__helm-charts\\charts\\grafana-sampling"
[90m1:22AM[0m [33mWRN[0m [1mChart not in catalog – skipping[0m [36mchart=[0m"D:\\helm_clones_artifacthub\\grafana__helm-charts\\charts\\lgtm-distributed"
[90m1:22AM[0m [33mWRN[0m [1mChart not in catalog – skipping[0m [36mchart=[0m"D:\\helm_clones_artifacthub\\grafana__helm-charts\\charts\\loki-canary"
[90m1:22AM[0m [33mWRN[0m [1mChart not in catalog – skipping[0m [36mchart=[0m"D:\\helm_clones_artifacthub\\grafana__helm-charts\\charts\\loki-distributed"
[90m1:22AM[0m [33mWRN[0m [1mChart not in catalog – skipping[0m [36mchart=[0m"D:\\helm_clones_artifacthub\\grafana__helm-charts\\charts\\loki-stack"
[90m1:22AM[0m [33mWRN[0m [1mChart not in catalog – skipping[0m [36mchart=[0m"D:\\helm_clones_artifacthub\\grafana__helm-charts\\charts\\pdc-agent"
[90m1:22AM[0m [33mWRN[0m [1mChart not in catalog – skipping[0m [36mchart=[0m"D:\\helm_clones_artifacthub\\grafana__helm-charts\\charts\\promtail"
[90m1:22AM[0m [33mWRN[0m [1mChart not in catalog – skipping[0m [36mchart=[0m"D:\\helm_clones_artifacthub\\grafana__helm-charts\\charts\\rollout-operator"
[90m1:22AM[0m [33mWRN[0m [1mChart not in catalog – skipping[0m [36mchart=[0m"D:\\helm_clones_artifacthub\\grafana__helm-charts\\charts\\rollout-operator\\charts\\crds"
[90m1:22AM[0m [33mWRN[0m [1mChart not in catalog – skipping[0m [36mchart=[0m"D:\\helm_clones_artifacthub\\grafana__helm-charts\\charts\\snyk-exporter"
[90m1:22AM[0m [33mWRN[0m [1mChart not in catalog – skipping[0m [36mchart=[0m"D:\\helm_clones_artifacthub\\grafana__helm-charts\\charts\\tempo-distributed"
[90m1:22AM[0m [32mINF[0m [1mProcessing repo[0m [36mrepo=[0mkubernetes-sigs/metrics-server [36mrepo_index=[0m11 [36mtotal=[0m486
[90m1:22AM[0m [32mINF[0m [1mAlready cloned – skipping[0m [36mdir=[0m"D:\\helm_clones_artifacthub\\kubernetes-sigs__metrics-server"
[90m1:22AM[0m [32mINF[0m [1mProcessing repo[0m [36mrepo=[0mhashicorp/vault [36mrepo_index=[0m12 [36mtotal=[0m486
[90m1:22AM[0m [32mINF[0m [1mAlready cloned – skipping[0m [36mdir=[0m"D:\\helm_clones_artifacthub\\hashicorp__vault"
[90m1:22AM[0m [33mWRN[0m [1mNo charts found – skipping[0m [36mrepo=[0mhashicorp/vault
[90m1:22AM[0m [32mINF[0m [1mProcessing repo[0m [36mrepo=[0mgoharbor/harbor [36mrepo_index=[0m13 [36mtotal=[0m486
[90m1:22AM[0m [32mINF[0m [1mAlready cloned – skipping[0m [36mdir=[0m"D:\\helm_clones_artifacthub\\goharbor__harbor"
[90m1:22AM[0m [33mWRN[0m [1mChart not in catalog – skipping[0m [36mchart=[0m"D:\\helm_clones_artifacthub\\goharbor__harbor\\src\\pkg\\chart\\testdata\\harbor-schema2"
[90m1:22AM[0m [32mINF[0m [1mProcessing repo[0m [36mrepo=[0mjenkinsci/helm-charts [36mrepo_index=[0m14 [36mtotal=[0m486
[90m1:22AM[0m [32mINF[0m [1mAlready cloned – skipping[0m [36mdir=[0m"D:\\helm_clones_artifacthub\\jenkinsci__helm-charts"
[90m1:22AM[0m [32mINF[0m [1mProcessing repo[0m [36mrepo=[0mexternal-secrets/external-secrets [36mrepo_index=[0m15 [36mtotal=[0m486
[90m1:22AM[0m [32mINF[0m [1mAlready cloned – skipping[0m [36mdir=[0m"D:\\helm_clones_artifacthub\\external-secrets__external-secrets"
[90m1:22AM[0m [32mINF[0m [1mProcessing repo[0m [36mrepo=[0mkubernetes-sigs/external-dns [36mrepo_index=[0m16 [36mtotal=[0m486
[90m1:22AM[0m [32mINF[0m [1mAlready cloned – skipping[0m [36mdir=[0m"D:\\helm_clones_artifacthub\\kubernetes-sigs__external-dns"
[90m1:22AM[0m [32mINF[0m [1mProcessing repo[0m [36mrepo=[0mlonghorn/charts [36mrepo_index=[0m17 [36mtotal=[0m486
[90m1:22AM[0m [32mINF[0m [1mAlready cloned – skipping[0m [36mdir=[0m"D:\\helm_clones_artifacthub\\longhorn__charts"
[90m1:22AM[0m [32mINF[0m [1mProcessing repo[0m [36mrepo=[0maws/eks-charts [36mrepo_index=[0m18 [36mtotal=[0m486
[90m1:22AM[0m [32mINF[0m [1mAlready cloned – skipping[0m [36mdir=[0m"D:\\helm_clones_artifacthub\\aws__eks-charts"
[90m1:22AM[0m [32mINF[0m [1mProcessing repo[0m [36mrepo=[0mkubernetes-incubator/external-dns [36mrepo_index=[0m19 [36mtotal=[0m486
[90m1:22AM[0m [32mINF[0m [1mAlready cloned – skipping[0m [36mdir=[0m"D:\\helm_clones_artifacthub\\kubernetes-incubator__external-dns"
[90m1:22AM[0m [32mINF[0m [1mProcessing repo[0m [36mrepo=[0mapache/airflow [36mrepo_index=[0m20 [36mtotal=[0m486
[90m1:22AM[0m [32mINF[0m [1mAlready cloned – skipping[0m [36mdir=[0m"D:\\helm_clones_artifacthub\\apache__airflow"
[90m1:22AM[0m [32mINF[0m [1mProcessing repo[0m [36mrepo=[0melastic/helm-charts [36mrepo_index=[0m21 [36mtotal=[0m486
[90m1:22AM[0m [32mINF[0m [1mAlready cloned – skipping[0m [36mdir=[0m"D:\\helm_clones_artifacthub\\elastic__helm-charts"
[90m1:22AM[0m [32mINF[0m [1mProcessing repo[0m [36mrepo=[0mnextcloud/helm [36mrepo_index=[0m22 [36mtotal=[0m486
[90m1:22AM[0m [32mINF[0m [1mAlready cloned – skipping[0m [36mdir=[0m"D:\\helm_clones_artifacthub\\nextcloud__helm"
[90m1:22AM[0m [32mINF[0m [1mProcessing repo[0m [36mrepo=[0mvmware-tanzu/velero [36mrepo_index=[0m23 [36mtotal=[0m486
[90m1:22AM[0m [32mINF[0m [1mAlready cloned – skipping[0m [36mdir=[0m"D:\\helm_clones_artifacthub\\vmware-tanzu__velero"
[90m1:22AM[0m [33mWRN[0m [1mNo charts found – skipping[0m [36mrepo=[0mvmware-tanzu/velero
[90m1:22AM[0m [32mINF[0m [1mProcessing repo[0m [36mrepo=[0mcilium/cilium [36mrepo_index=[0m24 [36mtotal=[0m486
[90m1:22AM[0m [32mINF[0m [1mAlready cloned – skipping[0m [36mdir=[0m"D:\\helm_clones_artifacthub\\cilium__cilium"
[90m1:22AM[0m [32mINF[0m [1mProcessing repo[0m [36mrepo=[0mkubernetes/autoscaler [36mrepo_index=[0m25 [36mtotal=[0m486
[90m1:22AM[0m [32mINF[0m [1mAlready cloned – skipping[0m [36mdir=[0m"D:\\helm_clones_artifacthub\\kubernetes__autoscaler"
[90m1:22AM[0m [32mINF[0m [1mProcessing repo[0m [36mrepo=[0mmetallb/metallb [36mrepo_index=[0m26 [36mtotal=[0m486
[90m1:22AM[0m [32mINF[0m [1mAlready cloned – skipping[0m [36mdir=[0m"D:\\helm_clones_artifacthub\\metallb__metallb"
[90m1:22AM[0m [33mWRN[0m [1mChart not in catalog – skipping[0m [36mchart=[0m"D:\\helm_clones_artifacthub\\metallb__metallb\\charts\\metallb\\charts\\crds"
[90m1:22AM[0m [32mINF[0m [1mProcessing repo[0m [36mrepo=[0mistio/istio [36mrepo_index=[0m27 [36mtotal=[0m486
[90m1:22AM[0m [32mINF[0m [1mAlready cloned – skipping[0m [36mdir=[0m"D:\\helm_clones_artifacthub\\istio__istio"
[90m1:22AM[0m [32mINF[0m [1mProcessing repo[0m [36mrepo=[0mrancher/rancher [36mrepo_index=[0m28 [36mtotal=[0m486
[90m1:22AM[0m [32mINF[0m [1mAlready cloned – skipping[0m [36mdir=[0m"D:\\helm_clones_artifacthub\\rancher__rancher"
[90m1:22AM[0m [32mINF[0m [1mProcessing repo[0m [36mrepo=[0mkyverno/kyverno [36mrepo_index=[0m29 [36mtotal=[0m486
[90m1:22AM[0m [32mINF[0m [1mAlready cloned – skipping[0m [36mdir=[0m"D:\\helm_clones_artifacthub\\kyverno__kyverno"
[90m1:22AM[0m [33mWRN[0m [1mChart not in catalog – skipping[0m [36mchart=[0m"D:\\helm_clones_artifacthub\\kyverno__kyverno\\charts\\kyverno\\charts\\crds"
[90m1:22AM[0m [33mWRN[0m [1mChart not in catalog – skipping[0m [36mchart=[0m"D:\\helm_clones_artifacthub\\kyverno__kyverno\\charts\\kyverno\\charts\\grafana"
[90m1:22AM[0m [33mWRN[0m [1mChart not in catalog – skipping[0m [36mchart=[0m"D:\\helm_clones_artifacthub\\kyverno__kyverno\\charts\\kyverno-policies"
[90m1:22AM[0m [32mINF[0m [1mProcessing repo[0m [36mrepo=[0mgo-gitea/gitea [36mrepo_index=[0m30 [36mtotal=[0m486
[90m1:22AM[0m [32mINF[0m [1mAlready cloned – skipping[0m [36mdir=[0m"D:\\helm_clones_artifacthub\\go-gitea__gitea"
[90m1:22AM[0m [33mWRN[0m [1mNo charts found – skipping[0m [36mrepo=[0mgo-gitea/gitea
[90m1:22AM[0m [32mINF[0m [1mProcessing repo[0m [36mrepo=[0mSonarSource/helm-chart-sonarqube [36mrepo_index=[0m31 [36mtotal=[0m486
[90m1:22AM[0m [32mINF[0m [1mAlready cloned – skipping[0m [36mdir=[0m"D:\\helm_clones_artifacthub\\SonarSource__helm-chart-sonarqube"
[90m1:22AM[0m [33mWRN[0m [1mChart not in catalog – skipping[0m [36mchart=[0m"D:\\helm_clones_artifacthub\\SonarSource__helm-chart-sonarqube\\charts\\sonarqube-dce"
[90m1:22AM[0m [32mINF[0m [1mProcessing repo[0m [36mrepo=[0mcloudnative-pg/charts [36mrepo_index=[0m32 [36mtotal=[0m486
[90m1:22AM[0m [32mINF[0m [1mAlready cloned – skipping[0m [36mdir=[0m"D:\\helm_clones_artifacthub\\cloudnative-pg__charts"
[90m1:22AM[0m [33mWRN[0m [1mChart not in catalog – skipping[0m [36mchart=[0m"D:\\helm_clones_artifacthub\\cloudnative-pg__charts\\charts\\cluster"
[90m1:22AM[0m [33mWRN[0m [1mChart not in catalog – skipping[0m [36mchart=[0m"D:\\helm_clones_artifacthub\\cloudnative-pg__charts\\charts\\plugin-barman-cloud"
[90m1:22AM[0m [32mINF[0m [1mProcessing repo[0m [36mrepo=[0mfluent/fluent-bit [36mrepo_index=[0m33 [36mtotal=[0m486
[90m1:22AM[0m [32mINF[0m [1mAlready cloned – skipping[0m [36mdir=[0m"D:\\helm_clones_artifacthub\\fluent__fluent-bit"
[90m1:22AM[0m [33mWRN[0m [1mNo charts found – skipping[0m [36mrepo=[0mfluent/fluent-bit
[90m1:22AM[0m [32mINF[0m [1mProcessing repo[0m [36mrepo=[0mDataDog/datadog-agent [36mrepo_index=[0m34 [36mtotal=[0m486
[90m1:22AM[0m [32mINF[0m [1mAlready cloned – skipping[0m [36mdir=[0m"D:\\helm_clones_artifacthub\\DataDog__datadog-agent"
[90m1:22AM[0m [33mWRN[0m [1mNo charts found – skipping[0m [36mrepo=[0mDataDog/datadog-agent
[90m1:22AM[0m [32mINF[0m [1mProcessing repo[0m [36mrepo=[0mrowanruseler/helm-charts [36mrepo_index=[0m35 [36mtotal=[0m486
[90m1:22AM[0m [32mINF[0m [1mAlready cloned – skipping[0m [36mdir=[0m"D:\\helm_clones_artifacthub\\rowanruseler__helm-charts"
[90m1:22AM[0m [32mINF[0m [1mProcessing repo[0m [36mrepo=[0moauth2-proxy/manifests [36mrepo_index=[0m36 [36mtotal=[0m486
[90m1:22AM[0m [32mINF[0m [1mAlready cloned – skipping[0m [36mdir=[0m"D:\\helm_clones_artifacthub\\oauth2-proxy__manifests"
[90m1:22AM[0m [32mINF[0m [1mProcessing repo[0m [36mrepo=[0mgoauthentik/helm [36mrepo_index=[0m37 [36mtotal=[0m486
[90m1:22AM[0m [32mINF[0m [1mAlready cloned – skipping[0m [36mdir=[0m"D:\\helm_clones_artifacthub\\goauthentik__helm"
[90m1:22AM[0m [32mINF[0m [1mProcessing repo[0m [36mrepo=[0mbitnami-labs/sealed-secrets [36mrepo_index=[0m38 [36mtotal=[0m486
[90m1:22AM[0m [32mINF[0m [1mAlready cloned – skipping[0m [36mdir=[0m"D:\\helm_clones_artifacthub\\bitnami-labs__sealed-secrets"
[90m1:22AM[0m [32mINF[0m [1mProcessing repo[0m [36mrepo=[0mnginx/kubernetes-ingress [36mrepo_index=[0m39 [36mtotal=[0m486
[90m1:22AM[0m [32mINF[0m [1mAlready cloned – skipping[0m [36mdir=[0m"D:\\helm_clones_artifacthub\\nginx__kubernetes-ingress"
[90m1:22AM[0m [32mINF[0m [1mProcessing repo[0m [36mrepo=[0mkubernetes-sigs/nfs-subdir-external-provisioner [36mrepo_index=[0m40 [36mtotal=[0m486
[90m1:22AM[0m [32mINF[0m [1mAlready cloned – skipping[0m [36mdir=[0m"D:\\helm_clones_artifacthub\\kubernetes-sigs__nfs-subdir-external-provisioner"
[90m1:22AM[0m [32mINF[0m [1mProcessing repo[0m [36mrepo=[0mkedacore/keda [36mrepo_index=[0m41 [36mtotal=[0m486
[90m1:22AM[0m [32mINF[0m [1mAlready cloned – skipping[0m [36mdir=[0m"D:\\helm_clones_artifacthub\\kedacore__keda"
[90m1:22AM[0m [33mWRN[0m [1mNo charts found – skipping[0m [36mrepo=[0mkedacore/keda
[90m1:22AM[0m [32mINF[0m [1mProcessing repo[0m [36mrepo=[0martifacthub/hub [36mrepo_index=[0m42 [36mtotal=[0m486
[90m1:22AM[0m [32mINF[0m [1mAlready cloned – skipping[0m [36mdir=[0m"D:\\helm_clones_artifacthub\\artifacthub__hub"
[90m1:22AM[0m [32mINF[0m [1mProcessing repo[0m [36mrepo=[0mMoJo2600/pihole-kubernetes [36mrepo_index=[0m43 [36mtotal=[0m486
[90m1:22AM[0m [32mINF[0m [1mAlready cloned – skipping[0m [36mdir=[0m"D:\\helm_clones_artifacthub\\MoJo2600__pihole-kubernetes"
[90m1:22AM[0m [32mINF[0m [1mProcessing repo[0m [36mrepo=[0mhashicorp/consul-k8s [36mrepo_index=[0m44 [36mtotal=[0m486
[90m1:22AM[0m [32mINF[0m [1mAlready cloned – skipping[0m [36mdir=[0m"D:\\helm_clones_artifacthub\\hashicorp__consul-k8s"
[90m1:22AM[0m [32mINF[0m [1mProcessing repo[0m [36mrepo=[0mcommunity-charts/helm-charts [36mrepo_index=[0m45 [36mtotal=[0m486
[90m1:22AM[0m [32mINF[0m [1mAlready cloned – skipping[0m [36mdir=[0m"D:\\helm_clones_artifacthub\\community-charts__helm-charts"
[90m1:22AM[0m [33mWRN[0m [1mChart not in catalog – skipping[0m [36mchart=[0m"D:\\helm_clones_artifacthub\\community-charts__helm-charts\\charts\\mlflow"
[90m1:22AM[0m [33mWRN[0m [1mChart not in catalog – skipping[0m [36mchart=[0m"D:\\helm_clones_artifacthub\\community-charts__helm-charts\\charts\\n8n"
[90m1:22AM[0m [33mWRN[0m [1mChart not in catalog – skipping[0m [36mchart=[0m"D:\\helm_clones_artifacthub\\community-charts__helm-charts\\charts\\outline"
[90m1:22AM[0m [33mWRN[0m [1mChart not in catalog – skipping[0m [36mchart=[0m"D:\\helm_clones_artifacthub\\community-charts__helm-charts\\charts\\pypiserver"
[90m1:22AM[0m [32mINF[0m [1mProcessing repo[0m [36mrepo=[0melastic/cloud-on-k8s [36mrepo_index=[0m46 [36mtotal=[0m486
[90m1:22AM[0m [32mINF[0m [1mAlready cloned – skipping[0m [36mdir=[0m"D:\\helm_clones_artifacthub\\elastic__cloud-on-k8s"
[90m1:22AM[0m [32mINF[0m [1mProcessing repo[0m [36mrepo=[0mkubernetes-sigs/descheduler [36mrepo_index=[0m47 [36mtotal=[0m486
[90m1:22AM[0m [32mINF[0m [1mAlready cloned – skipping[0m [36mdir=[0m"D:\\helm_clones_artifacthub\\kubernetes-sigs__descheduler"
[90m1:22AM[0m [32mINF[0m [1mProcessing repo[0m [36mrepo=[0mprometheus/blackbox_exporter [36mrepo_index=[0m48 [36mtotal=[0m486
[90m1:22AM[0m [32mINF[0m [1mAlready cloned – skipping[0m [36mdir=[0m"D:\\helm_clones_artifacthub\\prometheus__blackbox_exporter"
[90m1:22AM[0m [33mWRN[0m [1mNo charts found – skipping[0m [36mrepo=[0mprometheus/blackbox_exporter
[90m1:22AM[0m [32mINF[0m [1mProcessing repo[0m [36mrepo=[0mstakater/Reloader [36mrepo_index=[0m49 [36mtotal=[0m486
[90m1:22AM[0m [32mINF[0m [1mAlready cloned – skipping[0m [36mdir=[0m"D:\\helm_clones_artifacthub\\stakater__Reloader"
[90m1:22AM[0m [32mINF[0m [1mProcessing repo[0m [36mrepo=[0mjupyterhub/zero-to-jupyterhub-k8s [36mrepo_index=[0m50 [36mtotal=[0m486
[90m1:22AM[0m [32mINF[0m [1mAlready cloned – skipping[0m [36mdir=[0m"D:\\helm_clones_artifacthub\\jupyterhub__zero-to-jupyterhub-k8s"
[90m1:22AM[0m [32mINF[0m [1mProcessing repo[0m [36mrepo=[0margoproj/argo-rollouts [36mrepo_index=[0m51 [36mtotal=[0m486
[90m1:22AM[0m [32mINF[0m [1mAlready cloned – skipping[0m [36mdir=[0m"D:\\helm_clones_artifacthub\\argoproj__argo-rollouts"
[90m1:22AM[0m [32mINF[0m [1mProcessing repo[0m [36mrepo=[0mjaegertracing/helm-charts [36mrepo_index=[0m52 [36mtotal=[0m486
[90m1:22AM[0m [32mINF[0m [1mAlready cloned – skipping[0m [36mdir=[0m"D:\\helm_clones_artifacthub\\jaegertracing__helm-charts"
[90m1:22AM[0m [32mINF[0m [1mProcessing repo[0m [36mrepo=[0mprometheus-operator/prometheus-operator [36mrepo_index=[0m53 [36mtotal=[0m486
[90m1:22AM[0m [32mINF[0m [1mAlready cloned – skipping[0m [36mdir=[0m"D:\\helm_clones_artifacthub\\prometheus-operator__prometheus-operator"
[90m1:22AM[0m [33mWRN[0m [1mNo charts found – skipping[0m [36mrepo=[0mprometheus-operator/prometheus-operator
[90m1:22AM[0m [32mINF[0m [1mProcessing repo[0m [36mrepo=[0mmetabase/metabase [36mrepo_index=[0m54 [36mtotal=[0m486
[90m1:22AM[0m [32mINF[0m [1mAlready cloned – skipping[0m [36mdir=[0m"D:\\helm_clones_artifacthub\\metabase__metabase"
[90m1:22AM[0m [33mWRN[0m [1mNo charts found – skipping[0m [36mrepo=[0mmetabase/metabase
[90m1:22AM[0m [32mINF[0m [1mProcessing repo[0m [36mrepo=[0mnats-io/k8s [36mrepo_index=[0m55 [36mtotal=[0m486
[90m1:22AM[0m [32mINF[0m [1mAlready cloned – skipping[0m [36mdir=[0m"D:\\helm_clones_artifacthub\\nats-io__k8s"
[90m1:22AM[0m [32mINF[0m [1mProcessing repo[0m [36mrepo=[0m8gears/n8n-helm-chart [36mrepo_index=[0m56 [36mtotal=[0m486
[90m1:22AM[0m [32mINF[0m [1mAlready cloned – skipping[0m [36mdir=[0m"D:\\helm_clones_artifacthub\\8gears__n8n-helm-chart"
[90m1:22AM[0m [32mINF[0m [1mProcessing repo[0m [36mrepo=[0mdexidp/dex [36mrepo_index=[0m57 [36mtotal=[0m486
[90m1:22AM[0m [32mINF[0m [1mAlready cloned – skipping[0m [36mdir=[0m"D:\\helm_clones_artifacthub\\dexidp__dex"
[90m1:22AM[0m [33mWRN[0m [1mNo charts found – skipping[0m [36mrepo=[0mdexidp/dex
[90m1:22AM[0m [32mINF[0m [1mProcessing repo[0m [36mrepo=[0margoproj-labs/argocd-image-updater [36mrepo_index=[0m58 [36mtotal=[0m486
[90m1:22AM[0m [32mINF[0m [1mAlready cloned – skipping[0m [36mdir=[0m"D:\\helm_clones_artifacthub\\argoproj-labs__argocd-image-updater"
[90m1:22AM[0m [32mINF[0m [1mProcessing repo[0m [36mrepo=[0mdirsigler/uptime-kuma-helm [36mrepo_index=[0m59 [36mtotal=[0m486
[90m1:22AM[0m [32mINF[0m [1mAlready cloned – skipping[0m [36mdir=[0m"D:\\helm_clones_artifacthub\\dirsigler__uptime-kuma-helm"
[90m1:22AM[0m [32mINF[0m [1mProcessing repo[0m [36mrepo=[0mbenc-uk/kubeview [36mrepo_index=[0m60 [36mtotal=[0m486
[90m1:22AM[0m [32mINF[0m [1mAlready cloned – skipping[0m [36mdir=[0m"D:\\helm_clones_artifacthub\\benc-uk__kubeview"
[90m1:22AM[0m [32mINF[0m [1mProcessing repo[0m [36mrepo=[0mairflow-helm/charts [36mrepo_index=[0m61 [36mtotal=[0m486
[90m1:22AM[0m [32mINF[0m [1mAlready cloned – skipping[0m [36mdir=[0m"D:\\helm_clones_artifacthub\\airflow-helm__charts"
[90m1:22AM[0m [32mINF[0m [1mProcessing repo[0m [36mrepo=[0mrenovatebot/renovate [36mrepo_index=[0m62 [36mtotal=[0m486
[90m1:22AM[0m [32mINF[0m [1mAlready cloned – skipping[0m [36mdir=[0m"D:\\helm_clones_artifacthub\\renovatebot__renovate"
[90m1:22AM[0m [32mINF[0m [1mProcessing repo[0m [36mrepo=[0mkubernetes-sigs/nfs-ganesha-server-and-external-provisioner [36mrepo_index=[0m63 [36mtotal=[0m486
[90m1:22AM[0m [32mINF[0m [1mAlready cloned – skipping[0m [36mdir=[0m"D:\\helm_clones_artifacthub\\kubernetes-sigs__nfs-ganesha-server-and-external-provisioner"
[90m1:22AM[0m [32mINF[0m [1mProcessing repo[0m [36mrepo=[0mjimmidyson/configmap-reload [36mrepo_index=[0m64 [36mtotal=[0m486
[90m1:22AM[0m [32mINF[0m [1mAlready cloned – skipping[0m [36mdir=[0m"D:\\helm_clones_artifacthub\\jimmidyson__configmap-reload"
[90m1:22AM[0m [33mWRN[0m [1mNo charts found – skipping[0m [36mrepo=[0mjimmidyson/configmap-reload
[90m1:22AM[0m [32mINF[0m [1mProcessing repo[0m [36mrepo=[0motwld/ollama-helm [36mrepo_index=[0m65 [36mtotal=[0m486
[90m1:22AM[0m [32mINF[0m [1mAlready cloned – skipping[0m [36mdir=[0m"D:\\helm_clones_artifacthub\\otwld__ollama-helm"
[90m1:22AM[0m [32mINF[0m [1mProcessing repo[0m [36mrepo=[0mfalcosecurity/charts [36mrepo_index=[0m66 [36mtotal=[0m486
[90m1:22AM[0m [32mINF[0m [1mAlready cloned – skipping[0m [36mdir=[0m"D:\\helm_clones_artifacthub\\falcosecurity__charts"
[90m1:22AM[0m [32mINF[0m [1mProcessing repo[0m [36mrepo=[0mapache/superset [36mrepo_index=[0m67 [36mtotal=[0m486
[90m1:22AM[0m [32mINF[0m [1mAlready cloned – skipping[0m [36mdir=[0m"D:\\helm_clones_artifacthub\\apache__superset"
[90m1:22AM[0m [32mINF[0m [1mProcessing repo[0m [36mrepo=[0mchartmuseum/charts [36mrepo_index=[0m68 [36mtotal=[0m486
[90m1:22AM[0m [32mINF[0m [1mAlready cloned – skipping[0m [36mdir=[0m"D:\\helm_clones_artifacthub\\chartmuseum__charts"
[90m1:22AM[0m [32mINF[0m [1mProcessing repo[0m [36mrepo=[0mkubernetes-sigs/headlamp [36mrepo_index=[0m69 [36mtotal=[0m486
[90m1:22AM[0m [32mINF[0m [1mAlready cloned – skipping[0m [36mdir=[0m"D:\\helm_clones_artifacthub\\kubernetes-sigs__headlamp"
[90m1:22AM[0m [32mINF[0m [1mProcessing repo[0m [36mrepo=[0mprometheus/node_exporter [36mrepo_index=[0m70 [36mtotal=[0m486
[90m1:22AM[0m [32mINF[0m [1mAlready cloned – skipping[0m [36mdir=[0m"D:\\helm_clones_artifacthub\\prometheus__node_exporter"
[90m1:22AM[0m [33mWRN[0m [1mNo charts found – skipping[0m [36mrepo=[0mprometheus/node_exporter
[90m1:22AM[0m [32mINF[0m [1mProcessing repo[0m [36mrepo=[0mminio/operator [36mrepo_index=[0m71 [36mtotal=[0m486
[90m1:22AM[0m [32mINF[0m [1mAlready cloned – skipping[0m [36mdir=[0m"D:\\helm_clones_artifacthub\\minio__operator"
[90m1:22AM[0m [32mINF[0m [1mProcessing repo[0m [36mrepo=[0mKong/charts [36mrepo_index=[0m72 [36mtotal=[0m486
[90m1:22AM[0m [32mINF[0m [1mAlready cloned – skipping[0m [36mdir=[0m"D:\\helm_clones_artifacthub\\Kong__charts"
[90m1:22AM[0m [33mWRN[0m [1mChart not in catalog – skipping[0m [36mchart=[0m"D:\\helm_clones_artifacthub\\Kong__charts\\charts\\kong"
[90m1:22AM[0m [33mWRN[0m [1mChart not in catalog – skipping[0m [36mchart=[0m"D:\\helm_clones_artifacthub\\Kong__charts\\charts\\kong-operator"
[90m1:22AM[0m [33mWRN[0m [1mChart not in catalog – skipping[0m [36mchart=[0m"D:\\helm_clones_artifacthub\\Kong__charts\\charts\\kong-operator\\charts\\gwapi-experimental-crds"
[90m1:22AM[0m [33mWRN[0m [1mChart not in catalog – skipping[0m [36mchart=[0m"D:\\helm_clones_artifacthub\\Kong__charts\\charts\\kong-operator\\charts\\gwapi-standard-crds"
[90m1:22AM[0m [33mWRN[0m [1mChart not in catalog – skipping[0m [36mchart=[0m"D:\\helm_clones_artifacthub\\Kong__charts\\charts\\kong-operator\\charts\\ko-crds"
[90m1:22AM[0m [32mINF[0m [1mProcessing repo[0m [36mrepo=[0mhaproxy/haproxy [36mrepo_index=[0m73 [36mtotal=[0m486
[90m1:22AM[0m [32mINF[0m [1mAlready cloned – skipping[0m [36mdir=[0m"D:\\helm_clones_artifacthub\\haproxy__haproxy"
[90m1:22AM[0m [33mWRN[0m [1mNo charts found – skipping[0m [36mrepo=[0mhaproxy/haproxy
[90m1:22AM[0m [32mINF[0m [1mProcessing repo[0m [36mrepo=[0mopen-telemetry/opentelemetry-collector [36mrepo_index=[0m74 [36mtotal=[0m486
[90m1:22AM[0m [32mINF[0m [1mAlready cloned – skipping[0m [36mdir=[0m"D:\\helm_clones_artifacthub\\open-telemetry__opentelemetry-collector"
[90m1:22AM[0m [33mWRN[0m [1mNo charts found – skipping[0m [36mrepo=[0mopen-telemetry/opentelemetry-collector
[90m1:22AM[0m [32mINF[0m [1mProcessing repo[0m [36mrepo=[0mrook/rook [36mrepo_index=[0m75 [36mtotal=[0m486
[90m1:22AM[0m [32mINF[0m [1mAlready cloned – skipping[0m [36mdir=[0m"D:\\helm_clones_artifacthub\\rook__rook"
[90m1:22AM[0m [33mWRN[0m [1mChart not in catalog – skipping[0m [36mchart=[0m"D:\\helm_clones_artifacthub\\rook__rook\\deploy\\charts\\rook-ceph-cluster"
[90m1:22AM[0m [32mINF[0m [1mProcessing repo[0m [36mrepo=[0maquasecurity/helm-charts [36mrepo_index=[0m76 [36mtotal=[0m486
[90m1:22AM[0m [32mINF[0m [1mAlready cloned – skipping[0m [36mdir=[0m"D:\\helm_clones_artifacthub\\aquasecurity__helm-charts"
[90m1:22AM[0m [33mWRN[0m [1mNo charts found – skipping[0m [36mrepo=[0maquasecurity/helm-charts
[90m1:22AM[0m [32mINF[0m [1mProcessing repo[0m [36mrepo=[0margoproj/argo-events [36mrepo_index=[0m77 [36mtotal=[0m486
[90m1:22AM[0m [32mINF[0m [1mAlready cloned – skipping[0m [36mdir=[0m"D:\\helm_clones_artifacthub\\argoproj__argo-events"
[90m1:22AM[0m [33mWRN[0m [1mNo charts found – skipping[0m [36mrepo=[0margoproj/argo-events
[90m1:22AM[0m [32mINF[0m [1mProcessing repo[0m [36mrepo=[0mdocker/distribution-library-image [36mrepo_index=[0m78 [36mtotal=[0m486
[90m1:22AM[0m [32mINF[0m [1mAlready cloned – skipping[0m [36mdir=[0m"D:\\helm_clones_artifacthub\\docker__distribution-library-image"
[90m1:22AM[0m [33mWRN[0m [1mNo charts found – skipping[0m [36mrepo=[0mdocker/distribution-library-image
[90m1:22AM[0m [32mINF[0m [1mProcessing repo[0m [36mrepo=[0mcodecentric/helm-charts [36mrepo_index=[0m79 [36mtotal=[0m486
[90m1:22AM[0m [32mINF[0m [1mAlready cloned – skipping[0m [36mdir=[0m"D:\\helm_clones_artifacthub\\codecentric__helm-charts"
[90m1:22AM[0m [33mWRN[0m [1mChart not in catalog – skipping[0m [36mchart=[0m"D:\\helm_clones_artifacthub\\codecentric__helm-charts\\charts\\keycloakx"
[90m1:22AM[0m [33mWRN[0m [1mChart not in catalog – skipping[0m [36mchart=[0m"D:\\helm_clones_artifacthub\\codecentric__helm-charts\\charts\\mailhog"
[90m1:22AM[0m [32mINF[0m [1mProcessing repo[0m [36mrepo=[0mitzg/minecraft-server-charts [36mrepo_index=[0m80 [36mtotal=[0m486
[90m1:22AM[0m [32mINF[0m [1mAlready cloned – skipping[0m [36mdir=[0m"D:\\helm_clones_artifacthub\\itzg__minecraft-server-charts"
[90m1:22AM[0m [32mINF[0m [1mProcessing repo[0m [36mrepo=[0mopensearch-project/opensearch [36mrepo_index=[0m81 [36mtotal=[0m486
[90m1:22AM[0m [32mINF[0m [1mAlready cloned – skipping[0m [36mdir=[0m"D:\\helm_clones_artifacthub\\opensearch-project__opensearch"
[90m1:22AM[0m [33mWRN[0m [1mNo charts found – skipping[0m [36mrepo=[0mopensearch-project/opensearch
[90m1:22AM[0m [32mINF[0m [1mProcessing repo[0m [36mrepo=[0mprometheus-community/postgres_exporter [36mrepo_index=[0m82 [36mtotal=[0m486
[90m1:22AM[0m [32mINF[0m [1mAlready cloned – skipping[0m [36mdir=[0m"D:\\helm_clones_artifacthub\\prometheus-community__postgres_exporter"
[90m1:22AM[0m [33mWRN[0m [1mNo charts found – skipping[0m [36mrepo=[0mprometheus-community/postgres_exporter
[90m1:22AM[0m [32mINF[0m [1mProcessing repo[0m [36mrepo=[0mkubereboot/kured [36mrepo_index=[0m83 [36mtotal=[0m486
[90m1:22AM[0m [32mINF[0m [1mAlready cloned – skipping[0m [36mdir=[0m"D:\\helm_clones_artifacthub\\kubereboot__kured"
[90m1:22AM[0m [33mWRN[0m [1mNo charts found – skipping[0m [36mrepo=[0mkubereboot/kured
[90m1:22AM[0m [32mINF[0m [1mProcessing repo[0m [36mrepo=[0mVictoriaMetrics/helm-charts [36mrepo_index=[0m84 [36mtotal=[0m486
[90m1:22AM[0m [32mINF[0m [1mAlready cloned – skipping[0m [36mdir=[0m"D:\\helm_clones_artifacthub\\VictoriaMetrics__helm-charts"
[90m1:22AM[0m [33mWRN[0m [1mChart not in catalog – skipping[0m [36mchart=[0m"D:\\helm_clones_artifacthub\\VictoriaMetrics__helm-charts\\charts\\victoria-logs-collector"
[90m1:22AM[0m [33mWRN[0m [1mChart not in catalog – skipping[0m [36mchart=[0m"D:\\helm_clones_artifacthub\\VictoriaMetrics__helm-charts\\charts\\victoria-logs-mcp"
[90m1:22AM[0m [33mWRN[0m [1mChart not in catalog – skipping[0m [36mchart=[0m"D:\\helm_clones_artifacthub\\VictoriaMetrics__helm-charts\\charts\\victoria-logs-multilevel"
[90m1:22AM[0m [33mWRN[0m [1mChart not in catalog – skipping[0m [36mchart=[0m"D:\\helm_clones_artifacthub\\VictoriaMetrics__helm-charts\\charts\\victoria-logs-single"
[90m1:22AM[0m [33mWRN[0m [1mChart not in catalog – skipping[0m [36mchart=[0m"D:\\helm_clones_artifacthub\\VictoriaMetrics__helm-charts\\charts\\victoria-metrics-agent"
[90m1:22AM[0m [33mWRN[0m [1mChart not in catalog – skipping[0m [36mchart=[0m"D:\\helm_clones_artifacthub\\VictoriaMetrics__helm-charts\\charts\\victoria-metrics-alert"
[90m1:22AM[0m [33mWRN[0m [1mChart not in catalog – skipping[0m [36mchart=[0m"D:\\helm_clones_artifacthub\\VictoriaMetrics__helm-charts\\charts\\victoria-metrics-anomaly"
[90m1:22AM[0m [33mWRN[0m [1mChart not in catalog – skipping[0m [36mchart=[0m"D:\\helm_clones_artifacthub\\VictoriaMetrics__helm-charts\\charts\\victoria-metrics-auth"
[90m1:22AM[0m [33mWRN[0m [1mChart not in catalog – skipping[0m [36mchart=[0m"D:\\helm_clones_artifacthub\\VictoriaMetrics__helm-charts\\charts\\victoria-metrics-cluster"
[90m1:22AM[0m [33mWRN[0m [1mChart not in catalog – skipping[0m [36mchart=[0m"D:\\helm_clones_artifacthub\\VictoriaMetrics__helm-charts\\charts\\victoria-metrics-common"
[90m1:22AM[0m [33mWRN[0m [1mChart not in catalog – skipping[0m [36mchart=[0m"D:\\helm_clones_artifacthub\\VictoriaMetrics__helm-charts\\charts\\victoria-metrics-distributed"
[90m1:22AM[0m [33mWRN[0m [1mChart not in catalog – skipping[0m [36mchart=[0m"D:\\helm_clones_artifacthub\\VictoriaMetrics__helm-charts\\charts\\victoria-metrics-gateway"
[90m1:22AM[0m [33mWRN[0m [1mChart not in catalog – skipping[0m [36mchart=[0m"D:\\helm_clones_artifacthub\\VictoriaMetrics__helm-charts\\charts\\victoria-metrics-k8s-stack"
[90m1:22AM[0m [33mWRN[0m [1mChart not in catalog – skipping[0m [36mchart=[0m"D:\\helm_clones_artifacthub\\VictoriaMetrics__helm-charts\\charts\\victoria-metrics-mcp"
[90m1:22AM[0m [33mWRN[0m [1mChart not in catalog – skipping[0m [36mchart=[0m"D:\\helm_clones_artifacthub\\VictoriaMetrics__helm-charts\\charts\\victoria-metrics-operator"
[90m1:22AM[0m [33mWRN[0m [1mChart not in catalog – skipping[0m [36mchart=[0m"D:\\helm_clones_artifacthub\\VictoriaMetrics__helm-charts\\charts\\victoria-metrics-operator\\charts\\crds"
[90m1:22AM[0m [33mWRN[0m [1mChart not in catalog – skipping[0m [36mchart=[0m"D:\\helm_clones_artifacthub\\VictoriaMetrics__helm-charts\\charts\\victoria-metrics-operator-crds"
[90m1:22AM[0m [33mWRN[0m [1mChart not in catalog – skipping[0m [36mchart=[0m"D:\\helm_clones_artifacthub\\VictoriaMetrics__helm-charts\\charts\\victoria-metrics-operator-crds\\charts\\crds"
[90m1:22AM[0m [33mWRN[0m [1mChart not in catalog – skipping[0m [36mchart=[0m"D:\\helm_clones_artifacthub\\VictoriaMetrics__helm-charts\\charts\\victoria-metrics-single"
[90m1:22AM[0m [33mWRN[0m [1mChart not in catalog – skipping[0m [36mchart=[0m"D:\\helm_clones_artifacthub\\VictoriaMetrics__helm-charts\\charts\\victoria-traces-cluster"
[90m1:22AM[0m [33mWRN[0m [1mChart not in catalog – skipping[0m [36mchart=[0m"D:\\helm_clones_artifacthub\\VictoriaMetrics__helm-charts\\charts\\victoria-traces-single"
[90m1:22AM[0m [33mWRN[0m [1mChart not in catalog – skipping[0m [36mchart=[0m"D:\\helm_clones_artifacthub\\VictoriaMetrics__helm-charts\\test-charts\\victoria-metrics-common"
[90m1:22AM[0m [32mINF[0m [1mProcessing repo[0m [36mrepo=[0mopenebs/openebs [36mrepo_index=[0m85 [36mtotal=[0m486
[90m1:22AM[0m [32mINF[0m [1mAlready cloned – skipping[0m [36mdir=[0m"D:\\helm_clones_artifacthub\\openebs__openebs"
[90m1:22AM[0m [32mINF[0m [1mProcessing repo[0m [36mrepo=[0mkubernetes/charts [36mrepo_index=[0m86 [36mtotal=[0m486
[90m1:22AM[0m [32mINF[0m [1mAlready cloned – skipping[0m [36mdir=[0m"D:\\helm_clones_artifacthub\\kubernetes__charts"
[90m1:22AM[0m [33mWRN[0m [1mChart not in catalog – skipping[0m [36mchart=[0m"D:\\helm_clones_artifacthub\\kubernetes__charts\\incubator\\docker-registry"
[90m1:22AM[0m [33mWRN[0m [1mChart not in catalog – skipping[0m [36mchart=[0m"D:\\helm_clones_artifacthub\\kubernetes__charts\\incubator\\drone"
[90m1:22AM[0m [33mWRN[0m [1mChart not in catalog – skipping[0m [36mchart=[0m"D:\\helm_clones_artifacthub\\kubernetes__charts\\incubator\\druid"
[90m1:22AM[0m [33mWRN[0m [1mChart not in catalog – skipping[0m [36mchart=[0m"D:\\helm_clones_artifacthub\\kubernetes__charts\\incubator\\elastic-stack"
[90m1:22AM[0m [33mWRN[0m [1mChart not in catalog – skipping[0m [36mchart=[0m"D:\\helm_clones_artifacthub\\kubernetes__charts\\incubator\\elasticsearch"
[90m1:22AM[0m [33mWRN[0m [1mChart not in catalog – skipping[0m [36mchart=[0m"D:\\helm_clones_artifacthub\\kubernetes__charts\\incubator\\elasticsearch-curator"
[90m1:22AM[0m [33mWRN[0m [1mChart not in catalog – skipping[0m [36mchart=[0m"D:\\helm_clones_artifacthub\\kubernetes__charts\\incubator\\etcd"
[90m1:22AM[0m [33mWRN[0m [1mChart not in catalog – skipping[0m [36mchart=[0m"D:\\helm_clones_artifacthub\\kubernetes__charts\\incubator\\fluentd"
[90m1:22AM[0m [33mWRN[0m [1mChart not in catalog – skipping[0m [36mchart=[0m"D:\\helm_clones_artifacthub\\kubernetes__charts\\incubator\\fluentd-cloudwatch"
[90m1:22AM[0m [33mWRN[0m [1mChart not in catalog – skipping[0m [36mchart=[0m"D:\\helm_clones_artifacthub\\kubernetes__charts\\incubator\\fluentd-elasticsearch"
[90m1:22AM[0m [33mWRN[0m [1mChart not in catalog – skipping[0m [36mchart=[0m"D:\\helm_clones_artifacthub\\kubernetes__charts\\incubator\\gocd"
[90m1:22AM[0m [33mWRN[0m [1mChart not in catalog – skipping[0m [36mchart=[0m"D:\\helm_clones_artifacthub\\kubernetes__charts\\incubator\\gogs"
[90m1:22AM[0m [33mWRN[0m [1mChart not in catalog – skipping[0m [36mchart=[0m"D:\\helm_clones_artifacthub\\kubernetes__charts\\incubator\\goldfish"
[90m1:22AM[0m [33mWRN[0m [1mChart not in catalog – skipping[0m [36mchart=[0m"D:\\helm_clones_artifacthub\\kubernetes__charts\\incubator\\grafana"
[90m1:22AM[0m [33mWRN[0m [1mChart not in catalog – skipping[0m [36mchart=[0m"D:\\helm_clones_artifacthub\\kubernetes__charts\\incubator\\haproxy-ingress"
[90m1:22AM[0m [33mWRN[0m [1mChart not in catalog – skipping[0m [36mchart=[0m"D:\\helm_clones_artifacthub\\kubernetes__charts\\incubator\\honeydipper"
[90m1:22AM[0m [33mWRN[0m [1mChart not in catalog – skipping[0m [36mchart=[0m"D:\\helm_clones_artifacthub\\kubernetes__charts\\incubator\\hoverfly"
[90m1:22AM[0m [33mWRN[0m [1mChart not in catalog – skipping[0m [36mchart=[0m"D:\\helm_clones_artifacthub\\kubernetes__charts\\incubator\\istio"
[90m1:22AM[0m [33mWRN[0m [1mChart not in catalog – skipping[0m [36mchart=[0m"D:\\helm_clones_artifacthub\\kubernetes__charts\\incubator\\jaeger"
[90m1:22AM[0m [33mWRN[0m [1mChart not in catalog – skipping[0m [36mchart=[0m"D:\\helm_clones_artifacthub\\kubernetes__charts\\incubator\\jenkins-operator"
[90m1:22AM[0m [33mWRN[0m [1mChart not in catalog – skipping[0m [36mchart=[0m"D:\\helm_clones_artifacthub\\kubernetes__charts\\incubator\\kafka"
[90m1:22AM[0m [33mWRN[0m [1mChart not in catalog – skipping[0m [36mchart=[0m"D:\\helm_clones_artifacthub\\kubernetes__charts\\incubator\\keycloak"
[90m1:22AM[0m [33mWRN[0m [1mChart not in catalog – skipping[0m [36mchart=[0m"D:\\helm_clones_artifacthub\\kubernetes__charts\\incubator\\keycloak-proxy"
[90m1:22AM[0m [33mWRN[0m [1mChart not in catalog – skipping[0m [36mchart=[0m"D:\\helm_clones_artifacthub\\kubernetes__charts\\incubator\\kube-downscaler"
[90m1:22AM[0m [33mWRN[0m [1mChart not in catalog – skipping[0m [36mchart=[0m"D:\\helm_clones_artifacthub\\kubernetes__charts\\incubator\\kube-janitor"
[90m1:22AM[0m [33mWRN[0m [1mChart not in catalog – skipping[0m [36mchart=[0m"D:\\helm_clones_artifacthub\\kubernetes__charts\\incubator\\kube-ops-view"
[90m1:22AM[0m [33mWRN[0m [1mChart not in catalog – skipping[0m [36mchart=[0m"D:\\helm_clones_artifacthub\\kubernetes__charts\\incubator\\kube-registry-proxy"
[90m1:22AM[0m [33mWRN[0m [1mChart not in catalog – skipping[0m [36mchart=[0m"D:\\helm_clones_artifacthub\\kubernetes__charts\\incubator\\kube-spot-termination-notice-handler"
[90m1:22AM[0m [33mWRN[0m [1mChart not in catalog – skipping[0m [36mchart=[0m"D:\\helm_clones_artifacthub\\kubernetes__charts\\incubator\\kubeless"
[90m1:22AM[0m [33mWRN[0m [1mChart not in catalog – skipping[0m [36mchart=[0m"D:\\helm_clones_artifacthub\\kubernetes__charts\\incubator\\kubernetes-vault"
[90m1:22AM[0m [33mWRN[0m [1mChart not in catalog – skipping[0m [36mchart=[0m"D:\\helm_clones_artifacthub\\kubernetes__charts\\incubator\\kubewatch"
[90m1:22AM[0m [33mWRN[0m [1mChart not in catalog – skipping[0m [36mchart=[0m"D:\\helm_clones_artifacthub\\kubernetes__charts\\incubator\\logstash"
[90m1:22AM[0m [33mWRN[0m [1mChart not in catalog – skipping[0m [36mchart=[0m"D:\\helm_clones_artifacthub\\kubernetes__charts\\incubator\\mongodb"
[90m1:22AM[0m [33mWRN[0m [1mChart not in catalog – skipping[0m [36mchart=[0m"D:\\helm_clones_artifacthub\\kubernetes__charts\\incubator\\mongodb-replicaset"
[90m1:22AM[0m [33mWRN[0m [1mChart not in catalog – skipping[0m [36mchart=[0m"D:\\helm_clones_artifacthub\\kubernetes__charts\\incubator\\mysqlha"
[90m1:22AM[0m [33mWRN[0m [1mChart not in catalog – skipping[0m [36mchart=[0m"D:\\helm_clones_artifacthub\\kubernetes__charts\\incubator\\neo4j"
[90m1:22AM[0m [33mWRN[0m [1mChart not in catalog – skipping[0m [36mchart=[0m"D:\\helm_clones_artifacthub\\kubernetes__charts\\incubator\\oauth-proxy"
[90m1:22AM[0m [33mWRN[0m [1mChart not in catalog – skipping[0m [36mchart=[0m"D:\\helm_clones_artifacthub\\kubernetes__charts\\incubator\\orientdb"
[90m1:22AM[0m [33mWRN[0m [1mChart not in catalog – skipping[0m [36mchart=[0m"D:\\helm_clones_artifacthub\\kubernetes__charts\\incubator\\patroni"
[90m1:22AM[0m [33mWRN[0m [1mChart not in catalog – skipping[0m [36mchart=[0m"D:\\helm_clones_artifacthub\\kubernetes__charts\\incubator\\prometheus"
[90m1:22AM[0m [33mWRN[0m [1mChart not in catalog – skipping[0m [36mchart=[0m"D:\\helm_clones_artifacthub\\kubernetes__charts\\incubator\\puppet-forge"
[90m1:22AM[0m [33mWRN[0m [1mChart not in catalog – skipping[0m [36mchart=[0m"D:\\helm_clones_artifacthub\\kubernetes__charts\\incubator\\raw"
[90m1:22AM[0m [33mWRN[0m [1mChart not in catalog – skipping[0m [36mchart=[0m"D:\\helm_clones_artifacthub\\kubernetes__charts\\incubator\\redis-cache"
[90m1:22AM[0m [33mWRN[0m [1mChart not in catalog – skipping[0m [36mchart=[0m"D:\\helm_clones_artifacthub\\kubernetes__charts\\incubator\\riemann"
[90m1:22AM[0m [33mWRN[0m [1mChart not in catalog – skipping[0m [36mchart=[0m"D:\\helm_clones_artifacthub\\kubernetes__charts\\incubator\\rundeck"
[90m1:22AM[0m [33mWRN[0m [1mChart not in catalog – skipping[0m [36mchart=[0m"D:\\helm_clones_artifacthub\\kubernetes__charts\\incubator\\schema-registry"
[90m1:22AM[0m [33mWRN[0m [1mChart not in catalog – skipping[0m [36mchart=[0m"D:\\helm_clones_artifacthub\\kubernetes__charts\\incubator\\sentry-kubernetes"
[90m1:22AM[0m [33mWRN[0m [1mChart not in catalog – skipping[0m [36mchart=[0m"D:\\helm_clones_artifacthub\\kubernetes__charts\\incubator\\solr"
[90m1:22AM[0m [33mWRN[0m [1mChart not in catalog – skipping[0m [36mchart=[0m"D:\\helm_clones_artifacthub\\kubernetes__charts\\incubator\\spark"
[90m1:22AM[0m [33mWRN[0m [1mChart not in catalog – skipping[0m [36mchart=[0m"D:\\helm_clones_artifacthub\\kubernetes__charts\\incubator\\sparkoperator"
[90m1:22AM[0m [33mWRN[0m [1mChart not in catalog – skipping[0m [36mchart=[0m"D:\\helm_clones_artifacthub\\kubernetes__charts\\incubator\\spring-cloud-data-flow"
[90m1:22AM[0m [33mWRN[0m [1mChart not in catalog – skipping[0m [36mchart=[0m"D:\\helm_clones_artifacthub\\kubernetes__charts\\incubator\\tensorflow-inception"
[90m1:22AM[0m [33mWRN[0m [1mChart not in catalog – skipping[0m [36mchart=[0m"D:\\helm_clones_artifacthub\\kubernetes__charts\\incubator\\vault"
[90m1:22AM[0m [33mWRN[0m [1mChart not in catalog – skipping[0m [36mchart=[0m"D:\\helm_clones_artifacthub\\kubernetes__charts\\incubator\\vaultingkube"
[90m1:22AM[0m [33mWRN[0m [1mChart not in catalog – skipping[0m [36mchart=[0m"D:\\helm_clones_artifacthub\\kubernetes__charts\\incubator\\webpagetest-agent"
[90m1:22AM[0m [33mWRN[0m [1mChart not in catalog – skipping[0m [36mchart=[0m"D:\\helm_clones_artifacthub\\kubernetes__charts\\incubator\\webpagetest-server"
[90m1:22AM[0m [33mWRN[0m [1mChart not in catalog – skipping[0m [36mchart=[0m"D:\\helm_clones_artifacthub\\kubernetes__charts\\incubator\\xray"
[90m1:22AM[0m [33mWRN[0m [1mChart not in catalog – skipping[0m [36mchart=[0m"D:\\helm_clones_artifacthub\\kubernetes__charts\\incubator\\zookeeper"
[90m1:22AM[0m [33mWRN[0m [1mChart not in catalog – skipping[0m [36mchart=[0m"D:\\helm_clones_artifacthub\\kubernetes__charts\\stable\\acs-engine-autoscaler"
[90m1:22AM[0m [33mWRN[0m [1mChart not in catalog – skipping[0m [36mchart=[0m"D:\\helm_clones_artifacthub\\kubernetes__charts\\stable\\aerospike"
[90m1:22AM[0m [33mWRN[0m [1mChart not in catalog – skipping[0m [36mchart=[0m"D:\\helm_clones_artifacthub\\kubernetes__charts\\stable\\airflow"
[90m1:22AM[0m [33mWRN[0m [1mChart not in catalog – skipping[0m [36mchart=[0m"D:\\helm_clones_artifacthub\\kubernetes__charts\\stable\\ambassador"
[90m1:22AM[0m [33mWRN[0m [1mChart not in catalog – skipping[0m [36mchart=[0m"D:\\helm_clones_artifacthub\\kubernetes__charts\\stable\\anchore-engine"
[90m1:22AM[0m [33mWRN[0m [1mChart not in catalog – skipping[0m [36mchart=[0m"D:\\helm_clones_artifacthub\\kubernetes__charts\\stable\\anchore-engine\\charts\\postgresql"
[90m1:22AM[0m [33mWRN[0m [1mChart not in catalog – skipping[0m [36mchart=[0m"D:\\helm_clones_artifacthub\\kubernetes__charts\\stable\\apm-server"
[90m1:22AM[0m [33mWRN[0m [1mChart not in catalog – skipping[0m [36mchart=[0m"D:\\helm_clones_artifacthub\\kubernetes__charts\\stable\\ark"
[90m1:22AM[0m [33mWRN[0m [1mChart not in catalog – skipping[0m [36mchart=[0m"D:\\helm_clones_artifacthub\\kubernetes__charts\\stable\\artifactory"
[90m1:22AM[0m [33mWRN[0m [1mChart not in catalog – skipping[0m [36mchart=[0m"D:\\helm_clones_artifacthub\\kubernetes__charts\\stable\\artifactory-ha"
[90m1:22AM[0m [33mWRN[0m [1mChart not in catalog – skipping[0m [36mchart=[0m"D:\\helm_clones_artifacthub\\kubernetes__charts\\stable\\atlantis"
[90m1:22AM[0m [33mWRN[0m [1mChart not in catalog – skipping[0m [36mchart=[0m"D:\\helm_clones_artifacthub\\kubernetes__charts\\stable\\auditbeat"
[90m1:22AM[0m [33mWRN[0m [1mChart not in catalog – skipping[0m [36mchart=[0m"D:\\helm_clones_artifacthub\\kubernetes__charts\\stable\\aws-cluster-autoscaler"
[90m1:22AM[0m [33mWRN[0m [1mChart not in catalog – skipping[0m [36mchart=[0m"D:\\helm_clones_artifacthub\\kubernetes__charts\\stable\\aws-iam-authenticator"
[90m1:22AM[0m [33mWRN[0m [1mChart not in catalog – skipping[0m [36mchart=[0m"D:\\helm_clones_artifacthub\\kubernetes__charts\\stable\\bitcoind"
[90m1:22AM[0m [33mWRN[0m [1mChart not in catalog – skipping[0m [36mchart=[0m"D:\\helm_clones_artifacthub\\kubernetes__charts\\stable\\bookstack"
[90m1:22AM[0m [33mWRN[0m [1mChart not in catalog – skipping[0m [36mchart=[0m"D:\\helm_clones_artifacthub\\kubernetes__charts\\stable\\buildkite"
[90m1:22AM[0m [33mWRN[0m [1mChart not in catalog – skipping[0m [36mchart=[0m"D:\\helm_clones_artifacthub\\kubernetes__charts\\stable\\burrow"
[90m1:22AM[0m [33mWRN[0m [1mChart not in catalog – skipping[0m [36mchart=[0m"D:\\helm_clones_artifacthub\\kubernetes__charts\\stable\\centrifugo"
[90m1:22AM[0m [33mWRN[0m [1mChart not in catalog – skipping[0m [36mchart=[0m"D:\\helm_clones_artifacthub\\kubernetes__charts\\stable\\cerebro"
[90m1:22AM[0m [33mWRN[0m [1mChart not in catalog – skipping[0m [36mchart=[0m"D:\\helm_clones_artifacthub\\kubernetes__charts\\stable\\cert-manager"
[90m1:22AM[0m [33mWRN[0m [1mChart not in catalog – skipping[0m [36mchart=[0m"D:\\helm_clones_artifacthub\\kubernetes__charts\\stable\\cert-manager\\webhook"
[90m1:22AM[0m [33mWRN[0m [1mChart not in catalog – skipping[0m [36mchart=[0m"D:\\helm_clones_artifacthub\\kubernetes__charts\\stable\\chaoskube"
[90m1:22AM[0m [33mWRN[0m [1mChart not in catalog – skipping[0m [36mchart=[0m"D:\\helm_clones_artifacthub\\kubernetes__charts\\stable\\chartmuseum"
[90m1:22AM[0m [33mWRN[0m [1mChart not in catalog – skipping[0m [36mchart=[0m"D:\\helm_clones_artifacthub\\kubernetes__charts\\stable\\chronograf"
[90m1:22AM[0m [33mWRN[0m [1mChart not in catalog – skipping[0m [36mchart=[0m"D:\\helm_clones_artifacthub\\kubernetes__charts\\stable\\clamav"
[90m1:22AM[0m [33mWRN[0m [1mChart not in catalog – skipping[0m [36mchart=[0m"D:\\helm_clones_artifacthub\\kubernetes__charts\\stable\\cloudserver"
[90m1:22AM[0m [33mWRN[0m [1mChart not in catalog – skipping[0m [36mchart=[0m"D:\\helm_clones_artifacthub\\kubernetes__charts\\stable\\cluster-autoscaler"
[90m1:22AM[0m [33mWRN[0m [1mChart not in catalog – skipping[0m [36mchart=[0m"D:\\helm_clones_artifacthub\\kubernetes__charts\\stable\\cluster-overprovisioner"
[90m1:22AM[0m [33mWRN[0m [1mChart not in catalog – skipping[0m [36mchart=[0m"D:\\helm_clones_artifacthub\\kubernetes__charts\\stable\\cockroachdb"
[90m1:22AM[0m [33mWRN[0m [1mChart not in catalog – skipping[0m [36mchart=[0m"D:\\helm_clones_artifacthub\\kubernetes__charts\\stable\\collabora-code"
[90m1:22AM[0m [33mWRN[0m [1mChart not in catalog – skipping[0m [36mchart=[0m"D:\\helm_clones_artifacthub\\kubernetes__charts\\stable\\concourse"
[90m1:22AM[0m [33mWRN[0m [1mChart not in catalog – skipping[0m [36mchart=[0m"D:\\helm_clones_artifacthub\\kubernetes__charts\\stable\\consul"
[90m1:22AM[0m [33mWRN[0m [1mChart not in catalog – skipping[0m [36mchart=[0m"D:\\helm_clones_artifacthub\\kubernetes__charts\\stable\\contour"
[90m1:22AM[0m [33mWRN[0m [1mChart not in catalog – skipping[0m [36mchart=[0m"D:\\helm_clones_artifacthub\\kubernetes__charts\\stable\\coredns"
[90m1:22AM[0m [33mWRN[0m [1mChart not in catalog – skipping[0m [36mchart=[0m"D:\\helm_clones_artifacthub\\kubernetes__charts\\stable\\cosbench"
[90m1:22AM[0m [33mWRN[0m [1mChart not in catalog – skipping[0m [36mchart=[0m"D:\\helm_clones_artifacthub\\kubernetes__charts\\stable\\coscale"
[90m1:22AM[0m [33mWRN[0m [1mChart not in catalog – skipping[0m [36mchart=[0m"D:\\helm_clones_artifacthub\\kubernetes__charts\\stable\\couchbase-operator"
[90m1:22AM[0m [33mWRN[0m [1mChart not in catalog – skipping[0m [36mchart=[0m"D:\\helm_clones_artifacthub\\kubernetes__charts\\stable\\couchdb"
[90m1:22AM[0m [33mWRN[0m [1mChart not in catalog – skipping[0m [36mchart=[0m"D:\\helm_clones_artifacthub\\kubernetes__charts\\stable\\dask"
[90m1:22AM[0m [33mWRN[0m [1mChart not in catalog – skipping[0m [36mchart=[0m"D:\\helm_clones_artifacthub\\kubernetes__charts\\stable\\dask-distributed"
[90m1:22AM[0m [33mWRN[0m [1mChart not in catalog – skipping[0m [36mchart=[0m"D:\\helm_clones_artifacthub\\kubernetes__charts\\stable\\datadog"
[90m1:22AM[0m [33mWRN[0m [1mChart not in catalog – skipping[0m [36mchart=[0m"D:\\helm_clones_artifacthub\\kubernetes__charts\\stable\\dex"
[90m1:22AM[0m [33mWRN[0m [1mChart not in catalog – skipping[0m [36mchart=[0m"D:\\helm_clones_artifacthub\\kubernetes__charts\\stable\\distributed-jmeter"
[90m1:22AM[0m [33mWRN[0m [1mChart not in catalog – skipping[0m [36mchart=[0m"D:\\helm_clones_artifacthub\\kubernetes__charts\\stable\\distributed-tensorflow"
[90m1:22AM[0m [33mWRN[0m [1mChart not in catalog – skipping[0m [36mchart=[0m"D:\\helm_clones_artifacthub\\kubernetes__charts\\stable\\distribution"
[90m1:22AM[0m [33mWRN[0m [1mChart not in catalog – skipping[0m [36mchart=[0m"D:\\helm_clones_artifacthub\\kubernetes__charts\\stable\\dmarc2logstash"
[90m1:22AM[0m [33mWRN[0m [1mChart not in catalog – skipping[0m [36mchart=[0m"D:\\helm_clones_artifacthub\\kubernetes__charts\\stable\\docker-registry"
[90m1:22AM[0m [33mWRN[0m [1mChart not in catalog – skipping[0m [36mchart=[0m"D:\\helm_clones_artifacthub\\kubernetes__charts\\stable\\dokuwiki"
[90m1:22AM[0m [33mWRN[0m [1mChart not in catalog – skipping[0m [36mchart=[0m"D:\\helm_clones_artifacthub\\kubernetes__charts\\stable\\drone"
[90m1:22AM[0m [33mWRN[0m [1mChart not in catalog – skipping[0m [36mchart=[0m"D:\\helm_clones_artifacthub\\kubernetes__charts\\stable\\drupal"
[90m1:22AM[0m [33mWRN[0m [1mChart not in catalog – skipping[0m [36mchart=[0m"D:\\helm_clones_artifacthub\\kubernetes__charts\\stable\\efs-provisioner"
[90m1:22AM[0m [33mWRN[0m [1mChart not in catalog – skipping[0m [36mchart=[0m"D:\\helm_clones_artifacthub\\kubernetes__charts\\stable\\elastabot"
[90m1:22AM[0m [33mWRN[0m [1mChart not in catalog – skipping[0m [36mchart=[0m"D:\\helm_clones_artifacthub\\kubernetes__charts\\stable\\elastalert"
[90m1:22AM[0m [33mWRN[0m [1mChart not in catalog – skipping[0m [36mchart=[0m"D:\\helm_clones_artifacthub\\kubernetes__charts\\stable\\elastic-stack"
[90m1:22AM[0m [33mWRN[0m [1mChart not in catalog – skipping[0m [36mchart=[0m"D:\\helm_clones_artifacthub\\kubernetes__charts\\stable\\elasticsearch"
[90m1:22AM[0m [33mWRN[0m [1mChart not in catalog – skipping[0m [36mchart=[0m"D:\\helm_clones_artifacthub\\kubernetes__charts\\stable\\elasticsearch-curator"
[90m1:22AM[0m [33mWRN[0m [1mChart not in catalog – skipping[0m [36mchart=[0m"D:\\helm_clones_artifacthub\\kubernetes__charts\\stable\\elasticsearch-exporter"
[90m1:22AM[0m [33mWRN[0m [1mChart not in catalog – skipping[0m [36mchart=[0m"D:\\helm_clones_artifacthub\\kubernetes__charts\\stable\\envoy"
[90m1:22AM[0m [33mWRN[0m [1mChart not in catalog – skipping[0m [36mchart=[0m"D:\\helm_clones_artifacthub\\kubernetes__charts\\stable\\etcd-operator"
[90m1:22AM[0m [33mWRN[0m [1mChart not in catalog – skipping[0m [36mchart=[0m"D:\\helm_clones_artifacthub\\kubernetes__charts\\stable\\ethereum"
[90m1:22AM[0m [33mWRN[0m [1mChart not in catalog – skipping[0m [36mchart=[0m"D:\\helm_clones_artifacthub\\kubernetes__charts\\stable\\eventrouter"
[90m1:22AM[0m [33mWRN[0m [1mChart not in catalog – skipping[0m [36mchart=[0m"D:\\helm_clones_artifacthub\\kubernetes__charts\\stable\\express-gateway"
[90m1:22AM[0m [33mWRN[0m [1mChart not in catalog – skipping[0m [36mchart=[0m"D:\\helm_clones_artifacthub\\kubernetes__charts\\stable\\external-dns"
[90m1:22AM[0m [33mWRN[0m [1mChart not in catalog – skipping[0m [36mchart=[0m"D:\\helm_clones_artifacthub\\kubernetes__charts\\stable\\factorio"
[90m1:22AM[0m [33mWRN[0m [1mChart not in catalog – skipping[0m [36mchart=[0m"D:\\helm_clones_artifacthub\\kubernetes__charts\\stable\\falco"
[90m1:22AM[0m [33mWRN[0m [1mChart not in catalog – skipping[0m [36mchart=[0m"D:\\helm_clones_artifacthub\\kubernetes__charts\\stable\\filebeat"
[90m1:22AM[0m [33mWRN[0m [1mChart not in catalog – skipping[0m [36mchart=[0m"D:\\helm_clones_artifacthub\\kubernetes__charts\\stable\\fluent-bit"
[90m1:22AM[0m [33mWRN[0m [1mChart not in catalog – skipping[0m [36mchart=[0m"D:\\helm_clones_artifacthub\\kubernetes__charts\\stable\\fluentd"
[90m1:22AM[0m [33mWRN[0m [1mChart not in catalog – skipping[0m [36mchart=[0m"D:\\helm_clones_artifacthub\\kubernetes__charts\\stable\\fluentd-elasticsearch"
[90m1:22AM[0m [33mWRN[0m [1mChart not in catalog – skipping[0m [36mchart=[0m"D:\\helm_clones_artifacthub\\kubernetes__charts\\stable\\g2"
[90m1:22AM[0m [33mWRN[0m [1mChart not in catalog – skipping[0m [36mchart=[0m"D:\\helm_clones_artifacthub\\kubernetes__charts\\stable\\gangway"
[90m1:22AM[0m [33mWRN[0m [1mChart not in catalog – skipping[0m [36mchart=[0m"D:\\helm_clones_artifacthub\\kubernetes__charts\\stable\\gce-ingress"
[90m1:22AM[0m [33mWRN[0m [1mChart not in catalog – skipping[0m [36mchart=[0m"D:\\helm_clones_artifacthub\\kubernetes__charts\\stable\\gcloud-endpoints"
[90m1:22AM[0m [33mWRN[0m [1mChart not in catalog – skipping[0m [36mchart=[0m"D:\\helm_clones_artifacthub\\kubernetes__charts\\stable\\gcloud-sqlproxy"
[90m1:22AM[0m [33mWRN[0m [1mChart not in catalog – skipping[0m [36mchart=[0m"D:\\helm_clones_artifacthub\\kubernetes__charts\\stable\\gcp-night-king"
[90m1:22AM[0m [33mWRN[0m [1mChart not in catalog – skipping[0m [36mchart=[0m"D:\\helm_clones_artifacthub\\kubernetes__charts\\stable\\ghost"
[90m1:22AM[0m [33mWRN[0m [1mChart not in catalog – skipping[0m [36mchart=[0m"D:\\helm_clones_artifacthub\\kubernetes__charts\\stable\\gitlab-ce"
[90m1:22AM[0m [33mWRN[0m [1mChart not in catalog – skipping[0m [36mchart=[0m"D:\\helm_clones_artifacthub\\kubernetes__charts\\stable\\gitlab-ee"
[90m1:22AM[0m [33mWRN[0m [1mChart not in catalog – skipping[0m [36mchart=[0m"D:\\helm_clones_artifacthub\\kubernetes__charts\\stable\\gocd"
[90m1:22AM[0m [33mWRN[0m [1mChart not in catalog – skipping[0m [36mchart=[0m"D:\\helm_clones_artifacthub\\kubernetes__charts\\stable\\goldpinger"
[90m1:22AM[0m [33mWRN[0m [1mChart not in catalog – skipping[0m [36mchart=[0m"D:\\helm_clones_artifacthub\\kubernetes__charts\\stable\\grafana"
[90m1:22AM[0m [33mWRN[0m [1mChart not in catalog – skipping[0m [36mchart=[0m"D:\\helm_clones_artifacthub\\kubernetes__charts\\stable\\graphite"
[90m1:22AM[0m [33mWRN[0m [1mChart not in catalog – skipping[0m [36mchart=[0m"D:\\helm_clones_artifacthub\\kubernetes__charts\\stable\\graylog"
[90m1:22AM[0m [33mWRN[0m [1mChart not in catalog – skipping[0m [36mchart=[0m"D:\\helm_clones_artifacthub\\kubernetes__charts\\stable\\hackmd"
[90m1:22AM[0m [33mWRN[0m [1mChart not in catalog – skipping[0m [36mchart=[0m"D:\\helm_clones_artifacthub\\kubernetes__charts\\stable\\hadoop"
[90m1:22AM[0m [33mWRN[0m [1mChart not in catalog – skipping[0m [36mchart=[0m"D:\\helm_clones_artifacthub\\kubernetes__charts\\stable\\hazelcast"
[90m1:22AM[0m [33mWRN[0m [1mChart not in catalog – skipping[0m [36mchart=[0m"D:\\helm_clones_artifacthub\\kubernetes__charts\\stable\\hazelcast-jet"
[90m1:22AM[0m [33mWRN[0m [1mChart not in catalog – skipping[0m [36mchart=[0m"D:\\helm_clones_artifacthub\\kubernetes__charts\\stable\\heapster"
[90m1:22AM[0m [33mWRN[0m [1mChart not in catalog – skipping[0m [36mchart=[0m"D:\\helm_clones_artifacthub\\kubernetes__charts\\stable\\heartbeat"
[90m1:22AM[0m [33mWRN[0m [1mChart not in catalog – skipping[0m [36mchart=[0m"D:\\helm_clones_artifacthub\\kubernetes__charts\\stable\\helm-exporter"
[90m1:22AM[0m [33mWRN[0m [1mChart not in catalog – skipping[0m [36mchart=[0m"D:\\helm_clones_artifacthub\\kubernetes__charts\\stable\\hl-composer"
[90m1:22AM[0m [33mWRN[0m [1mChart not in catalog – skipping[0m [36mchart=[0m"D:\\helm_clones_artifacthub\\kubernetes__charts\\stable\\hlf-ca"
[90m1:22AM[0m [33mWRN[0m [1mChart not in catalog – skipping[0m [36mchart=[0m"D:\\helm_clones_artifacthub\\kubernetes__charts\\stable\\hlf-couchdb"
[90m1:22AM[0m [33mWRN[0m [1mChart not in catalog – skipping[0m [36mchart=[0m"D:\\helm_clones_artifacthub\\kubernetes__charts\\stable\\hlf-ord"
[90m1:22AM[0m [33mWRN[0m [1mChart not in catalog – skipping[0m [36mchart=[0m"D:\\helm_clones_artifacthub\\kubernetes__charts\\stable\\hlf-peer"
[90m1:22AM[0m [33mWRN[0m [1mChart not in catalog – skipping[0m [36mchart=[0m"D:\\helm_clones_artifacthub\\kubernetes__charts\\stable\\hoard"
[90m1:22AM[0m [33mWRN[0m [1mChart not in catalog – skipping[0m [36mchart=[0m"D:\\helm_clones_artifacthub\\kubernetes__charts\\stable\\home-assistant"
[90m1:22AM[0m [33mWRN[0m [1mChart not in catalog – skipping[0m [36mchart=[0m"D:\\helm_clones_artifacthub\\kubernetes__charts\\stable\\horovod"
[90m1:22AM[0m [33mWRN[0m [1mChart not in catalog – skipping[0m [36mchart=[0m"D:\\helm_clones_artifacthub\\kubernetes__charts\\stable\\hubot"
[90m1:22AM[0m [33mWRN[0m [1mChart not in catalog – skipping[0m [36mchart=[0m"D:\\helm_clones_artifacthub\\kubernetes__charts\\stable\\ignite"
[90m1:22AM[0m [33mWRN[0m [1mChart not in catalog – skipping[0m [36mchart=[0m"D:\\helm_clones_artifacthub\\kubernetes__charts\\stable\\inbucket"
[90m1:22AM[0m [33mWRN[0m [1mChart not in catalog – skipping[0m [36mchart=[0m"D:\\helm_clones_artifacthub\\kubernetes__charts\\stable\\influxdb"
[90m1:22AM[0m [33mWRN[0m [1mChart not in catalog – skipping[0m [36mchart=[0m"D:\\helm_clones_artifacthub\\kubernetes__charts\\stable\\ingressmonitorcontroller"
[90m1:22AM[0m [33mWRN[0m [1mChart not in catalog – skipping[0m [36mchart=[0m"D:\\helm_clones_artifacthub\\kubernetes__charts\\stable\\instana-agent"
[90m1:22AM[0m [33mWRN[0m [1mChart not in catalog – skipping[0m [36mchart=[0m"D:\\helm_clones_artifacthub\\kubernetes__charts\\stable\\ipfs"
[90m1:22AM[0m [33mWRN[0m [1mChart not in catalog – skipping[0m [36mchart=[0m"D:\\helm_clones_artifacthub\\kubernetes__charts\\stable\\jaeger-operator"
[90m1:22AM[0m [33mWRN[0m [1mChart not in catalog – skipping[0m [36mchart=[0m"D:\\helm_clones_artifacthub\\kubernetes__charts\\stable\\janusgraph"
[90m1:22AM[0m [33mWRN[0m [1mChart not in catalog – skipping[0m [36mchart=[0m"D:\\helm_clones_artifacthub\\kubernetes__charts\\stable\\jasperreports"
[90m1:22AM[0m [33mWRN[0m [1mChart not in catalog – skipping[0m [36mchart=[0m"D:\\helm_clones_artifacthub\\kubernetes__charts\\stable\\jenkins"
[90m1:22AM[0m [33mWRN[0m [1mChart not in catalog – skipping[0m [36mchart=[0m"D:\\helm_clones_artifacthub\\kubernetes__charts\\stable\\joomla"
[90m1:22AM[0m [33mWRN[0m [1mChart not in catalog – skipping[0m [36mchart=[0m"D:\\helm_clones_artifacthub\\kubernetes__charts\\stable\\k8s-spot-rescheduler"
[90m1:22AM[0m [33mWRN[0m [1mChart not in catalog – skipping[0m [36mchart=[0m"D:\\helm_clones_artifacthub\\kubernetes__charts\\stable\\k8s-spot-termination-handler"
[90m1:22AM[0m [33mWRN[0m [1mChart not in catalog – skipping[0m [36mchart=[0m"D:\\helm_clones_artifacthub\\kubernetes__charts\\stable\\kafka-manager"
[90m1:22AM[0m [33mWRN[0m [1mChart not in catalog – skipping[0m [36mchart=[0m"D:\\helm_clones_artifacthub\\kubernetes__charts\\stable\\kanister-operator"
[90m1:22AM[0m [33mWRN[0m [1mChart not in catalog – skipping[0m [36mchart=[0m"D:\\helm_clones_artifacthub\\kubernetes__charts\\stable\\kanister-operator\\charts\\profile"
[90m1:22AM[0m [33mWRN[0m [1mChart not in catalog – skipping[0m [36mchart=[0m"D:\\helm_clones_artifacthub\\kubernetes__charts\\stable\\kapacitor"
[90m1:22AM[0m [33mWRN[0m [1mChart not in catalog – skipping[0m [36mchart=[0m"D:\\helm_clones_artifacthub\\kubernetes__charts\\stable\\karma"
[90m1:22AM[0m [33mWRN[0m [1mChart not in catalog – skipping[0m [36mchart=[0m"D:\\helm_clones_artifacthub\\kubernetes__charts\\stable\\katafygio"
[90m1:22AM[0m [33mWRN[0m [1mChart not in catalog – skipping[0m [36mchart=[0m"D:\\helm_clones_artifacthub\\kubernetes__charts\\stable\\keel"
[90m1:22AM[0m [33mWRN[0m [1mChart not in catalog – skipping[0m [36mchart=[0m"D:\\helm_clones_artifacthub\\kubernetes__charts\\stable\\keycloak"
[90m1:22AM[0m [33mWRN[0m [1mChart not in catalog – skipping[0m [36mchart=[0m"D:\\helm_clones_artifacthub\\kubernetes__charts\\stable\\kiam"
[90m1:22AM[0m [33mWRN[0m [1mChart not in catalog – skipping[0m [36mchart=[0m"D:\\helm_clones_artifacthub\\kubernetes__charts\\stable\\kibana"
[90m1:22AM[0m [33mWRN[0m [1mChart not in catalog – skipping[0m [36mchart=[0m"D:\\helm_clones_artifacthub\\kubernetes__charts\\stable\\kong"
[90m1:22AM[0m [33mWRN[0m [1mChart not in catalog – skipping[0m [36mchart=[0m"D:\\helm_clones_artifacthub\\kubernetes__charts\\stable\\kube-hunter"
[90m1:22AM[0m [33mWRN[0m [1mChart not in catalog – skipping[0m [36mchart=[0m"D:\\helm_clones_artifacthub\\kubernetes__charts\\stable\\kube-lego"
[90m1:22AM[0m [33mWRN[0m [1mChart not in catalog – skipping[0m [36mchart=[0m"D:\\helm_clones_artifacthub\\kubernetes__charts\\stable\\kube-ops-view"
[90m1:22AM[0m [33mWRN[0m [1mChart not in catalog – skipping[0m [36mchart=[0m"D:\\helm_clones_artifacthub\\kubernetes__charts\\stable\\kube-slack"
[90m1:22AM[0m [33mWRN[0m [1mChart not in catalog – skipping[0m [36mchart=[0m"D:\\helm_clones_artifacthub\\kubernetes__charts\\stable\\kube-state-metrics"
[90m1:22AM[0m [33mWRN[0m [1mChart not in catalog – skipping[0m [36mchart=[0m"D:\\helm_clones_artifacthub\\kubernetes__charts\\stable\\kube2iam"
[90m1:22AM[0m [33mWRN[0m [1mChart not in catalog – skipping[0m [36mchart=[0m"D:\\helm_clones_artifacthub\\kubernetes__charts\\stable\\kubed"
[90m1:22AM[0m [33mWRN[0m [1mChart not in catalog – skipping[0m [36mchart=[0m"D:\\helm_clones_artifacthub\\kubernetes__charts\\stable\\kubedb"
[90m1:22AM[0m [33mWRN[0m [1mChart not in catalog – skipping[0m [36mchart=[0m"D:\\helm_clones_artifacthub\\kubernetes__charts\\stable\\kuberhealthy"
[90m1:22AM[0m [33mWRN[0m [1mChart not in catalog – skipping[0m [36mchart=[0m"D:\\helm_clones_artifacthub\\kubernetes__charts\\stable\\kubernetes-dashboard"
[90m1:22AM[0m [33mWRN[0m [1mChart not in catalog – skipping[0m [36mchart=[0m"D:\\helm_clones_artifacthub\\kubernetes__charts\\stable\\kuberos"
[90m1:22AM[0m [33mWRN[0m [1mChart not in catalog – skipping[0m [36mchart=[0m"D:\\helm_clones_artifacthub\\kubernetes__charts\\stable\\kubewatch"
[90m1:22AM[0m [33mWRN[0m [1mChart not in catalog – skipping[0m [36mchart=[0m"D:\\helm_clones_artifacthub\\kubernetes__charts\\stable\\kured"
[90m1:22AM[0m [33mWRN[0m [1mChart not in catalog – skipping[0m [36mchart=[0m"D:\\helm_clones_artifacthub\\kubernetes__charts\\stable\\lamp"
[90m1:22AM[0m [33mWRN[0m [1mChart not in catalog – skipping[0m [36mchart=[0m"D:\\helm_clones_artifacthub\\kubernetes__charts\\stable\\linkerd"
[90m1:22AM[0m [33mWRN[0m [1mChart not in catalog – skipping[0m [36mchart=[0m"D:\\helm_clones_artifacthub\\kubernetes__charts\\stable\\locust"
[90m1:22AM[0m [33mWRN[0m [1mChart not in catalog – skipping[0m [36mchart=[0m"D:\\helm_clones_artifacthub\\kubernetes__charts\\stable\\logdna-agent"
[90m1:22AM[0m [33mWRN[0m [1mChart not in catalog – skipping[0m [36mchart=[0m"D:\\helm_clones_artifacthub\\kubernetes__charts\\stable\\logstash"
[90m1:22AM[0m [33mWRN[0m [1mChart not in catalog – skipping[0m [36mchart=[0m"D:\\helm_clones_artifacthub\\kubernetes__charts\\stable\\luigi"
[90m1:22AM[0m [33mWRN[0m [1mChart not in catalog – skipping[0m [36mchart=[0m"D:\\helm_clones_artifacthub\\kubernetes__charts\\stable\\magento"
[90m1:22AM[0m [33mWRN[0m [1mChart not in catalog – skipping[0m [36mchart=[0m"D:\\helm_clones_artifacthub\\kubernetes__charts\\stable\\magic-ip-address"
[90m1:22AM[0m [33mWRN[0m [1mChart not in catalog – skipping[0m [36mchart=[0m"D:\\helm_clones_artifacthub\\kubernetes__charts\\stable\\magic-namespace"
[90m1:22AM[0m [33mWRN[0m [1mChart not in catalog – skipping[0m [36mchart=[0m"D:\\helm_clones_artifacthub\\kubernetes__charts\\stable\\mailhog"
[90m1:22AM[0m [33mWRN[0m [1mChart not in catalog – skipping[0m [36mchart=[0m"D:\\helm_clones_artifacthub\\kubernetes__charts\\stable\\mariadb"
[90m1:22AM[0m [33mWRN[0m [1mChart not in catalog – skipping[0m [36mchart=[0m"D:\\helm_clones_artifacthub\\kubernetes__charts\\stable\\mattermost-team-edition"
[90m1:22AM[0m [33mWRN[0m [1mChart not in catalog – skipping[0m [36mchart=[0m"D:\\helm_clones_artifacthub\\kubernetes__charts\\stable\\mcrouter"
[90m1:22AM[0m [33mWRN[0m [1mChart not in catalog – skipping[0m [36mchart=[0m"D:\\helm_clones_artifacthub\\kubernetes__charts\\stable\\mediawiki"
[90m1:22AM[0m [33mWRN[0m [1mChart not in catalog – skipping[0m [36mchart=[0m"D:\\helm_clones_artifacthub\\kubernetes__charts\\stable\\memcached"
[90m1:22AM[0m [33mWRN[0m [1mChart not in catalog – skipping[0m [36mchart=[0m"D:\\helm_clones_artifacthub\\kubernetes__charts\\stable\\mercure"
[90m1:22AM[0m [33mWRN[0m [1mChart not in catalog – skipping[0m [36mchart=[0m"D:\\helm_clones_artifacthub\\kubernetes__charts\\stable\\metabase"
[90m1:22AM[0m [33mWRN[0m [1mChart not in catalog – skipping[0m [36mchart=[0m"D:\\helm_clones_artifacthub\\kubernetes__charts\\stable\\metallb"
[90m1:22AM[0m [33mWRN[0m [1mChart not in catalog – skipping[0m [36mchart=[0m"D:\\helm_clones_artifacthub\\kubernetes__charts\\stable\\metricbeat"
[90m1:22AM[0m [33mWRN[0m [1mChart not in catalog – skipping[0m [36mchart=[0m"D:\\helm_clones_artifacthub\\kubernetes__charts\\stable\\metrics-server"
[90m1:22AM[0m [33mWRN[0m [1mChart not in catalog – skipping[0m [36mchart=[0m"D:\\helm_clones_artifacthub\\kubernetes__charts\\stable\\minecraft"
[90m1:22AM[0m [33mWRN[0m [1mChart not in catalog – skipping[0m [36mchart=[0m"D:\\helm_clones_artifacthub\\kubernetes__charts\\stable\\minio"
[90m1:22AM[0m [33mWRN[0m [1mChart not in catalog – skipping[0m [36mchart=[0m"D:\\helm_clones_artifacthub\\kubernetes__charts\\stable\\mission-control"
[90m1:22AM[0m [33mWRN[0m [1mChart not in catalog – skipping[0m [36mchart=[0m"D:\\helm_clones_artifacthub\\kubernetes__charts\\stable\\mission-control\\charts\\elasticsearch"
[90m1:22AM[0m [33mWRN[0m [1mChart not in catalog – skipping[0m [36mchart=[0m"D:\\helm_clones_artifacthub\\kubernetes__charts\\stable\\mongodb"
[90m1:22AM[0m [33mWRN[0m [1mChart not in catalog – skipping[0m [36mchart=[0m"D:\\helm_clones_artifacthub\\kubernetes__charts\\stable\\mongodb-replicaset"
[90m1:22AM[0m [33mWRN[0m [1mChart not in catalog – skipping[0m [36mchart=[0m"D:\\helm_clones_artifacthub\\kubernetes__charts\\stable\\moodle"
[90m1:22AM[0m [33mWRN[0m [1mChart not in catalog – skipping[0m [36mchart=[0m"D:\\helm_clones_artifacthub\\kubernetes__charts\\stable\\msoms"
[90m1:22AM[0m [33mWRN[0m [1mChart not in catalog – skipping[0m [36mchart=[0m"D:\\helm_clones_artifacthub\\kubernetes__charts\\stable\\mssql-linux"
[90m1:22AM[0m [33mWRN[0m [1mChart not in catalog – skipping[0m [36mchart=[0m"D:\\helm_clones_artifacthub\\kubernetes__charts\\stable\\mysql"
[90m1:22AM[0m [33mWRN[0m [1mChart not in catalog – skipping[0m [36mchart=[0m"D:\\helm_clones_artifacthub\\kubernetes__charts\\stable\\mysqldump"
[90m1:22AM[0m [33mWRN[0m [1mChart not in catalog – skipping[0m [36mchart=[0m"D:\\helm_clones_artifacthub\\kubernetes__charts\\stable\\namerd"
[90m1:22AM[0m [33mWRN[0m [1mChart not in catalog – skipping[0m [36mchart=[0m"D:\\helm_clones_artifacthub\\kubernetes__charts\\stable\\nats"
[90m1:22AM[0m [33mWRN[0m [1mChart not in catalog – skipping[0m [36mchart=[0m"D:\\helm_clones_artifacthub\\kubernetes__charts\\stable\\neo4j"
[90m1:22AM[0m [33mWRN[0m [1mChart not in catalog – skipping[0m [36mchart=[0m"D:\\helm_clones_artifacthub\\kubernetes__charts\\stable\\newrelic-infrastructure"
[90m1:22AM[0m [33mWRN[0m [1mChart not in catalog – skipping[0m [36mchart=[0m"D:\\helm_clones_artifacthub\\kubernetes__charts\\stable\\nextcloud"
[90m1:22AM[0m [33mWRN[0m [1mChart not in catalog – skipping[0m [36mchart=[0m"D:\\helm_clones_artifacthub\\kubernetes__charts\\stable\\nfs-client-provisioner"
[90m1:22AM[0m [33mWRN[0m [1mChart not in catalog – skipping[0m [36mchart=[0m"D:\\helm_clones_artifacthub\\kubernetes__charts\\stable\\nfs-server-provisioner"
[90m1:22AM[0m [33mWRN[0m [1mChart not in catalog – skipping[0m [36mchart=[0m"D:\\helm_clones_artifacthub\\kubernetes__charts\\stable\\nginx-ingress"
[90m1:22AM[0m [33mWRN[0m [1mChart not in catalog – skipping[0m [36mchart=[0m"D:\\helm_clones_artifacthub\\kubernetes__charts\\stable\\nginx-ldapauth-proxy"
[90m1:22AM[0m [33mWRN[0m [1mChart not in catalog – skipping[0m [36mchart=[0m"D:\\helm_clones_artifacthub\\kubernetes__charts\\stable\\nginx-lego"
[90m1:22AM[0m [33mWRN[0m [1mChart not in catalog – skipping[0m [36mchart=[0m"D:\\helm_clones_artifacthub\\kubernetes__charts\\stable\\node-problem-detector"
[90m1:22AM[0m [33mWRN[0m [1mChart not in catalog – skipping[0m [36mchart=[0m"D:\\helm_clones_artifacthub\\kubernetes__charts\\stable\\node-red"
[90m1:22AM[0m [33mWRN[0m [1mChart not in catalog – skipping[0m [36mchart=[0m"D:\\helm_clones_artifacthub\\kubernetes__charts\\stable\\oauth2-proxy"
[90m1:22AM[0m [33mWRN[0m [1mChart not in catalog – skipping[0m [36mchart=[0m"D:\\helm_clones_artifacthub\\kubernetes__charts\\stable\\odoo"
[90m1:22AM[0m [33mWRN[0m [1mChart not in catalog – skipping[0m [36mchart=[0m"D:\\helm_clones_artifacthub\\kubernetes__charts\\stable\\opa"
[90m1:22AM[0m [33mWRN[0m [1mChart not in catalog – skipping[0m [36mchart=[0m"D:\\helm_clones_artifacthub\\kubernetes__charts\\stable\\opencart"
[90m1:22AM[0m [33mWRN[0m [1mChart not in catalog – skipping[0m [36mchart=[0m"D:\\helm_clones_artifacthub\\kubernetes__charts\\stable\\openebs"
[90m1:22AM[0m [33mWRN[0m [1mChart not in catalog – skipping[0m [36mchart=[0m"D:\\helm_clones_artifacthub\\kubernetes__charts\\stable\\openiban"
[90m1:22AM[0m [33mWRN[0m [1mChart not in catalog – skipping[0m [36mchart=[0m"D:\\helm_clones_artifacthub\\kubernetes__charts\\stable\\openldap"
[90m1:22AM[0m [33mWRN[0m [1mChart not in catalog – skipping[0m [36mchart=[0m"D:\\helm_clones_artifacthub\\kubernetes__charts\\stable\\openvpn"
[90m1:22AM[0m [33mWRN[0m [1mChart not in catalog – skipping[0m [36mchart=[0m"D:\\helm_clones_artifacthub\\kubernetes__charts\\stable\\orangehrm"
[90m1:22AM[0m [33mWRN[0m [1mChart not in catalog – skipping[0m [36mchart=[0m"D:\\helm_clones_artifacthub\\kubernetes__charts\\stable\\osclass"
[90m1:22AM[0m [33mWRN[0m [1mChart not in catalog – skipping[0m [36mchart=[0m"D:\\helm_clones_artifacthub\\kubernetes__charts\\stable\\owncloud"
[90m1:22AM[0m [33mWRN[0m [1mChart not in catalog – skipping[0m [36mchart=[0m"D:\\helm_clones_artifacthub\\kubernetes__charts\\stable\\pachyderm"
[90m1:22AM[0m [33mWRN[0m [1mChart not in catalog – skipping[0m [36mchart=[0m"D:\\helm_clones_artifacthub\\kubernetes__charts\\stable\\parse"
[90m1:22AM[0m [33mWRN[0m [1mChart not in catalog – skipping[0m [36mchart=[0m"D:\\helm_clones_artifacthub\\kubernetes__charts\\stable\\percona"
[90m1:22AM[0m [33mWRN[0m [1mChart not in catalog – skipping[0m [36mchart=[0m"D:\\helm_clones_artifacthub\\kubernetes__charts\\stable\\percona-xtradb-cluster"
[90m1:22AM[0m [33mWRN[0m [1mChart not in catalog – skipping[0m [36mchart=[0m"D:\\helm_clones_artifacthub\\kubernetes__charts\\stable\\pgadmin"
[90m1:22AM[0m [33mWRN[0m [1mChart not in catalog – skipping[0m [36mchart=[0m"D:\\helm_clones_artifacthub\\kubernetes__charts\\stable\\phabricator"
[90m1:22AM[0m [33mWRN[0m [1mChart not in catalog – skipping[0m [36mchart=[0m"D:\\helm_clones_artifacthub\\kubernetes__charts\\stable\\phpbb"
[90m1:22AM[0m [33mWRN[0m [1mChart not in catalog – skipping[0m [36mchart=[0m"D:\\helm_clones_artifacthub\\kubernetes__charts\\stable\\phpmyadmin"
[90m1:22AM[0m [33mWRN[0m [1mChart not in catalog – skipping[0m [36mchart=[0m"D:\\helm_clones_artifacthub\\kubernetes__charts\\stable\\pomerium"
[90m1:22AM[0m [33mWRN[0m [1mChart not in catalog – skipping[0m [36mchart=[0m"D:\\helm_clones_artifacthub\\kubernetes__charts\\stable\\postgresql"
[90m1:22AM[0m [33mWRN[0m [1mChart not in catalog – skipping[0m [36mchart=[0m"D:\\helm_clones_artifacthub\\kubernetes__charts\\stable\\prestashop"
[90m1:22AM[0m [33mWRN[0m [1mChart not in catalog – skipping[0m [36mchart=[0m"D:\\helm_clones_artifacthub\\kubernetes__charts\\stable\\presto"
[90m1:22AM[0m [33mWRN[0m [1mChart not in catalog – skipping[0m [36mchart=[0m"D:\\helm_clones_artifacthub\\kubernetes__charts\\stable\\prisma"
[90m1:22AM[0m [33mWRN[0m [1mChart not in catalog – skipping[0m [36mchart=[0m"D:\\helm_clones_artifacthub\\kubernetes__charts\\stable\\prometheus"
[90m1:22AM[0m [33mWRN[0m [1mChart not in catalog – skipping[0m [36mchart=[0m"D:\\helm_clones_artifacthub\\kubernetes__charts\\stable\\prometheus-adapter"
[90m1:22AM[0m [33mWRN[0m [1mChart not in catalog – skipping[0m [36mchart=[0m"D:\\helm_clones_artifacthub\\kubernetes__charts\\stable\\prometheus-blackbox-exporter"
[90m1:22AM[0m [33mWRN[0m [1mChart not in catalog – skipping[0m [36mchart=[0m"D:\\helm_clones_artifacthub\\kubernetes__charts\\stable\\prometheus-cloudwatch-exporter"
[90m1:22AM[0m [33mWRN[0m [1mChart not in catalog – skipping[0m [36mchart=[0m"D:\\helm_clones_artifacthub\\kubernetes__charts\\stable\\prometheus-consul-exporter"
[90m1:22AM[0m [33mWRN[0m [1mChart not in catalog – skipping[0m [36mchart=[0m"D:\\helm_clones_artifacthub\\kubernetes__charts\\stable\\prometheus-couchdb-exporter"
[90m1:22AM[0m [33mWRN[0m [1mChart not in catalog – skipping[0m [36mchart=[0m"D:\\helm_clones_artifacthub\\kubernetes__charts\\stable\\prometheus-mongodb-exporter"
[90m1:22AM[0m [33mWRN[0m [1mChart not in catalog – skipping[0m [36mchart=[0m"D:\\helm_clones_artifacthub\\kubernetes__charts\\stable\\prometheus-mysql-exporter"
[90m1:22AM[0m [33mWRN[0m [1mChart not in catalog – skipping[0m [36mchart=[0m"D:\\helm_clones_artifacthub\\kubernetes__charts\\stable\\prometheus-nats-exporter"
[90m1:22AM[0m [33mWRN[0m [1mChart not in catalog – skipping[0m [36mchart=[0m"D:\\helm_clones_artifacthub\\kubernetes__charts\\stable\\prometheus-node-exporter"
[90m1:22AM[0m [33mWRN[0m [1mChart not in catalog – skipping[0m [36mchart=[0m"D:\\helm_clones_artifacthub\\kubernetes__charts\\stable\\prometheus-operator"
[90m1:22AM[0m [33mWRN[0m [1mChart not in catalog – skipping[0m [36mchart=[0m"D:\\helm_clones_artifacthub\\kubernetes__charts\\stable\\prometheus-postgres-exporter"
[90m1:22AM[0m [33mWRN[0m [1mChart not in catalog – skipping[0m [36mchart=[0m"D:\\helm_clones_artifacthub\\kubernetes__charts\\stable\\prometheus-pushgateway"
[90m1:22AM[0m [33mWRN[0m [1mChart not in catalog – skipping[0m [36mchart=[0m"D:\\helm_clones_artifacthub\\kubernetes__charts\\stable\\prometheus-rabbitmq-exporter"
[90m1:22AM[0m [33mWRN[0m [1mChart not in catalog – skipping[0m [36mchart=[0m"D:\\helm_clones_artifacthub\\kubernetes__charts\\stable\\prometheus-redis-exporter"
[90m1:22AM[0m [33mWRN[0m [1mChart not in catalog – skipping[0m [36mchart=[0m"D:\\helm_clones_artifacthub\\kubernetes__charts\\stable\\prometheus-snmp-exporter"
[90m1:22AM[0m [33mWRN[0m [1mChart not in catalog – skipping[0m [36mchart=[0m"D:\\helm_clones_artifacthub\\kubernetes__charts\\stable\\prometheus-to-sd"
[90m1:22AM[0m [33mWRN[0m [1mChart not in catalog – skipping[0m [36mchart=[0m"D:\\helm_clones_artifacthub\\kubernetes__charts\\stable\\quassel"
[90m1:22AM[0m [33mWRN[0m [1mChart not in catalog – skipping[0m [36mchart=[0m"D:\\helm_clones_artifacthub\\kubernetes__charts\\stable\\rabbitmq"
[90m1:22AM[0m [33mWRN[0m [1mChart not in catalog – skipping[0m [36mchart=[0m"D:\\helm_clones_artifacthub\\kubernetes__charts\\stable\\rabbitmq-ha"
[90m1:22AM[0m [33mWRN[0m [1mChart not in catalog – skipping[0m [36mchart=[0m"D:\\helm_clones_artifacthub\\kubernetes__charts\\stable\\redis"
[90m1:22AM[0m [33mWRN[0m [1mChart not in catalog – skipping[0m [36mchart=[0m"D:\\helm_clones_artifacthub\\kubernetes__charts\\stable\\redis-ha"
[90m1:22AM[0m [33mWRN[0m [1mChart not in catalog – skipping[0m [36mchart=[0m"D:\\helm_clones_artifacthub\\kubernetes__charts\\stable\\redmine"
[90m1:22AM[0m [33mWRN[0m [1mChart not in catalog – skipping[0m [36mchart=[0m"D:\\helm_clones_artifacthub\\kubernetes__charts\\stable\\reloader"
[90m1:22AM[0m [33mWRN[0m [1mChart not in catalog – skipping[0m [36mchart=[0m"D:\\helm_clones_artifacthub\\kubernetes__charts\\stable\\rethinkdb"
[90m1:22AM[0m [33mWRN[0m [1mChart not in catalog – skipping[0m [36mchart=[0m"D:\\helm_clones_artifacthub\\kubernetes__charts\\stable\\risk-advisor"
[90m1:22AM[0m [33mWRN[0m [1mChart not in catalog – skipping[0m [36mchart=[0m"D:\\helm_clones_artifacthub\\kubernetes__charts\\stable\\rocketchat"
[90m1:22AM[0m [33mWRN[0m [1mChart not in catalog – skipping[0m [36mchart=[0m"D:\\helm_clones_artifacthub\\kubernetes__charts\\stable\\rookout"
[90m1:22AM[0m [33mWRN[0m [1mChart not in catalog – skipping[0m [36mchart=[0m"D:\\helm_clones_artifacthub\\kubernetes__charts\\stable\\sapho"
[90m1:22AM[0m [33mWRN[0m [1mChart not in catalog – skipping[0m [36mchart=[0m"D:\\helm_clones_artifacthub\\kubernetes__charts\\stable\\satisfy"
[90m1:22AM[0m [33mWRN[0m [1mChart not in catalog – skipping[0m [36mchart=[0m"D:\\helm_clones_artifacthub\\kubernetes__charts\\stable\\schema-registry-ui"
[90m1:22AM[0m [33mWRN[0m [1mChart not in catalog – skipping[0m [36mchart=[0m"D:\\helm_clones_artifacthub\\kubernetes__charts\\stable\\sealed-secrets"
[90m1:22AM[0m [33mWRN[0m [1mChart not in catalog – skipping[0m [36mchart=[0m"D:\\helm_clones_artifacthub\\kubernetes__charts\\stable\\searchlight"
[90m1:22AM[0m [33mWRN[0m [1mChart not in catalog – skipping[0m [36mchart=[0m"D:\\helm_clones_artifacthub\\kubernetes__charts\\stable\\selenium"
[90m1:22AM[0m [33mWRN[0m [1mChart not in catalog – skipping[0m [36mchart=[0m"D:\\helm_clones_artifacthub\\kubernetes__charts\\stable\\sematext-agent"
[90m1:22AM[0m [33mWRN[0m [1mChart not in catalog – skipping[0m [36mchart=[0m"D:\\helm_clones_artifacthub\\kubernetes__charts\\stable\\sematext-docker-agent"
[90m1:22AM[0m [33mWRN[0m [1mChart not in catalog – skipping[0m [36mchart=[0m"D:\\helm_clones_artifacthub\\kubernetes__charts\\stable\\sensu"
[90m1:22AM[0m [33mWRN[0m [1mChart not in catalog – skipping[0m [36mchart=[0m"D:\\helm_clones_artifacthub\\kubernetes__charts\\stable\\sentry"
[90m1:22AM[0m [33mWRN[0m [1mChart not in catalog – skipping[0m [36mchart=[0m"D:\\helm_clones_artifacthub\\kubernetes__charts\\stable\\seq"
[90m1:22AM[0m [33mWRN[0m [1mChart not in catalog – skipping[0m [36mchart=[0m"D:\\helm_clones_artifacthub\\kubernetes__charts\\stable\\signalfx-agent"
[90m1:22AM[0m [33mWRN[0m [1mChart not in catalog – skipping[0m [36mchart=[0m"D:\\helm_clones_artifacthub\\kubernetes__charts\\stable\\signalsciences"
[90m1:22AM[0m [33mWRN[0m [1mChart not in catalog – skipping[0m [36mchart=[0m"D:\\helm_clones_artifacthub\\kubernetes__charts\\stable\\socat-tunneller"
[90m1:22AM[0m [33mWRN[0m [1mChart not in catalog – skipping[0m [36mchart=[0m"D:\\helm_clones_artifacthub\\kubernetes__charts\\stable\\sonarqube"
[90m1:22AM[0m [33mWRN[0m [1mChart not in catalog – skipping[0m [36mchart=[0m"D:\\helm_clones_artifacthub\\kubernetes__charts\\stable\\sonatype-nexus"
[90m1:22AM[0m [33mWRN[0m [1mChart not in catalog – skipping[0m [36mchart=[0m"D:\\helm_clones_artifacthub\\kubernetes__charts\\stable\\spark"
[90m1:22AM[0m [33mWRN[0m [1mChart not in catalog – skipping[0m [36mchart=[0m"D:\\helm_clones_artifacthub\\kubernetes__charts\\stable\\spark-history-server"
[90m1:22AM[0m [33mWRN[0m [1mChart not in catalog – skipping[0m [36mchart=[0m"D:\\helm_clones_artifacthub\\kubernetes__charts\\stable\\spark-history-server\\charts\\nfs"
[90m1:22AM[0m [33mWRN[0m [1mChart not in catalog – skipping[0m [36mchart=[0m"D:\\helm_clones_artifacthub\\kubernetes__charts\\stable\\spartakus"
[90m1:22AM[0m [33mWRN[0m [1mChart not in catalog – skipping[0m [36mchart=[0m"D:\\helm_clones_artifacthub\\kubernetes__charts\\stable\\spinnaker"
[90m1:22AM[0m [33mWRN[0m [1mChart not in catalog – skipping[0m [36mchart=[0m"D:\\helm_clones_artifacthub\\kubernetes__charts\\stable\\spotify-docker-gc"
[90m1:22AM[0m [33mWRN[0m [1mChart not in catalog – skipping[0m [36mchart=[0m"D:\\helm_clones_artifacthub\\kubernetes__charts\\stable\\spring-cloud-data-flow"
[90m1:22AM[0m [33mWRN[0m [1mChart not in catalog – skipping[0m [36mchart=[0m"D:\\helm_clones_artifacthub\\kubernetes__charts\\stable\\stackdriver-exporter"
[90m1:22AM[0m [33mWRN[0m [1mChart not in catalog – skipping[0m [36mchart=[0m"D:\\helm_clones_artifacthub\\kubernetes__charts\\stable\\stash"
[90m1:22AM[0m [33mWRN[0m [1mChart not in catalog – skipping[0m [36mchart=[0m"D:\\helm_clones_artifacthub\\kubernetes__charts\\stable\\stellar-core"
[90m1:22AM[0m [33mWRN[0m [1mChart not in catalog – skipping[0m [36mchart=[0m"D:\\helm_clones_artifacthub\\kubernetes__charts\\stable\\stolon"
[90m1:22AM[0m [33mWRN[0m [1mChart not in catalog – skipping[0m [36mchart=[0m"D:\\helm_clones_artifacthub\\kubernetes__charts\\stable\\suitecrm"
[90m1:22AM[0m [33mWRN[0m [1mChart not in catalog – skipping[0m [36mchart=[0m"D:\\helm_clones_artifacthub\\kubernetes__charts\\stable\\sumokube"
[90m1:22AM[0m [33mWRN[0m [1mChart not in catalog – skipping[0m [36mchart=[0m"D:\\helm_clones_artifacthub\\kubernetes__charts\\stable\\sumologic-fluentd"
[90m1:22AM[0m [33mWRN[0m [1mChart not in catalog – skipping[0m [36mchart=[0m"D:\\helm_clones_artifacthub\\kubernetes__charts\\stable\\superset"
[90m1:22AM[0m [33mWRN[0m [1mChart not in catalog – skipping[0m [36mchart=[0m"D:\\helm_clones_artifacthub\\kubernetes__charts\\stable\\swift"
[90m1:22AM[0m [33mWRN[0m [1mChart not in catalog – skipping[0m [36mchart=[0m"D:\\helm_clones_artifacthub\\kubernetes__charts\\stable\\sysdig"
[90m1:22AM[0m [33mWRN[0m [1mChart not in catalog – skipping[0m [36mchart=[0m"D:\\helm_clones_artifacthub\\kubernetes__charts\\stable\\telegraf"
[90m1:22AM[0m [33mWRN[0m [1mChart not in catalog – skipping[0m [36mchart=[0m"D:\\helm_clones_artifacthub\\kubernetes__charts\\stable\\tensorflow-notebook"
[90m1:22AM[0m [33mWRN[0m [1mChart not in catalog – skipping[0m [36mchart=[0m"D:\\helm_clones_artifacthub\\kubernetes__charts\\stable\\tensorflow-serving"
[90m1:22AM[0m [33mWRN[0m [1mChart not in catalog – skipping[0m [36mchart=[0m"D:\\helm_clones_artifacthub\\kubernetes__charts\\stable\\terracotta"
[90m1:22AM[0m [33mWRN[0m [1mChart not in catalog – skipping[0m [36mchart=[0m"D:\\helm_clones_artifacthub\\kubernetes__charts\\stable\\testlink"
[90m1:22AM[0m [33mWRN[0m [1mChart not in catalog – skipping[0m [36mchart=[0m"D:\\helm_clones_artifacthub\\kubernetes__charts\\stable\\tomcat"
[90m1:22AM[0m [33mWRN[0m [1mChart not in catalog – skipping[0m [36mchart=[0m"D:\\helm_clones_artifacthub\\kubernetes__charts\\stable\\traefik"
[90m1:22AM[0m [33mWRN[0m [1mChart not in catalog – skipping[0m [36mchart=[0m"D:\\helm_clones_artifacthub\\kubernetes__charts\\stable\\uchiwa"
[90m1:22AM[0m [33mWRN[0m [1mChart not in catalog – skipping[0m [36mchart=[0m"D:\\helm_clones_artifacthub\\kubernetes__charts\\stable\\unbound"
[90m1:22AM[0m [33mWRN[0m [1mChart not in catalog – skipping[0m [36mchart=[0m"D:\\helm_clones_artifacthub\\kubernetes__charts\\stable\\unifi"
[90m1:22AM[0m [33mWRN[0m [1mChart not in catalog – skipping[0m [36mchart=[0m"D:\\helm_clones_artifacthub\\kubernetes__charts\\stable\\vault-operator"
[90m1:22AM[0m [33mWRN[0m [1mChart not in catalog – skipping[0m [36mchart=[0m"D:\\helm_clones_artifacthub\\kubernetes__charts\\stable\\velero"
[90m1:22AM[0m [33mWRN[0m [1mChart not in catalog – skipping[0m [36mchart=[0m"D:\\helm_clones_artifacthub\\kubernetes__charts\\stable\\verdaccio"
[90m1:22AM[0m [33mWRN[0m [1mChart not in catalog – skipping[0m [36mchart=[0m"D:\\helm_clones_artifacthub\\kubernetes__charts\\stable\\voyager"
[90m1:22AM[0m [33mWRN[0m [1mChart not in catalog – skipping[0m [36mchart=[0m"D:\\helm_clones_artifacthub\\kubernetes__charts\\stable\\vsphere-cpi"
[90m1:22AM[0m [33mWRN[0m [1mChart not in catalog – skipping[0m [36mchart=[0m"D:\\helm_clones_artifacthub\\kubernetes__charts\\stable\\wavefront"
[90m1:22AM[0m [33mWRN[0m [1mChart not in catalog – skipping[0m [36mchart=[0m"D:\\helm_clones_artifacthub\\kubernetes__charts\\stable\\weave-cloud"
[90m1:22AM[0m [33mWRN[0m [1mChart not in catalog – skipping[0m [36mchart=[0m"D:\\helm_clones_artifacthub\\kubernetes__charts\\stable\\weave-scope"
[90m1:22AM[0m [33mWRN[0m [1mChart not in catalog – skipping[0m [36mchart=[0m"D:\\helm_clones_artifacthub\\kubernetes__charts\\stable\\weave-scope\\charts\\weave-scope-agent"
[90m1:22AM[0m [33mWRN[0m [1mChart not in catalog – skipping[0m [36mchart=[0m"D:\\helm_clones_artifacthub\\kubernetes__charts\\stable\\weave-scope\\charts\\weave-scope-cluster-agent"
[90m1:22AM[0m [33mWRN[0m [1mChart not in catalog – skipping[0m [36mchart=[0m"D:\\helm_clones_artifacthub\\kubernetes__charts\\stable\\weave-scope\\charts\\weave-scope-frontend"
[90m1:22AM[0m [33mWRN[0m [1mChart not in catalog – skipping[0m [36mchart=[0m"D:\\helm_clones_artifacthub\\kubernetes__charts\\stable\\wordpress"
[90m1:22AM[0m [33mWRN[0m [1mChart not in catalog – skipping[0m [36mchart=[0m"D:\\helm_clones_artifacthub\\kubernetes__charts\\stable\\xray"
[90m1:22AM[0m [33mWRN[0m [1mChart not in catalog – skipping[0m [36mchart=[0m"D:\\helm_clones_artifacthub\\kubernetes__charts\\stable\\zeppelin"
[90m1:22AM[0m [33mWRN[0m [1mChart not in catalog – skipping[0m [36mchart=[0m"D:\\helm_clones_artifacthub\\kubernetes__charts\\stable\\zetcd"
[90m1:22AM[0m [32mINF[0m [1mProcessing repo[0m [36mrepo=[0mbackstage/charts [36mrepo_index=[0m87 [36mtotal=[0m486
[90m1:22AM[0m [32mINF[0m [1mAlready cloned – skipping[0m [36mdir=[0m"D:\\helm_clones_artifacthub\\backstage__charts"
[90m1:22AM[0m [32mINF[0m [1mProcessing repo[0m [36mrepo=[0mopen-webui/helm-charts [36mrepo_index=[0m88 [36mtotal=[0m486
[90m1:22AM[0m [32mINF[0m [1mAlready cloned – skipping[0m [36mdir=[0m"D:\\helm_clones_artifacthub\\open-webui__helm-charts"
[90m1:22AM[0m [33mWRN[0m [1mChart not in catalog – skipping[0m [36mchart=[0m"D:\\helm_clones_artifacthub\\open-webui__helm-charts\\charts\\pipelines"
[90m1:22AM[0m [33mWRN[0m [1mChart not in catalog – skipping[0m [36mchart=[0m"D:\\helm_clones_artifacthub\\open-webui__helm-charts\\charts\\terminals"
[90m1:22AM[0m [32mINF[0m [1mProcessing repo[0m [36mrepo=[0mpajikos/home-assistant-helm-chart [36mrepo_index=[0m89 [36mtotal=[0m486
[90m1:22AM[0m [32mINF[0m [1mAlready cloned – skipping[0m [36mdir=[0m"D:\\helm_clones_artifacthub\\pajikos__home-assistant-helm-chart"
[90m1:22AM[0m [32mINF[0m [1mProcessing repo[0m [36mrepo=[0mkafbat/kafka-ui [36mrepo_index=[0m90 [36mtotal=[0m486
[90m1:22AM[0m [32mINF[0m [1mAlready cloned – skipping[0m [36mdir=[0m"D:\\helm_clones_artifacthub\\kafbat__kafka-ui"
[90m1:22AM[0m [33mWRN[0m [1mNo charts found – skipping[0m [36mrepo=[0mkafbat/kafka-ui
[90m1:22AM[0m [32mINF[0m [1mProcessing repo[0m [36mrepo=[0mactions/actions-runner-controller [36mrepo_index=[0m91 [36mtotal=[0m486
[90m1:22AM[0m [32mINF[0m [1mAlready cloned – skipping[0m [36mdir=[0m"D:\\helm_clones_artifacthub\\actions__actions-runner-controller"
[90m1:22AM[0m [32mINF[0m [1mProcessing repo[0m [36mrepo=[0mprojectcalico/vpp-dataplane [36mrepo_index=[0m92 [36mtotal=[0m486
[90m1:22AM[0m [32mINF[0m [1mAlready cloned – skipping[0m [36mdir=[0m"D:\\helm_clones_artifacthub\\projectcalico__vpp-dataplane"
[90m1:22AM[0m [33mWRN[0m [1mNo charts found – skipping[0m [36mrepo=[0mprojectcalico/vpp-dataplane
[90m1:22AM[0m [32mINF[0m [1mProcessing repo[0m [36mrepo=[0mFairwindsOps/goldilocks [36mrepo_index=[0m93 [36mtotal=[0m486
[90m1:22AM[0m [32mINF[0m [1mAlready cloned – skipping[0m [36mdir=[0m"D:\\helm_clones_artifacthub\\FairwindsOps__goldilocks"
[90m1:22AM[0m [33mWRN[0m [1mNo charts found – skipping[0m [36mrepo=[0mFairwindsOps/goldilocks
[90m1:22AM[0m [32mINF[0m [1mProcessing repo[0m [36mrepo=[0mCloudPirates-io/helm-charts [36mrepo_index=[0m94 [36mtotal=[0m486
[90m1:22AM[0m [32mINF[0m [1mAlready cloned – skipping[0m [36mdir=[0m"D:\\helm_clones_artifacthub\\CloudPirates-io__helm-charts"
[90m1:22AM[0m [33mWRN[0m [1mChart not in catalog – skipping[0m [36mchart=[0m"D:\\helm_clones_artifacthub\\CloudPirates-io__helm-charts\\charts\\keycloak"
[90m1:22AM[0m [33mWRN[0m [1mChart not in catalog – skipping[0m [36mchart=[0m"D:\\helm_clones_artifacthub\\CloudPirates-io__helm-charts\\charts\\mariadb"
[90m1:22AM[0m [33mWRN[0m [1mChart not in catalog – skipping[0m [36mchart=[0m"D:\\helm_clones_artifacthub\\CloudPirates-io__helm-charts\\charts\\memcached"
[90m1:22AM[0m [33mWRN[0m [1mChart not in catalog – skipping[0m [36mchart=[0m"D:\\helm_clones_artifacthub\\CloudPirates-io__helm-charts\\charts\\minio"
[90m1:22AM[0m [33mWRN[0m [1mChart not in catalog – skipping[0m [36mchart=[0m"D:\\helm_clones_artifacthub\\CloudPirates-io__helm-charts\\charts\\mongodb"
[90m1:22AM[0m [33mWRN[0m [1mChart not in catalog – skipping[0m [36mchart=[0m"D:\\helm_clones_artifacthub\\CloudPirates-io__helm-charts\\charts\\nginx"
[90m1:22AM[0m [33mWRN[0m [1mChart not in catalog – skipping[0m [36mchart=[0m"D:\\helm_clones_artifacthub\\CloudPirates-io__helm-charts\\charts\\postgres"
[90m1:22AM[0m [33mWRN[0m [1mChart not in catalog – skipping[0m [36mchart=[0m"D:\\helm_clones_artifacthub\\CloudPirates-io__helm-charts\\charts\\rabbitmq"
[90m1:22AM[0m [33mWRN[0m [1mChart not in catalog – skipping[0m [36mchart=[0m"D:\\helm_clones_artifacthub\\CloudPirates-io__helm-charts\\charts\\rabbitmq-cluster-operator"
[90m1:22AM[0m [33mWRN[0m [1mChart not in catalog – skipping[0m [36mchart=[0m"D:\\helm_clones_artifacthub\\CloudPirates-io__helm-charts\\charts\\redis"
[90m1:22AM[0m [33mWRN[0m [1mChart not in catalog – skipping[0m [36mchart=[0m"D:\\helm_clones_artifacthub\\CloudPirates-io__helm-charts\\charts\\rustfs"
[90m1:22AM[0m [33mWRN[0m [1mChart not in catalog – skipping[0m [36mchart=[0m"D:\\helm_clones_artifacthub\\CloudPirates-io__helm-charts\\charts\\timescaledb"
[90m1:22AM[0m [33mWRN[0m [1mChart not in catalog – skipping[0m [36mchart=[0m"D:\\helm_clones_artifacthub\\CloudPirates-io__helm-charts\\charts\\valkey"
[90m1:22AM[0m [33mWRN[0m [1mChart not in catalog – skipping[0m [36mchart=[0m"D:\\helm_clones_artifacthub\\CloudPirates-io__helm-charts\\charts\\zookeeper"
[90m1:22AM[0m [32mINF[0m [1mProcessing repo[0m [36mrepo=[0mgrafana/grafana [36mrepo_index=[0m95 [36mtotal=[0m486
[90m1:22AM[0m [32mINF[0m [1mAlready cloned – skipping[0m [36mdir=[0m"D:\\helm_clones_artifacthub\\grafana__grafana"
[90m1:22AM[0m [33mWRN[0m [1mNo charts found – skipping[0m [36mrepo=[0mgrafana/grafana
[90m1:22AM[0m [32mINF[0m [1mProcessing repo[0m [36mrepo=[0matlassian/data-center-helm-charts [36mrepo_index=[0m96 [36mtotal=[0m486
[90m1:22AM[0m [32mINF[0m [1mAlready cloned – skipping[0m [36mdir=[0m"D:\\helm_clones_artifacthub\\atlassian__data-center-helm-charts"
[90m1:22AM[0m [33mWRN[0m [1mChart not in catalog – skipping[0m [36mchart=[0m"D:\\helm_clones_artifacthub\\atlassian__data-center-helm-charts\\src\\main\\charts\\bamboo-agent"
[90m1:22AM[0m [33mWRN[0m [1mChart not in catalog – skipping[0m [36mchart=[0m"D:\\helm_clones_artifacthub\\atlassian__data-center-helm-charts\\src\\main\\charts\\bitbucket"
[90m1:22AM[0m [33mWRN[0m [1mChart not in catalog – skipping[0m [36mchart=[0m"D:\\helm_clones_artifacthub\\atlassian__data-center-helm-charts\\src\\main\\charts\\common"
[90m1:22AM[0m [33mWRN[0m [1mChart not in catalog – skipping[0m [36mchart=[0m"D:\\helm_clones_artifacthub\\atlassian__data-center-helm-charts\\src\\main\\charts\\confluence"
[90m1:22AM[0m [33mWRN[0m [1mChart not in catalog – skipping[0m [36mchart=[0m"D:\\helm_clones_artifacthub\\atlassian__data-center-helm-charts\\src\\main\\charts\\crowd"
[90m1:22AM[0m [33mWRN[0m [1mChart not in catalog – skipping[0m [36mchart=[0m"D:\\helm_clones_artifacthub\\atlassian__data-center-helm-charts\\src\\main\\charts\\jira"
[90m1:22AM[0m [33mWRN[0m [1mChart not in catalog – skipping[0m [36mchart=[0m"D:\\helm_clones_artifacthub\\atlassian__data-center-helm-charts\\src\\test\\charts\\functest"
[90m1:22AM[0m [33mWRN[0m [1mChart not in catalog – skipping[0m [36mchart=[0m"D:\\helm_clones_artifacthub\\atlassian__data-center-helm-charts\\src\\test\\infrastructure\\nfs-server"
[90m1:22AM[0m [32mINF[0m [1mProcessing repo[0m [36mrepo=[0mhashicorp/terraform-k8s [36mrepo_index=[0m97 [36mtotal=[0m486
[90m1:22AM[0m [32mINF[0m [1mAlready cloned – skipping[0m [36mdir=[0m"D:\\helm_clones_artifacthub\\hashicorp__terraform-k8s"
[90m1:22AM[0m [33mWRN[0m [1mNo charts found – skipping[0m [36mrepo=[0mhashicorp/terraform-k8s
[90m1:22AM[0m [32mINF[0m [1mProcessing repo[0m [36mrepo=[0menix/x509-certificate-exporter [36mrepo_index=[0m98 [36mtotal=[0m486
[90m1:22AM[0m [32mINF[0m [1mAlready cloned – skipping[0m [36mdir=[0m"D:\\helm_clones_artifacthub\\enix__x509-certificate-exporter"
[90m1:22AM[0m [32mINF[0m [1mProcessing repo[0m [36mrepo=[0mcoredns/helm [36mrepo_index=[0m99 [36mtotal=[0m486
[90m1:22AM[0m [32mINF[0m [1mAlready cloned – skipping[0m [36mdir=[0m"D:\\helm_clones_artifacthub\\coredns__helm"
[90m1:22AM[0m [32mINF[0m [1mProcessing repo[0m [36mrepo=[0mkubernetes/node-problem-detector [36mrepo_index=[0m100 [36mtotal=[0m486
[90m1:22AM[0m [32mINF[0m [1mAlready cloned – skipping[0m [36mdir=[0m"D:\\helm_clones_artifacthub\\kubernetes__node-problem-detector"
[90m1:22AM[0m [33mWRN[0m [1mNo charts found – skipping[0m [36mrepo=[0mkubernetes/node-problem-detector
[90m1:22AM[0m [32mINF[0m [1mProcessing repo[0m [36mrepo=[0mbokysan/docker-postfix [36mrepo_index=[0m101 [36mtotal=[0m486
[90m1:22AM[0m [32mINF[0m [1mAlready cloned – skipping[0m [36mdir=[0m"D:\\helm_clones_artifacthub\\bokysan__docker-postfix"
[90m1:22AM[0m [32mINF[0m [1mProcessing repo[0m [36mrepo=[0mfluxcd-community/helm-charts [36mrepo_index=[0m102 [36mtotal=[0m486
[90m1:22AM[0m [32mINF[0m [1mAlready cloned – skipping[0m [36mdir=[0m"D:\\helm_clones_artifacthub\\fluxcd-community__helm-charts"
[90m1:22AM[0m [32mINF[0m [1mProcessing repo[0m [36mrepo=[0mEnapter/charts [36mrepo_index=[0m103 [36mtotal=[0m486
[90m1:22AM[0m [32mINF[0m [1mAlready cloned – skipping[0m [36mdir=[0m"D:\\helm_clones_artifacthub\\Enapter__charts"
[90m1:22AM[0m [32mINF[0m [1mProcessing repo[0m [36mrepo=[0mstrimzi/strimzi-kafka-operator [36mrepo_index=[0m104 [36mtotal=[0m486
[90m1:22AM[0m [32mINF[0m [1mAlready cloned – skipping[0m [36mdir=[0m"D:\\helm_clones_artifacthub\\strimzi__strimzi-kafka-operator"
[90m1:22AM[0m [32mINF[0m [1mProcessing repo[0m [36mrepo=[0mgissilabs/charts [36mrepo_index=[0m105 [36mtotal=[0m486
[90m1:22AM[0m [32mINF[0m [1mAlready cloned – skipping[0m [36mdir=[0m"D:\\helm_clones_artifacthub\\gissilabs__charts"
[90m1:22AM[0m [32mINF[0m [1mProcessing repo[0m [36mrepo=[0mdrone/drone [36mrepo_index=[0m106 [36mtotal=[0m486
[90m1:22AM[0m [32mINF[0m [1mAlready cloned – skipping[0m [36mdir=[0m"D:\\helm_clones_artifacthub\\drone__drone"
[90m1:22AM[0m [32mINF[0m [1mProcessing repo[0m [36mrepo=[0mopencost/opencost-helm-chart [36mrepo_index=[0m107 [36mtotal=[0m486
[90m1:22AM[0m [32mINF[0m [1mAlready cloned – skipping[0m [36mdir=[0m"D:\\helm_clones_artifacthub\\opencost__opencost-helm-chart"
[90m1:22AM[0m [32mINF[0m [1mProcessing repo[0m [36mrepo=[0mkyverno/policy-reporter [36mrepo_index=[0m108 [36mtotal=[0m486
[90m1:22AM[0m [32mINF[0m [1mAlready cloned – skipping[0m [36mdir=[0m"D:\\helm_clones_artifacthub\\kyverno__policy-reporter"
[90m1:22AM[0m [32mINF[0m [1mProcessing repo[0m [36mrepo=[0mhashicorp/vault-secrets-operator [36mrepo_index=[0m109 [36mtotal=[0m486
[90m1:22AM[0m [32mINF[0m [1mAlready cloned – skipping[0m [36mdir=[0m"D:\\helm_clones_artifacthub\\hashicorp__vault-secrets-operator"
[90m1:22AM[0m [32mINF[0m [1mProcessing repo[0m [36mrepo=[0mopen-metadata/OpenMetadata [36mrepo_index=[0m110 [36mtotal=[0m486
[90m1:22AM[0m [32mINF[0m [1mAlready cloned – skipping[0m [36mdir=[0m"D:\\helm_clones_artifacthub\\open-metadata__OpenMetadata"
[90m1:22AM[0m [33mWRN[0m [1mNo charts found – skipping[0m [36mrepo=[0mopen-metadata/OpenMetadata
[90m1:22AM[0m [32mINF[0m [1mProcessing repo[0m [36mrepo=[0mzitadel/zitadel [36mrepo_index=[0m111 [36mtotal=[0m486
[90m1:22AM[0m [32mINF[0m [1mAlready cloned – skipping[0m [36mdir=[0m"D:\\helm_clones_artifacthub\\zitadel__zitadel"
[90m1:22AM[0m [33mWRN[0m [1mNo charts found – skipping[0m [36mrepo=[0mzitadel/zitadel
[90m1:22AM[0m [32mINF[0m [1mProcessing repo[0m [36mrepo=[0mlinkerd/linkerd2 [36mrepo_index=[0m112 [36mtotal=[0m486
[90m1:22AM[0m [32mINF[0m [1mAlready cloned – skipping[0m [36mdir=[0m"D:\\helm_clones_artifacthub\\linkerd__linkerd2"
[90m1:22AM[0m [32mINF[0m [1mProcessing repo[0m [36mrepo=[0mgrafana/loki [36mrepo_index=[0m113 [36mtotal=[0m486
[90m1:22AM[0m [32mINF[0m [1mAlready cloned – skipping[0m [36mdir=[0m"D:\\helm_clones_artifacthub\\grafana__loki"
[90m1:22AM[0m [32mINF[0m [1mProcessing repo[0m [36mrepo=[0mottoyiu/django-cors-headers [36mrepo_index=[0m114 [36mtotal=[0m486
[90m1:22AM[0m [32mINF[0m [1mAlready cloned – skipping[0m [36mdir=[0m"D:\\helm_clones_artifacthub\\ottoyiu__django-cors-headers"
[90m1:22AM[0m [33mWRN[0m [1mNo charts found – skipping[0m [36mrepo=[0mottoyiu/django-cors-headers
[90m1:22AM[0m [32mINF[0m [1mProcessing repo[0m [36mrepo=[0mredpanda-data/helm-charts [36mrepo_index=[0m115 [36mtotal=[0m486
[90m1:22AM[0m [32mINF[0m [1mAlready cloned – skipping[0m [36mdir=[0m"D:\\helm_clones_artifacthub\\redpanda-data__helm-charts"
[90m1:22AM[0m [32mINF[0m [1mProcessing repo[0m [36mrepo=[0mopen-policy-agent/gatekeeper [36mrepo_index=[0m116 [36mtotal=[0m486
[90m1:22AM[0m [32mINF[0m [1mAlready cloned – skipping[0m [36mdir=[0m"D:\\helm_clones_artifacthub\\open-policy-agent__gatekeeper"
[90m1:22AM[0m [32mINF[0m [1mProcessing repo[0m [36mrepo=[0mRocketChat/Docker.Official.Image [36mrepo_index=[0m117 [36mtotal=[0m486
[90m1:22AM[0m [32mINF[0m [1mAlready cloned – skipping[0m [36mdir=[0m"D:\\helm_clones_artifacthub\\RocketChat__Docker.Official.Image"
[90m1:22AM[0m [33mWRN[0m [1mNo charts found – skipping[0m [36mrepo=[0mRocketChat/Docker.Official.Image
[90m1:22AM[0m [32mINF[0m [1mProcessing repo[0m [36mrepo=[0mjp-gouin/helm-openldap [36mrepo_index=[0m118 [36mtotal=[0m486
[90m1:22AM[0m [32mINF[0m [1mAlready cloned – skipping[0m [36mdir=[0m"D:\\helm_clones_artifacthub\\jp-gouin__helm-openldap"
[90m1:22AM[0m [33mWRN[0m [1mChart not in catalog – skipping[0m [36mchart=[0m"D:\\helm_clones_artifacthub\\jp-gouin__helm-openldap\\charts\\ltb-passwd"
[90m1:22AM[0m [33mWRN[0m [1mChart not in catalog – skipping[0m [36mchart=[0m"D:\\helm_clones_artifacthub\\jp-gouin__helm-openldap\\charts\\phpldapadmin"
[90m1:22AM[0m [32mINF[0m [1mProcessing repo[0m [36mrepo=[0mpiraeusdatastore/helm-charts [36mrepo_index=[0m119 [36mtotal=[0m486
[90m1:22AM[0m [32mINF[0m [1mAlready cloned – skipping[0m [36mdir=[0m"D:\\helm_clones_artifacthub\\piraeusdatastore__helm-charts"
[90m1:22AM[0m [32mINF[0m [1mProcessing repo[0m [36mrepo=[0mvalkey-io/valkey-helm [36mrepo_index=[0m120 [36mtotal=[0m486
[90m1:22AM[0m [32mINF[0m [1mAlready cloned – skipping[0m [36mdir=[0m"D:\\helm_clones_artifacthub\\valkey-io__valkey-helm"
[90m1:22AM[0m [32mINF[0m [1mProcessing repo[0m [36mrepo=[0mkyverno/policies [36mrepo_index=[0m121 [36mtotal=[0m486
[90m1:22AM[0m [32mINF[0m [1mAlready cloned – skipping[0m [36mdir=[0m"D:\\helm_clones_artifacthub\\kyverno__policies"
[90m1:22AM[0m [33mWRN[0m [1mNo charts found – skipping[0m [36mrepo=[0mkyverno/policies
[90m1:22AM[0m [32mINF[0m [1mProcessing repo[0m [36mrepo=[0mMailu/Mailu [36mrepo_index=[0m122 [36mtotal=[0m486
[90m1:22AM[0m [32mINF[0m [1mAlready cloned – skipping[0m [36mdir=[0m"D:\\helm_clones_artifacthub\\Mailu__Mailu"
[90m1:22AM[0m [33mWRN[0m [1mNo charts found – skipping[0m [36mrepo=[0mMailu/Mailu
[90m1:22AM[0m [32mINF[0m [1mProcessing repo[0m [36mrepo=[0mcert-manager/cert-manager [36mrepo_index=[0m123 [36mtotal=[0m486
[90m1:22AM[0m [32mINF[0m [1mAlready cloned – skipping[0m [36mdir=[0m"D:\\helm_clones_artifacthub\\cert-manager__cert-manager"
[90m1:22AM[0m [32mINF[0m [1mProcessing repo[0m [36mrepo=[0minfluxdata/helm-charts [36mrepo_index=[0m124 [36mtotal=[0m486
[90m1:22AM[0m [32mINF[0m [1mAlready cloned – skipping[0m [36mdir=[0m"D:\\helm_clones_artifacthub\\influxdata__helm-charts"
[90m1:22AM[0m [32mINF[0m [1mProcessing repo[0m [36mrepo=[0mceph/ceph-csi [36mrepo_index=[0m125 [36mtotal=[0m486
[90m1:22AM[0m [32mINF[0m [1mAlready cloned – skipping[0m [36mdir=[0m"D:\\helm_clones_artifacthub\\ceph__ceph-csi"
[90m1:22AM[0m [32mINF[0m [1mProcessing repo[0m [36mrepo=[0mapache/solr-operator [36mrepo_index=[0m126 [36mtotal=[0m486
[90m1:22AM[0m [32mINF[0m [1mAlready cloned – skipping[0m [36mdir=[0m"D:\\helm_clones_artifacthub\\apache__solr-operator"
[90m1:22AM[0m [32mINF[0m [1mProcessing repo[0m [36mrepo=[0mcert-manager/trust-manager [36mrepo_index=[0m127 [36mtotal=[0m486
[90m1:22AM[0m [32mINF[0m [1mAlready cloned – skipping[0m [36mdir=[0m"D:\\helm_clones_artifacthub\\cert-manager__trust-manager"
[90m1:22AM[0m [32mINF[0m [1mProcessing repo[0m [36mrepo=[0macryldata/datahub-helm [36mrepo_index=[0m128 [36mtotal=[0m486
[90m1:22AM[0m [32mINF[0m [1mAlready cloned – skipping[0m [36mdir=[0m"D:\\helm_clones_artifacthub\\acryldata__datahub-helm"
[90m1:22AM[0m [32mINF[0m [1mProcessing repo[0m [36mrepo=[0mkubernetes/kube-state-metrics [36mrepo_index=[0m129 [36mtotal=[0m486
[90m1:22AM[0m [32mINF[0m [1mAlready cloned – skipping[0m [36mdir=[0m"D:\\helm_clones_artifacthub\\kubernetes__kube-state-metrics"
[90m1:22AM[0m [33mWRN[0m [1mNo charts found – skipping[0m [36mrepo=[0mkubernetes/kube-state-metrics
[90m1:22AM[0m [32mINF[0m [1mProcessing repo[0m [36mrepo=[0mkubernetes-sigs/kind [36mrepo_index=[0m130 [36mtotal=[0m486
[90m1:22AM[0m [32mINF[0m [1mAlready cloned – skipping[0m [36mdir=[0m"D:\\helm_clones_artifacthub\\kubernetes-sigs__kind"
[90m1:22AM[0m [33mWRN[0m [1mNo charts found – skipping[0m [36mrepo=[0mkubernetes-sigs/kind
[90m1:22AM[0m [32mINF[0m [1mProcessing repo[0m [36mrepo=[0mstefanprodan/podinfo [36mrepo_index=[0m131 [36mtotal=[0m486
[90m1:22AM[0m [32mINF[0m [1mAlready cloned – skipping[0m [36mdir=[0m"D:\\helm_clones_artifacthub\\stefanprodan__podinfo"
[90m1:22AM[0m [32mINF[0m [1mProcessing repo[0m [36mrepo=[0mportainer/k8s [36mrepo_index=[0m132 [36mtotal=[0m486
[90m1:22AM[0m [32mINF[0m [1mAlready cloned – skipping[0m [36mdir=[0m"D:\\helm_clones_artifacthub\\portainer__k8s"
[90m1:22AM[0m [32mINF[0m [1mProcessing repo[0m [36mrepo=[0mcamunda/camunda-platform-helm [36mrepo_index=[0m133 [36mtotal=[0m486
[90m1:22AM[0m [32mINF[0m [1mAlready cloned – skipping[0m [36mdir=[0m"D:\\helm_clones_artifacthub\\camunda__camunda-platform-helm"
[90m1:22AM[0m [33mWRN[0m [1mChart not in catalog – skipping[0m [36mchart=[0m"D:\\helm_clones_artifacthub\\camunda__camunda-platform-helm\\charts\\camunda-platform-8.3\\charts\\identity"
[90m1:22AM[0m [33mWRN[0m [1mChart not in catalog – skipping[0m [36mchart=[0m"D:\\helm_clones_artifacthub\\camunda__camunda-platform-helm\\charts\\camunda-platform-8.4"
[90m1:22AM[0m [33mWRN[0m [1mChart not in catalog – skipping[0m [36mchart=[0m"D:\\helm_clones_artifacthub\\camunda__camunda-platform-helm\\charts\\camunda-platform-8.4\\charts\\identity"
[90m1:22AM[0m [33mWRN[0m [1mChart not in catalog – skipping[0m [36mchart=[0m"D:\\helm_clones_artifacthub\\camunda__camunda-platform-helm\\charts\\camunda-platform-8.5"
[90m1:22AM[0m [33mWRN[0m [1mChart not in catalog – skipping[0m [36mchart=[0m"D:\\helm_clones_artifacthub\\camunda__camunda-platform-helm\\charts\\camunda-platform-8.6"
[90m1:22AM[0m [33mWRN[0m [1mChart not in catalog – skipping[0m [36mchart=[0m"D:\\helm_clones_artifacthub\\camunda__camunda-platform-helm\\charts\\camunda-platform-8.7"
[90m1:22AM[0m [33mWRN[0m [1mChart not in catalog – skipping[0m [36mchart=[0m"D:\\helm_clones_artifacthub\\camunda__camunda-platform-helm\\charts\\camunda-platform-8.8"
[90m1:22AM[0m [33mWRN[0m [1mChart not in catalog – skipping[0m [36mchart=[0m"D:\\helm_clones_artifacthub\\camunda__camunda-platform-helm\\charts\\camunda-platform-8.9"
[90m1:22AM[0m [33mWRN[0m [1mChart not in catalog – skipping[0m [36mchart=[0m"D:\\helm_clones_artifacthub\\camunda__camunda-platform-helm\\charts\\common-2"
[90m1:22AM[0m [33mWRN[0m [1mChart not in catalog – skipping[0m [36mchart=[0m"D:\\helm_clones_artifacthub\\camunda__camunda-platform-helm\\charts\\elasticsearch-21"
[90m1:22AM[0m [33mWRN[0m [1mChart not in catalog – skipping[0m [36mchart=[0m"D:\\helm_clones_artifacthub\\camunda__camunda-platform-helm\\charts\\elasticsearch-21\\charts\\common"
[90m1:22AM[0m [33mWRN[0m [1mChart not in catalog – skipping[0m [36mchart=[0m"D:\\helm_clones_artifacthub\\camunda__camunda-platform-helm\\charts\\elasticsearch-21\\charts\\kibana"
[90m1:22AM[0m [33mWRN[0m [1mChart not in catalog – skipping[0m [36mchart=[0m"D:\\helm_clones_artifacthub\\camunda__camunda-platform-helm\\charts\\elasticsearch-21\\charts\\kibana\\charts\\common"
[90m1:22AM[0m [33mWRN[0m [1mChart not in catalog – skipping[0m [36mchart=[0m"D:\\helm_clones_artifacthub\\camunda__camunda-platform-helm\\charts\\elasticsearch-21\\elasticsearch"
[90m1:22AM[0m [33mWRN[0m [1mChart not in catalog – skipping[0m [36mchart=[0m"D:\\helm_clones_artifacthub\\camunda__camunda-platform-helm\\charts\\elasticsearch-21\\elasticsearch\\charts\\common"
[90m1:22AM[0m [33mWRN[0m [1mChart not in catalog – skipping[0m [36mchart=[0m"D:\\helm_clones_artifacthub\\camunda__camunda-platform-helm\\charts\\elasticsearch-21\\elasticsearch\\charts\\kibana"
[90m1:22AM[0m [33mWRN[0m [1mChart not in catalog – skipping[0m [36mchart=[0m"D:\\helm_clones_artifacthub\\camunda__camunda-platform-helm\\charts\\elasticsearch-21\\elasticsearch\\charts\\kibana\\charts\\common"
[90m1:22AM[0m [33mWRN[0m [1mChart not in catalog – skipping[0m [36mchart=[0m"D:\\helm_clones_artifacthub\\camunda__camunda-platform-helm\\charts\\identity-postgresql-15"
[90m1:22AM[0m [33mWRN[0m [1mChart not in catalog – skipping[0m [36mchart=[0m"D:\\helm_clones_artifacthub\\camunda__camunda-platform-helm\\charts\\identity-postgresql-15\\charts\\common"
[90m1:22AM[0m [33mWRN[0m [1mChart not in catalog – skipping[0m [36mchart=[0m"D:\\helm_clones_artifacthub\\camunda__camunda-platform-helm\\charts\\identity-postgresql-16"
[90m1:22AM[0m [33mWRN[0m [1mChart not in catalog – skipping[0m [36mchart=[0m"D:\\helm_clones_artifacthub\\camunda__camunda-platform-helm\\charts\\identity-postgresql-16\\charts\\common"
[90m1:22AM[0m [33mWRN[0m [1mChart not in catalog – skipping[0m [36mchart=[0m"D:\\helm_clones_artifacthub\\camunda__camunda-platform-helm\\charts\\keycloak-24"
[90m1:22AM[0m [33mWRN[0m [1mChart not in catalog – skipping[0m [36mchart=[0m"D:\\helm_clones_artifacthub\\camunda__camunda-platform-helm\\charts\\keycloak-24\\charts\\common"
[90m1:22AM[0m [33mWRN[0m [1mChart not in catalog – skipping[0m [36mchart=[0m"D:\\helm_clones_artifacthub\\camunda__camunda-platform-helm\\charts\\keycloak-24\\charts\\postgresql"
[90m1:22AM[0m [33mWRN[0m [1mChart not in catalog – skipping[0m [36mchart=[0m"D:\\helm_clones_artifacthub\\camunda__camunda-platform-helm\\charts\\keycloak-24\\charts\\postgresql\\charts\\common"
[90m1:22AM[0m [33mWRN[0m [1mChart not in catalog – skipping[0m [36mchart=[0m"D:\\helm_clones_artifacthub\\camunda__camunda-platform-helm\\charts\\web-modeler-postgresql"
[90m1:22AM[0m [33mWRN[0m [1mChart not in catalog – skipping[0m [36mchart=[0m"D:\\helm_clones_artifacthub\\camunda__camunda-platform-helm\\charts\\web-modeler-postgresql\\charts\\common"
[90m1:22AM[0m [33mWRN[0m [1mChart not in catalog – skipping[0m [36mchart=[0m"D:\\helm_clones_artifacthub\\camunda__camunda-platform-helm\\charts\\web-modeler-postgresql-14"
[90m1:22AM[0m [33mWRN[0m [1mChart not in catalog – skipping[0m [36mchart=[0m"D:\\helm_clones_artifacthub\\camunda__camunda-platform-helm\\charts\\web-modeler-postgresql-14\\charts\\common"
[90m1:22AM[0m [33mWRN[0m [1mChart not in catalog – skipping[0m [36mchart=[0m"D:\\helm_clones_artifacthub\\camunda__camunda-platform-helm\\charts\\web-modeler-postgresql-15"
[90m1:22AM[0m [33mWRN[0m [1mChart not in catalog – skipping[0m [36mchart=[0m"D:\\helm_clones_artifacthub\\camunda__camunda-platform-helm\\charts\\web-modeler-postgresql-15\\charts\\common"
[90m1:22AM[0m [32mINF[0m [1mProcessing repo[0m [36mrepo=[0mchaos-mesh/chaos-mesh [36mrepo_index=[0m134 [36mtotal=[0m486
[90m1:22AM[0m [32mINF[0m [1mAlready cloned – skipping[0m [36mdir=[0m"D:\\helm_clones_artifacthub\\chaos-mesh__chaos-mesh"
[90m1:22AM[0m [32mINF[0m [1mProcessing repo[0m [36mrepo=[0mwiremind/wiremind-helm-charts [36mrepo_index=[0m135 [36mtotal=[0m486
[90m1:22AM[0m [32mINF[0m [1mAlready cloned – skipping[0m [36mdir=[0m"D:\\helm_clones_artifacthub\\wiremind__wiremind-helm-charts"
[90m1:22AM[0m [33mWRN[0m [1mChart not in catalog – skipping[0m [36mchart=[0m"D:\\helm_clones_artifacthub\\wiremind__wiremind-helm-charts\\charts\\druid-tasks-exporter"
[90m1:22AM[0m [33mWRN[0m [1mChart not in catalog – skipping[0m [36mchart=[0m"D:\\helm_clones_artifacthub\\wiremind__wiremind-helm-charts\\charts\\elasticsearch"
[90m1:22AM[0m [33mWRN[0m [1mChart not in catalog – skipping[0m [36mchart=[0m"D:\\helm_clones_artifacthub\\wiremind__wiremind-helm-charts\\charts\\elasticsearch-cluster"
[90m1:22AM[0m [33mWRN[0m [1mChart not in catalog – skipping[0m [36mchart=[0m"D:\\helm_clones_artifacthub\\wiremind__wiremind-helm-charts\\charts\\external-dns-crds"
[90m1:22AM[0m [33mWRN[0m [1mChart not in catalog – skipping[0m [36mchart=[0m"D:\\helm_clones_artifacthub\\wiremind__wiremind-helm-charts\\charts\\external-monitoring"
[90m1:22AM[0m [33mWRN[0m [1mChart not in catalog – skipping[0m [36mchart=[0m"D:\\helm_clones_artifacthub\\wiremind__wiremind-helm-charts\\charts\\external-secrets-crds"
[90m1:22AM[0m [33mWRN[0m [1mChart not in catalog – skipping[0m [36mchart=[0m"D:\\helm_clones_artifacthub\\wiremind__wiremind-helm-charts\\charts\\external-secrets-kit"
[90m1:22AM[0m [33mWRN[0m [1mChart not in catalog – skipping[0m [36mchart=[0m"D:\\helm_clones_artifacthub\\wiremind__wiremind-helm-charts\\charts\\gateway-api-crds"
[90m1:22AM[0m [33mWRN[0m [1mChart not in catalog – skipping[0m [36mchart=[0m"D:\\helm_clones_artifacthub\\wiremind__wiremind-helm-charts\\charts\\gpu-operator-crds"
[90m1:22AM[0m [33mWRN[0m [1mChart not in catalog – skipping[0m [36mchart=[0m"D:\\helm_clones_artifacthub\\wiremind__wiremind-helm-charts\\charts\\grafana-pdf-export"
[90m1:22AM[0m [33mWRN[0m [1mChart not in catalog – skipping[0m [36mchart=[0m"D:\\helm_clones_artifacthub\\wiremind__wiremind-helm-charts\\charts\\karma"
[90m1:22AM[0m [33mWRN[0m [1mChart not in catalog – skipping[0m [36mchart=[0m"D:\\helm_clones_artifacthub\\wiremind__wiremind-helm-charts\\charts\\keycloak"
[90m1:22AM[0m [33mWRN[0m [1mChart not in catalog – skipping[0m [36mchart=[0m"D:\\helm_clones_artifacthub\\wiremind__wiremind-helm-charts\\charts\\keycloak-operator"
[90m1:22AM[0m [33mWRN[0m [1mChart not in catalog – skipping[0m [36mchart=[0m"D:\\helm_clones_artifacthub\\wiremind__wiremind-helm-charts\\charts\\keycloak-operator-crds"
[90m1:22AM[0m [33mWRN[0m [1mChart not in catalog – skipping[0m [36mchart=[0m"D:\\helm_clones_artifacthub\\wiremind__wiremind-helm-charts\\charts\\kibana"
[90m1:22AM[0m [33mWRN[0m [1mChart not in catalog – skipping[0m [36mchart=[0m"D:\\helm_clones_artifacthub\\wiremind__wiremind-helm-charts\\charts\\koherence"
[90m1:22AM[0m [33mWRN[0m [1mChart not in catalog – skipping[0m [36mchart=[0m"D:\\helm_clones_artifacthub\\wiremind__wiremind-helm-charts\\charts\\kubemod-crds"
[90m1:22AM[0m [33mWRN[0m [1mChart not in catalog – skipping[0m [36mchart=[0m"D:\\helm_clones_artifacthub\\wiremind__wiremind-helm-charts\\charts\\marge-bot"
[90m1:22AM[0m [33mWRN[0m [1mChart not in catalog – skipping[0m [36mchart=[0m"D:\\helm_clones_artifacthub\\wiremind__wiremind-helm-charts\\charts\\nginx"
[90m1:22AM[0m [33mWRN[0m [1mChart not in catalog – skipping[0m [36mchart=[0m"D:\\helm_clones_artifacthub\\wiremind__wiremind-helm-charts\\charts\\node-feature-discovery-crds"
[90m1:22AM[0m [33mWRN[0m [1mChart not in catalog – skipping[0m [36mchart=[0m"D:\\helm_clones_artifacthub\\wiremind__wiremind-helm-charts\\charts\\orc"
[90m1:22AM[0m [33mWRN[0m [1mChart not in catalog – skipping[0m [36mchart=[0m"D:\\helm_clones_artifacthub\\wiremind__wiremind-helm-charts\\charts\\orc-crds"
[90m1:22AM[0m [33mWRN[0m [1mChart not in catalog – skipping[0m [36mchart=[0m"D:\\helm_clones_artifacthub\\wiremind__wiremind-helm-charts\\charts\\ovh-exporter"
[90m1:22AM[0m [33mWRN[0m [1mChart not in catalog – skipping[0m [36mchart=[0m"D:\\helm_clones_artifacthub\\wiremind__wiremind-helm-charts\\charts\\pghoard"
[90m1:22AM[0m [33mWRN[0m [1mChart not in catalog – skipping[0m [36mchart=[0m"D:\\helm_clones_artifacthub\\wiremind__wiremind-helm-charts\\charts\\platform-namespace-core"
[90m1:22AM[0m [33mWRN[0m [1mChart not in catalog – skipping[0m [36mchart=[0m"D:\\helm_clones_artifacthub\\wiremind__wiremind-helm-charts\\charts\\plugin-barman-cloud-crds"
[90m1:22AM[0m [33mWRN[0m [1mChart not in catalog – skipping[0m [36mchart=[0m"D:\\helm_clones_artifacthub\\wiremind__wiremind-helm-charts\\charts\\postgres-operator"
[90m1:22AM[0m [33mWRN[0m [1mChart not in catalog – skipping[0m [36mchart=[0m"D:\\helm_clones_artifacthub\\wiremind__wiremind-helm-charts\\charts\\postgres-operator-crds"
[90m1:22AM[0m [33mWRN[0m [1mChart not in catalog – skipping[0m [36mchart=[0m"D:\\helm_clones_artifacthub\\wiremind__wiremind-helm-charts\\charts\\postgresql"
[90m1:22AM[0m [33mWRN[0m [1mChart not in catalog – skipping[0m [36mchart=[0m"D:\\helm_clones_artifacthub\\wiremind__wiremind-helm-charts\\charts\\priorityclass"
[90m1:22AM[0m [33mWRN[0m [1mChart not in catalog – skipping[0m [36mchart=[0m"D:\\helm_clones_artifacthub\\wiremind__wiremind-helm-charts\\charts\\prometheus-openstack-exporter"
[90m1:22AM[0m [33mWRN[0m [1mChart not in catalog – skipping[0m [36mchart=[0m"D:\\helm_clones_artifacthub\\wiremind__wiremind-helm-charts\\charts\\prometheus-safety-exporter"
[90m1:22AM[0m [33mWRN[0m [1mChart not in catalog – skipping[0m [36mchart=[0m"D:\\helm_clones_artifacthub\\wiremind__wiremind-helm-charts\\charts\\pypi"
[90m1:22AM[0m [33mWRN[0m [1mChart not in catalog – skipping[0m [36mchart=[0m"D:\\helm_clones_artifacthub\\wiremind__wiremind-helm-charts\\charts\\pythie"
[90m1:22AM[0m [33mWRN[0m [1mChart not in catalog – skipping[0m [36mchart=[0m"D:\\helm_clones_artifacthub\\wiremind__wiremind-helm-charts\\charts\\rabbitmq"
[90m1:22AM[0m [33mWRN[0m [1mChart not in catalog – skipping[0m [36mchart=[0m"D:\\helm_clones_artifacthub\\wiremind__wiremind-helm-charts\\charts\\rancher-crds"
[90m1:22AM[0m [33mWRN[0m [1mChart not in catalog – skipping[0m [36mchart=[0m"D:\\helm_clones_artifacthub\\wiremind__wiremind-helm-charts\\charts\\raw"
[90m1:22AM[0m [33mWRN[0m [1mChart not in catalog – skipping[0m [36mchart=[0m"D:\\helm_clones_artifacthub\\wiremind__wiremind-helm-charts\\charts\\redis"
[90m1:22AM[0m [33mWRN[0m [1mChart not in catalog – skipping[0m [36mchart=[0m"D:\\helm_clones_artifacthub\\wiremind__wiremind-helm-charts\\charts\\registry"
[90m1:22AM[0m [33mWRN[0m [1mChart not in catalog – skipping[0m [36mchart=[0m"D:\\helm_clones_artifacthub\\wiremind__wiremind-helm-charts\\charts\\remoulade"
[90m1:22AM[0m [33mWRN[0m [1mChart not in catalog – skipping[0m [36mchart=[0m"D:\\helm_clones_artifacthub\\wiremind__wiremind-helm-charts\\charts\\scrapoxy"
[90m1:22AM[0m [33mWRN[0m [1mChart not in catalog – skipping[0m [36mchart=[0m"D:\\helm_clones_artifacthub\\wiremind__wiremind-helm-charts\\charts\\silence-operator"
[90m1:22AM[0m [33mWRN[0m [1mChart not in catalog – skipping[0m [36mchart=[0m"D:\\helm_clones_artifacthub\\wiremind__wiremind-helm-charts\\charts\\silence-operator-crds"
[90m1:22AM[0m [33mWRN[0m [1mChart not in catalog – skipping[0m [36mchart=[0m"D:\\helm_clones_artifacthub\\wiremind__wiremind-helm-charts\\charts\\snapshot-controller-crds"
[90m1:22AM[0m [33mWRN[0m [1mChart not in catalog – skipping[0m [36mchart=[0m"D:\\helm_clones_artifacthub\\wiremind__wiremind-helm-charts\\charts\\sshd"
[90m1:22AM[0m [33mWRN[0m [1mChart not in catalog – skipping[0m [36mchart=[0m"D:\\helm_clones_artifacthub\\wiremind__wiremind-helm-charts\\charts\\syslog-ng"
[90m1:22AM[0m [33mWRN[0m [1mChart not in catalog – skipping[0m [36mchart=[0m"D:\\helm_clones_artifacthub\\wiremind__wiremind-helm-charts\\charts\\topolvm-crds"
[90m1:22AM[0m [33mWRN[0m [1mChart not in catalog – skipping[0m [36mchart=[0m"D:\\helm_clones_artifacthub\\wiremind__wiremind-helm-charts\\charts\\traefik-crds"
[90m1:22AM[0m [33mWRN[0m [1mChart not in catalog – skipping[0m [36mchart=[0m"D:\\helm_clones_artifacthub\\wiremind__wiremind-helm-charts\\charts\\trivy-operator-crds"
[90m1:22AM[0m [33mWRN[0m [1mChart not in catalog – skipping[0m [36mchart=[0m"D:\\helm_clones_artifacthub\\wiremind__wiremind-helm-charts\\charts\\velero-crds"
[90m1:22AM[0m [33mWRN[0m [1mChart not in catalog – skipping[0m [36mchart=[0m"D:\\helm_clones_artifacthub\\wiremind__wiremind-helm-charts\\charts\\vertical-pod-autoscaler-crds"
[90m1:22AM[0m [33mWRN[0m [1mChart not in catalog – skipping[0m [36mchart=[0m"D:\\helm_clones_artifacthub\\wiremind__wiremind-helm-charts\\charts\\wiremind-baremetal"
[90m1:22AM[0m [33mWRN[0m [1mChart not in catalog – skipping[0m [36mchart=[0m"D:\\helm_clones_artifacthub\\wiremind__wiremind-helm-charts\\charts\\wiremind-crds"
[90m1:22AM[0m [33mWRN[0m [1mChart not in catalog – skipping[0m [36mchart=[0m"D:\\helm_clones_artifacthub\\wiremind__wiremind-helm-charts\\charts\\wiremind-kubies"
[90m1:22AM[0m [32mINF[0m [1mProcessing repo[0m [36mrepo=[0mbootc/netbox-chart [36mrepo_index=[0m136 [36mtotal=[0m486
[90m1:22AM[0m [32mINF[0m [1mAlready cloned – skipping[0m [36mdir=[0m"D:\\helm_clones_artifacthub\\bootc__netbox-chart"
[90m1:22AM[0m [33mWRN[0m [1mChart not in catalog – skipping[0m [36mchart=[0m"D:\\helm_clones_artifacthub\\bootc__netbox-chart\\charts\\netbox-operator"
[90m1:22AM[0m [32mINF[0m [1mProcessing repo[0m [36mrepo=[0mOpsMx/spinnaker-helm [36mrepo_index=[0m137 [36mtotal=[0m486
[90m1:22AM[0m [32mINF[0m [1mAlready cloned – skipping[0m [36mdir=[0m"D:\\helm_clones_artifacthub\\OpsMx__spinnaker-helm"
[90m1:22AM[0m [33mWRN[0m [1mChart not in catalog – skipping[0m [36mchart=[0m"D:\\helm_clones_artifacthub\\OpsMx__spinnaker-helm\\charts\\spinnaker\\charts\\minio"
[90m1:22AM[0m [33mWRN[0m [1mChart not in catalog – skipping[0m [36mchart=[0m"D:\\helm_clones_artifacthub\\OpsMx__spinnaker-helm\\charts\\spinnaker\\charts\\openldap"
[90m1:22AM[0m [33mWRN[0m [1mChart not in catalog – skipping[0m [36mchart=[0m"D:\\helm_clones_artifacthub\\OpsMx__spinnaker-helm\\charts\\spinnaker\\charts\\redis"
[90m1:22AM[0m [33mWRN[0m [1mChart not in catalog – skipping[0m [36mchart=[0m"D:\\helm_clones_artifacthub\\OpsMx__spinnaker-helm\\charts\\spinnaker\\charts\\redis\\charts\\common"
[90m1:22AM[0m [32mINF[0m [1mProcessing repo[0m [36mrepo=[0mloft-sh/vcluster [36mrepo_index=[0m138 [36mtotal=[0m486
[90m1:22AM[0m [32mINF[0m [1mAlready cloned – skipping[0m [36mdir=[0m"D:\\helm_clones_artifacthub\\loft-sh__vcluster"
[90m1:22AM[0m [32mINF[0m [1mProcessing repo[0m [36mrepo=[0mrunatlantis/helm-charts [36mrepo_index=[0m139 [36mtotal=[0m486
[90m1:22AM[0m [32mINF[0m [1mAlready cloned – skipping[0m [36mdir=[0m"D:\\helm_clones_artifacthub\\runatlantis__helm-charts"
[90m1:22AM[0m [32mINF[0m [1mProcessing repo[0m [36mrepo=[0mmariadb-operator/mariadb-operator [36mrepo_index=[0m140 [36mtotal=[0m486
[90m1:22AM[0m [32mINF[0m [1mAlready cloned – skipping[0m [36mdir=[0m"D:\\helm_clones_artifacthub\\mariadb-operator__mariadb-operator"
[90m1:22AM[0m [32mINF[0m [1mProcessing repo[0m [36mrepo=[0mmilvus-io/milvus-helm [36mrepo_index=[0m141 [36mtotal=[0m486
[90m1:22AM[0m [32mINF[0m [1mAlready cloned – skipping[0m [36mdir=[0m"D:\\helm_clones_artifacthub\\milvus-io__milvus-helm"
[90m1:22AM[0m [33mWRN[0m [1mChart not in catalog – skipping[0m [36mchart=[0m"D:\\helm_clones_artifacthub\\milvus-io__milvus-helm\\charts\\minio"
[90m1:22AM[0m [32mINF[0m [1mProcessing repo[0m [36mrepo=[0mcloudflare/cloudflared [36mrepo_index=[0m142 [36mtotal=[0m486
[90m1:22AM[0m [32mINF[0m [1mAlready cloned – skipping[0m [36mdir=[0m"D:\\helm_clones_artifacthub\\cloudflare__cloudflared"
[90m1:22AM[0m [33mWRN[0m [1mNo charts found – skipping[0m [36mrepo=[0mcloudflare/cloudflared
[90m1:22AM[0m [32mINF[0m [1mProcessing repo[0m [36mrepo=[0mcockroachdb/cockroach [36mrepo_index=[0m143 [36mtotal=[0m486
[90m1:22AM[0m [32mINF[0m [1mAlready cloned – skipping[0m [36mdir=[0m"D:\\helm_clones_artifacthub\\cockroachdb__cockroach"
[90m1:22AM[0m [33mWRN[0m [1mNo charts found – skipping[0m [36mrepo=[0mcockroachdb/cockroach
[90m1:22AM[0m [32mINF[0m [1mProcessing repo[0m [36mrepo=[0mcontaineroo/helm-charts [36mrepo_index=[0m144 [36mtotal=[0m486
[90m1:22AM[0m [32mINF[0m [1mAlready cloned – skipping[0m [36mdir=[0m"D:\\helm_clones_artifacthub\\containeroo__helm-charts"
[90m1:22AM[0m [32mINF[0m [1mProcessing repo[0m [36mrepo=[0mprometheus/mysqld_exporter [36mrepo_index=[0m145 [36mtotal=[0m486
[90m1:22AM[0m [32mINF[0m [1mAlready cloned – skipping[0m [36mdir=[0m"D:\\helm_clones_artifacthub\\prometheus__mysqld_exporter"
[90m1:22AM[0m [33mWRN[0m [1mNo charts found – skipping[0m [36mrepo=[0mprometheus/mysqld_exporter
[90m1:22AM[0m [32mINF[0m [1mProcessing repo[0m [36mrepo=[0mfluxcd/flagger [36mrepo_index=[0m146 [36mtotal=[0m486
[90m1:22AM[0m [32mINF[0m [1mAlready cloned – skipping[0m [36mdir=[0m"D:\\helm_clones_artifacthub\\fluxcd__flagger"
[90m1:22AM[0m [32mINF[0m [1mProcessing repo[0m [36mrepo=[0mclearml/clearml-helm-charts [36mrepo_index=[0m147 [36mtotal=[0m486
[90m1:22AM[0m [32mINF[0m [1mAlready cloned – skipping[0m [36mdir=[0m"D:\\helm_clones_artifacthub\\clearml__clearml-helm-charts"
[90m1:22AM[0m [33mWRN[0m [1mChart not in catalog – skipping[0m [36mchart=[0m"D:\\helm_clones_artifacthub\\clearml__clearml-helm-charts\\charts\\clearml-agent"
[90m1:22AM[0m [33mWRN[0m [1mChart not in catalog – skipping[0m [36mchart=[0m"D:\\helm_clones_artifacthub\\clearml__clearml-helm-charts\\charts\\clearml-serving"
[90m1:22AM[0m [32mINF[0m [1mProcessing repo[0m [36mrepo=[0mcoder/coder [36mrepo_index=[0m148 [36mtotal=[0m486
[90m1:22AM[0m [32mINF[0m [1mAlready cloned – skipping[0m [36mdir=[0m"D:\\helm_clones_artifacthub\\coder__coder"
[90m1:22AM[0m [32mINF[0m [1mProcessing repo[0m [36mrepo=[0mDataDog/helm-charts [36mrepo_index=[0m149 [36mtotal=[0m486
[90m1:22AM[0m [32mINF[0m [1mAlready cloned – skipping[0m [36mdir=[0m"D:\\helm_clones_artifacthub\\DataDog__helm-charts"
[90m1:22AM[0m [33mWRN[0m [1mChart not in catalog – skipping[0m [36mchart=[0m"D:\\helm_clones_artifacthub\\DataDog__helm-charts\\charts\\datadog-crds"
[90m1:22AM[0m [33mWRN[0m [1mChart not in catalog – skipping[0m [36mchart=[0m"D:\\helm_clones_artifacthub\\DataDog__helm-charts\\charts\\datadog-csi-driver"
[90m1:22AM[0m [33mWRN[0m [1mChart not in catalog – skipping[0m [36mchart=[0m"D:\\helm_clones_artifacthub\\DataDog__helm-charts\\charts\\datadog-operator"
[90m1:22AM[0m [33mWRN[0m [1mChart not in catalog – skipping[0m [36mchart=[0m"D:\\helm_clones_artifacthub\\DataDog__helm-charts\\charts\\extended-daemon-set"
[90m1:22AM[0m [33mWRN[0m [1mChart not in catalog – skipping[0m [36mchart=[0m"D:\\helm_clones_artifacthub\\DataDog__helm-charts\\charts\\observability-pipelines-worker"
[90m1:22AM[0m [33mWRN[0m [1mChart not in catalog – skipping[0m [36mchart=[0m"D:\\helm_clones_artifacthub\\DataDog__helm-charts\\charts\\private-action-runner"
[90m1:22AM[0m [33mWRN[0m [1mChart not in catalog – skipping[0m [36mchart=[0m"D:\\helm_clones_artifacthub\\DataDog__helm-charts\\charts\\synthetics-private-location"
[90m1:22AM[0m [32mINF[0m [1mProcessing repo[0m [36mrepo=[0mcodefresh-io/gitops-runtime-helm [36mrepo_index=[0m150 [36mtotal=[0m486
[90m1:22AM[0m [32mINF[0m [1mAlready cloned – skipping[0m [36mdir=[0m"D:\\helm_clones_artifacthub\\codefresh-io__gitops-runtime-helm"
[90m1:22AM[0m [32mINF[0m [1mProcessing repo[0m [36mrepo=[0mpenpot/penpot-helm [36mrepo_index=[0m151 [36mtotal=[0m486
[90m1:22AM[0m [32mINF[0m [1mAlready cloned – skipping[0m [36mdir=[0m"D:\\helm_clones_artifacthub\\penpot__penpot-helm"
[90m1:22AM[0m [32mINF[0m [1mProcessing repo[0m [36mrepo=[0mWeblateOrg/helm [36mrepo_index=[0m152 [36mtotal=[0m486
[90m1:22AM[0m [32mINF[0m [1mAlready cloned – skipping[0m [36mdir=[0m"D:\\helm_clones_artifacthub\\WeblateOrg__helm"
[90m1:22AM[0m [32mINF[0m [1mProcessing repo[0m [36mrepo=[0mopensearch-project/helm-charts [36mrepo_index=[0m153 [36mtotal=[0m486
[90m1:22AM[0m [32mINF[0m [1mAlready cloned – skipping[0m [36mdir=[0m"D:\\helm_clones_artifacthub\\opensearch-project__helm-charts"
[90m1:22AM[0m [32mINF[0m [1mProcessing repo[0m [36mrepo=[0memberstack/kubernetes-reflector [36mrepo_index=[0m154 [36mtotal=[0m486
[90m1:22AM[0m [32mINF[0m [1mAlready cloned – skipping[0m [36mdir=[0m"D:\\helm_clones_artifacthub\\emberstack__kubernetes-reflector"
[90m1:22AM[0m [32mINF[0m [1mProcessing repo[0m [36mrepo=[0mkubernetes-sigs/sig-storage-local-static-provisioner [36mrepo_index=[0m155 [36mtotal=[0m486
[90m1:22AM[0m [32mINF[0m [1mAlready cloned – skipping[0m [36mdir=[0m"D:\\helm_clones_artifacthub\\kubernetes-sigs__sig-storage-local-static-provisioner"
[90m1:22AM[0m [32mINF[0m [1mProcessing repo[0m [36mrepo=[0mopenfga/openfga [36mrepo_index=[0m156 [36mtotal=[0m486
[90m1:22AM[0m [32mINF[0m [1mAlready cloned – skipping[0m [36mdir=[0m"D:\\helm_clones_artifacthub\\openfga__openfga"
[90m1:22AM[0m [33mWRN[0m [1mNo charts found – skipping[0m [36mrepo=[0mopenfga/openfga
[90m1:22AM[0m [32mINF[0m [1mProcessing repo[0m [36mrepo=[0msemaphoreui/semaphore [36mrepo_index=[0m157 [36mtotal=[0m486
[90m1:22AM[0m [32mINF[0m [1mAlready cloned – skipping[0m [36mdir=[0m"D:\\helm_clones_artifacthub\\semaphoreui__semaphore"
[90m1:22AM[0m [33mWRN[0m [1mNo charts found – skipping[0m [36mrepo=[0msemaphoreui/semaphore
[90m1:22AM[0m [32mINF[0m [1mProcessing repo[0m [36mrepo=[0mFlowiseAI/Flowise [36mrepo_index=[0m158 [36mtotal=[0m486
[90m1:22AM[0m [32mINF[0m [1mAlready cloned – skipping[0m [36mdir=[0m"D:\\helm_clones_artifacthub\\FlowiseAI__Flowise"
[90m1:22AM[0m [33mWRN[0m [1mNo charts found – skipping[0m [36mrepo=[0mFlowiseAI/Flowise
[90m1:22AM[0m [32mINF[0m [1mProcessing repo[0m [36mrepo=[0mdeliveryhero/helm-charts [36mrepo_index=[0m159 [36mtotal=[0m486
[90m1:22AM[0m [32mINF[0m [1mAlready cloned – skipping[0m [36mdir=[0m"D:\\helm_clones_artifacthub\\deliveryhero__helm-charts"
[90m1:22AM[0m [32mINF[0m [1mProcessing repo[0m [36mrepo=[0mkubernetes/api [36mrepo_index=[0m160 [36mtotal=[0m486
[90m1:22AM[0m [32mINF[0m [1mAlready cloned – skipping[0m [36mdir=[0m"D:\\helm_clones_artifacthub\\kubernetes__api"
[90m1:22AM[0m [33mWRN[0m [1mNo charts found – skipping[0m [36mrepo=[0mkubernetes/api
[90m1:22AM[0m [32mINF[0m [1mProcessing repo[0m [36mrepo=[0mdanielqsj/kafka_exporter [36mrepo_index=[0m161 [36mtotal=[0m486
[90m1:22AM[0m [32mINF[0m [1mAlready cloned – skipping[0m [36mdir=[0m"D:\\helm_clones_artifacthub\\danielqsj__kafka_exporter"
[90m1:22AM[0m [32mINF[0m [1mProcessing repo[0m [36mrepo=[0mmongodb/mongodb-kubernetes-operator [36mrepo_index=[0m162 [36mtotal=[0m486
[90m1:22AM[0m [32mINF[0m [1mAlready cloned – skipping[0m [36mdir=[0m"D:\\helm_clones_artifacthub\\mongodb__mongodb-kubernetes-operator"
[90m1:22AM[0m [33mWRN[0m [1mNo charts found – skipping[0m [36mrepo=[0mmongodb/mongodb-kubernetes-operator
[90m1:22AM[0m [32mINF[0m [1mProcessing repo[0m [36mrepo=[0mkeel-hq/keel [36mrepo_index=[0m163 [36mtotal=[0m486
[90m1:22AM[0m [32mINF[0m [1mAlready cloned – skipping[0m [36mdir=[0m"D:\\helm_clones_artifacthub\\keel-hq__keel"
[90m1:22AM[0m [32mINF[0m [1mProcessing repo[0m [36mrepo=[0mfission/fission [36mrepo_index=[0m164 [36mtotal=[0m486
[90m1:22AM[0m [32mINF[0m [1mAlready cloned – skipping[0m [36mdir=[0m"D:\\helm_clones_artifacthub\\fission__fission"
[90m1:22AM[0m [32mINF[0m [1mProcessing repo[0m [36mrepo=[0mmeshery/meshery-istio [36mrepo_index=[0m165 [36mtotal=[0m486
[90m1:22AM[0m [32mINF[0m [1mAlready cloned – skipping[0m [36mdir=[0m"D:\\helm_clones_artifacthub\\meshery__meshery-istio"
[90m1:22AM[0m [33mWRN[0m [1mNo charts found – skipping[0m [36mrepo=[0mmeshery/meshery-istio
[90m1:22AM[0m [32mINF[0m [1mProcessing repo[0m [36mrepo=[0mbitcoin/bitcoin [36mrepo_index=[0m166 [36mtotal=[0m486
[90m1:22AM[0m [32mINF[0m [1mAlready cloned – skipping[0m [36mdir=[0m"D:\\helm_clones_artifacthub\\bitcoin__bitcoin"
[90m1:22AM[0m [33mWRN[0m [1mNo charts found – skipping[0m [36mrepo=[0mbitcoin/bitcoin
[90m1:22AM[0m [32mINF[0m [1mProcessing repo[0m [36mrepo=[0mjouve/charts [36mrepo_index=[0m167 [36mtotal=[0m486
[90m1:22AM[0m [32mINF[0m [1mAlready cloned – skipping[0m [36mdir=[0m"D:\\helm_clones_artifacthub\\jouve__charts"
[90m1:22AM[0m [33mWRN[0m [1mChart not in catalog – skipping[0m [36mchart=[0m"D:\\helm_clones_artifacthub\\jouve__charts\\charts\\postgresql"
[90m1:22AM[0m [32mINF[0m [1mProcessing repo[0m [36mrepo=[0mmongo-express/mongo-express [36mrepo_index=[0m168 [36mtotal=[0m486
[90m1:22AM[0m [32mINF[0m [1mAlready cloned – skipping[0m [36mdir=[0m"D:\\helm_clones_artifacthub\\mongo-express__mongo-express"
[90m1:22AM[0m [33mWRN[0m [1mNo charts found – skipping[0m [36mrepo=[0mmongo-express/mongo-express
[90m1:22AM[0m [32mINF[0m [1mProcessing repo[0m [36mrepo=[0malibaba/nacos [36mrepo_index=[0m169 [36mtotal=[0m486
[90m1:22AM[0m [32mINF[0m [1mAlready cloned – skipping[0m [36mdir=[0m"D:\\helm_clones_artifacthub\\alibaba__nacos"
[90m1:22AM[0m [33mWRN[0m [1mNo charts found – skipping[0m [36mrepo=[0malibaba/nacos
[90m1:22AM[0m [32mINF[0m [1mProcessing repo[0m [36mrepo=[0memqx/emqx [36mrepo_index=[0m170 [36mtotal=[0m486
[90m1:22AM[0m [32mINF[0m [1mAlready cloned – skipping[0m [36mdir=[0m"D:\\helm_clones_artifacthub\\emqx__emqx"
[90m1:22AM[0m [32mINF[0m [1mProcessing repo[0m [36mrepo=[0mgroundhog2k/helm-charts [36mrepo_index=[0m171 [36mtotal=[0m486
[90m1:22AM[0m [32mINF[0m [1mAlready cloned – skipping[0m [36mdir=[0m"D:\\helm_clones_artifacthub\\groundhog2k__helm-charts"
[90m1:22AM[0m [33mWRN[0m [1mChart not in catalog – skipping[0m [36mchart=[0m"D:\\helm_clones_artifacthub\\groundhog2k__helm-charts\\charts\\gitea"
[90m1:22AM[0m [33mWRN[0m [1mChart not in catalog – skipping[0m [36mchart=[0m"D:\\helm_clones_artifacthub\\groundhog2k__helm-charts\\charts\\graylog"
[90m1:22AM[0m [33mWRN[0m [1mChart not in catalog – skipping[0m [36mchart=[0m"D:\\helm_clones_artifacthub\\groundhog2k__helm-charts\\charts\\mariadb"
[90m1:22AM[0m [33mWRN[0m [1mChart not in catalog – skipping[0m [36mchart=[0m"D:\\helm_clones_artifacthub\\groundhog2k__helm-charts\\charts\\mongodb"
[90m1:22AM[0m [33mWRN[0m [1mChart not in catalog – skipping[0m [36mchart=[0m"D:\\helm_clones_artifacthub\\groundhog2k__helm-charts\\charts\\mysql"
[90m1:22AM[0m [33mWRN[0m [1mChart not in catalog – skipping[0m [36mchart=[0m"D:\\helm_clones_artifacthub\\groundhog2k__helm-charts\\charts\\nextcloud"
[90m1:22AM[0m [33mWRN[0m [1mChart not in catalog – skipping[0m [36mchart=[0m"D:\\helm_clones_artifacthub\\groundhog2k__helm-charts\\charts\\postgres"
[90m1:22AM[0m [33mWRN[0m [1mChart not in catalog – skipping[0m [36mchart=[0m"D:\\helm_clones_artifacthub\\groundhog2k__helm-charts\\charts\\rabbitmq"
[90m1:22AM[0m [33mWRN[0m [1mChart not in catalog – skipping[0m [36mchart=[0m"D:\\helm_clones_artifacthub\\groundhog2k__helm-charts\\charts\\redis"
[90m1:22AM[0m [33mWRN[0m [1mChart not in catalog – skipping[0m [36mchart=[0m"D:\\helm_clones_artifacthub\\groundhog2k__helm-charts\\charts\\remark42"
[90m1:22AM[0m [33mWRN[0m [1mChart not in catalog – skipping[0m [36mchart=[0m"D:\\helm_clones_artifacthub\\groundhog2k__helm-charts\\charts\\valkey"
[90m1:22AM[0m [33mWRN[0m [1mChart not in catalog – skipping[0m [36mchart=[0m"D:\\helm_clones_artifacthub\\groundhog2k__helm-charts\\charts\\wordpress"
[90m1:22AM[0m [32mINF[0m [1mProcessing repo[0m [36mrepo=[0mseaweedfs/seaweedfs [36mrepo_index=[0m172 [36mtotal=[0m486
[90m1:22AM[0m [32mINF[0m [1mAlready cloned – skipping[0m [36mdir=[0m"D:\\helm_clones_artifacthub\\seaweedfs__seaweedfs"
[90m1:22AM[0m [32mINF[0m [1mProcessing repo[0m [36mrepo=[0mDependencyTrack/helm-charts [36mrepo_index=[0m173 [36mtotal=[0m486
[90m1:22AM[0m [32mINF[0m [1mAlready cloned – skipping[0m [36mdir=[0m"D:\\helm_clones_artifacthub\\DependencyTrack__helm-charts"
[90m1:22AM[0m [32mINF[0m [1mProcessing repo[0m [36mrepo=[0mapache/solr [36mrepo_index=[0m174 [36mtotal=[0m486
[90m1:22AM[0m [32mINF[0m [1mAlready cloned – skipping[0m [36mdir=[0m"D:\\helm_clones_artifacthub\\apache__solr"
[90m1:22AM[0m [33mWRN[0m [1mNo charts found – skipping[0m [36mrepo=[0mapache/solr
[90m1:22AM[0m [32mINF[0m [1mProcessing repo[0m [36mrepo=[0mzalando/patroni [36mrepo_index=[0m175 [36mtotal=[0m486
[90m1:22AM[0m [32mINF[0m [1mAlready cloned – skipping[0m [36mdir=[0m"D:\\helm_clones_artifacthub\\zalando__patroni"
[90m1:22AM[0m [33mWRN[0m [1mNo charts found – skipping[0m [36mrepo=[0mzalando/patroni
[90m1:22AM[0m [32mINF[0m [1mProcessing repo[0m [36mrepo=[0mnicholaswilde/helm-charts [36mrepo_index=[0m176 [36mtotal=[0m486
[90m1:22AM[0m [32mINF[0m [1mAlready cloned – skipping[0m [36mdir=[0m"D:\\helm_clones_artifacthub\\nicholaswilde__helm-charts"
[90m1:23AM[0m [32mINF[0m [1mProcessing repo[0m [36mrepo=[0mlanggenius/dify [36mrepo_index=[0m177 [36mtotal=[0m486
[90m1:23AM[0m [32mINF[0m [1mAlready cloned – skipping[0m [36mdir=[0m"D:\\helm_clones_artifacthub\\langgenius__dify"
[90m1:23AM[0m [33mWRN[0m [1mNo charts found – skipping[0m [36mrepo=[0mlanggenius/dify
[90m1:23AM[0m [32mINF[0m [1mProcessing repo[0m [36mrepo=[0mdragonflyoss/helm-charts [36mrepo_index=[0m178 [36mtotal=[0m486
[90m1:23AM[0m [32mINF[0m [1mAlready cloned – skipping[0m [36mdir=[0m"D:\\helm_clones_artifacthub\\dragonflyoss__helm-charts"
[90m1:23AM[0m [32mINF[0m [1mProcessing repo[0m [36mrepo=[0mmattermost/mattermost-helm [36mrepo_index=[0m179 [36mtotal=[0m486
[90m1:23AM[0m [32mINF[0m [1mAlready cloned – skipping[0m [36mdir=[0m"D:\\helm_clones_artifacthub\\mattermost__mattermost-helm"
[90m1:23AM[0m [32mINF[0m [1mProcessing repo[0m [36mrepo=[0mbottlerocket-os/bottlerocket [36mrepo_index=[0m180 [36mtotal=[0m486
[90m1:23AM[0m [32mINF[0m [1mAlready cloned – skipping[0m [36mdir=[0m"D:\\helm_clones_artifacthub\\bottlerocket-os__bottlerocket"
[90m1:23AM[0m [33mWRN[0m [1mNo charts found – skipping[0m [36mrepo=[0mbottlerocket-os/bottlerocket
[90m1:23AM[0m [32mINF[0m [1mProcessing repo[0m [36mrepo=[0mjfrog/charts [36mrepo_index=[0m181 [36mtotal=[0m486
[90m1:23AM[0m [32mINF[0m [1mAlready cloned – skipping[0m [36mdir=[0m"D:\\helm_clones_artifacthub\\jfrog__charts"
[90m1:23AM[0m [33mWRN[0m [1mChart not in catalog – skipping[0m [36mchart=[0m"D:\\helm_clones_artifacthub\\jfrog__charts\\stable\\artifactory-cpp-ce"
[90m1:23AM[0m [33mWRN[0m [1mChart not in catalog – skipping[0m [36mchart=[0m"D:\\helm_clones_artifacthub\\jfrog__charts\\stable\\artifactory-ha"
[90m1:23AM[0m [33mWRN[0m [1mChart not in catalog – skipping[0m [36mchart=[0m"D:\\helm_clones_artifacthub\\jfrog__charts\\stable\\artifactory-jcr"
[90m1:23AM[0m [33mWRN[0m [1mChart not in catalog – skipping[0m [36mchart=[0m"D:\\helm_clones_artifacthub\\jfrog__charts\\stable\\artifactory-oss"
[90m1:23AM[0m [33mWRN[0m [1mChart not in catalog – skipping[0m [36mchart=[0m"D:\\helm_clones_artifacthub\\jfrog__charts\\stable\\catalog"
[90m1:23AM[0m [33mWRN[0m [1mChart not in catalog – skipping[0m [36mchart=[0m"D:\\helm_clones_artifacthub\\jfrog__charts\\stable\\distribution"
[90m1:23AM[0m [33mWRN[0m [1mChart not in catalog – skipping[0m [36mchart=[0m"D:\\helm_clones_artifacthub\\jfrog__charts\\stable\\insight"
[90m1:23AM[0m [33mWRN[0m [1mChart not in catalog – skipping[0m [36mchart=[0m"D:\\helm_clones_artifacthub\\jfrog__charts\\stable\\jfrog-platform"
[90m1:23AM[0m [33mWRN[0m [1mChart not in catalog – skipping[0m [36mchart=[0m"D:\\helm_clones_artifacthub\\jfrog__charts\\stable\\pipelines"
[90m1:23AM[0m [33mWRN[0m [1mChart not in catalog – skipping[0m [36mchart=[0m"D:\\helm_clones_artifacthub\\jfrog__charts\\stable\\worker"
[90m1:23AM[0m [33mWRN[0m [1mChart not in catalog – skipping[0m [36mchart=[0m"D:\\helm_clones_artifacthub\\jfrog__charts\\stable\\xray"
[90m1:23AM[0m [33mWRN[0m [1mChart not in catalog – skipping[0m [36mchart=[0m"D:\\helm_clones_artifacthub\\jfrog__charts\\test\\cleaner\\jamadar"
[90m1:23AM[0m [32mINF[0m [1mProcessing repo[0m [36mrepo=[0mansible/awx [36mrepo_index=[0m182 [36mtotal=[0m486
[90m1:23AM[0m [32mINF[0m [1mAlready cloned – skipping[0m [36mdir=[0m"D:\\helm_clones_artifacthub\\ansible__awx"
[90m1:23AM[0m [33mWRN[0m [1mNo charts found – skipping[0m [36mrepo=[0mansible/awx
[90m1:23AM[0m [32mINF[0m [1mProcessing repo[0m [36mrepo=[0mcetic/helm-nifi [36mrepo_index=[0m183 [36mtotal=[0m486
[90m1:23AM[0m [32mINF[0m [1mAlready cloned – skipping[0m [36mdir=[0m"D:\\helm_clones_artifacthub\\cetic__helm-nifi"
[90m1:23AM[0m [32mINF[0m [1mProcessing repo[0m [36mrepo=[0mrancher/ui [36mrepo_index=[0m184 [36mtotal=[0m486
[90m1:23AM[0m [32mINF[0m [1mAlready cloned – skipping[0m [36mdir=[0m"D:\\helm_clones_artifacthub\\rancher__ui"
[90m1:23AM[0m [33mWRN[0m [1mNo charts found – skipping[0m [36mrepo=[0mrancher/ui
[90m1:23AM[0m [32mINF[0m [1mProcessing repo[0m [36mrepo=[0mSigNoz/charts [36mrepo_index=[0m185 [36mtotal=[0m486
[90m1:23AM[0m [32mINF[0m [1mAlready cloned – skipping[0m [36mdir=[0m"D:\\helm_clones_artifacthub\\SigNoz__charts"
[90m1:23AM[0m [33mWRN[0m [1mChart not in catalog – skipping[0m [36mchart=[0m"D:\\helm_clones_artifacthub\\SigNoz__charts\\charts\\signoz-otel-gateway"
[90m1:23AM[0m [33mWRN[0m [1mChart not in catalog – skipping[0m [36mchart=[0m"D:\\helm_clones_artifacthub\\SigNoz__charts\\charts\\zookeeper"
[90m1:23AM[0m [33mWRN[0m [1mChart not in catalog – skipping[0m [36mchart=[0m"D:\\helm_clones_artifacthub\\SigNoz__charts\\charts\\zookeeper\\charts\\common"
[90m1:23AM[0m [32mINF[0m [1mProcessing repo[0m [36mrepo=[0mkubeshark/kubeshark [36mrepo_index=[0m186 [36mtotal=[0m486
[90m1:23AM[0m [32mINF[0m [1mAlready cloned – skipping[0m [36mdir=[0m"D:\\helm_clones_artifacthub\\kubeshark__kubeshark"
[90m1:23AM[0m [32mINF[0m [1mProcessing repo[0m [36mrepo=[0melastic/beats [36mrepo_index=[0m187 [36mtotal=[0m486
[90m1:23AM[0m [32mINF[0m [1mAlready cloned – skipping[0m [36mdir=[0m"D:\\helm_clones_artifacthub\\elastic__beats"
[90m1:23AM[0m [33mWRN[0m [1mNo charts found – skipping[0m [36mrepo=[0melastic/beats
[90m1:23AM[0m [32mINF[0m [1mProcessing repo[0m [36mrepo=[0menix/kube-image-keeper [36mrepo_index=[0m188 [36mtotal=[0m486
[90m1:23AM[0m [32mINF[0m [1mAlready cloned – skipping[0m [36mdir=[0m"D:\\helm_clones_artifacthub\\enix__kube-image-keeper"
[90m1:23AM[0m [32mINF[0m [1mProcessing repo[0m [36mrepo=[0mFairwindsOps/polaris [36mrepo_index=[0m189 [36mtotal=[0m486
[90m1:23AM[0m [32mINF[0m [1mAlready cloned – skipping[0m [36mdir=[0m"D:\\helm_clones_artifacthub\\FairwindsOps__polaris"
[90m1:23AM[0m [33mWRN[0m [1mNo charts found – skipping[0m [36mrepo=[0mFairwindsOps/polaris
[90m1:23AM[0m [32mINF[0m [1mProcessing repo[0m [36mrepo=[0mgrafana/tempo [36mrepo_index=[0m190 [36mtotal=[0m486
[90m1:23AM[0m [32mINF[0m [1mAlready cloned – skipping[0m [36mdir=[0m"D:\\helm_clones_artifacthub\\grafana__tempo"
[90m1:23AM[0m [33mWRN[0m [1mNo charts found – skipping[0m [36mrepo=[0mgrafana/tempo
[90m1:23AM[0m [32mINF[0m [1mProcessing repo[0m [36mrepo=[0mgabe565/charts [36mrepo_index=[0m191 [36mtotal=[0m486
[90m1:23AM[0m [32mINF[0m [1mAlready cloned – skipping[0m [36mdir=[0m"D:\\helm_clones_artifacthub\\gabe565__charts"
[90m1:23AM[0m [33mWRN[0m [1mChart not in catalog – skipping[0m [36mchart=[0m"D:\\helm_clones_artifacthub\\gabe565__charts\\charts\\ascii-movie"
[90m1:23AM[0m [33mWRN[0m [1mChart not in catalog – skipping[0m [36mchart=[0m"D:\\helm_clones_artifacthub\\gabe565__charts\\charts\\bookstack"
[90m1:23AM[0m [33mWRN[0m [1mChart not in catalog – skipping[0m [36mchart=[0m"D:\\helm_clones_artifacthub\\gabe565__charts\\charts\\borgmatic"
[90m1:23AM[0m [33mWRN[0m [1mChart not in catalog – skipping[0m [36mchart=[0m"D:\\helm_clones_artifacthub\\gabe565__charts\\charts\\castsponsorskip"
[90m1:23AM[0m [33mWRN[0m [1mChart not in catalog – skipping[0m [36mchart=[0m"D:\\helm_clones_artifacthub\\gabe565__charts\\charts\\changedetection-io"
[90m1:23AM[0m [33mWRN[0m [1mChart not in catalog – skipping[0m [36mchart=[0m"D:\\helm_clones_artifacthub\\gabe565__charts\\charts\\domain-watch"
[90m1:23AM[0m [33mWRN[0m [1mChart not in catalog – skipping[0m [36mchart=[0m"D:\\helm_clones_artifacthub\\gabe565__charts\\charts\\esphome"
[90m1:23AM[0m [33mWRN[0m [1mChart not in catalog – skipping[0m [36mchart=[0m"D:\\helm_clones_artifacthub\\gabe565__charts\\charts\\flame"
[90m1:23AM[0m [33mWRN[0m [1mChart not in catalog – skipping[0m [36mchart=[0m"D:\\helm_clones_artifacthub\\gabe565__charts\\charts\\generic-device-plugin"
[90m1:23AM[0m [33mWRN[0m [1mChart not in catalog – skipping[0m [36mchart=[0m"D:\\helm_clones_artifacthub\\gabe565__charts\\charts\\gotify"
[90m1:23AM[0m [33mWRN[0m [1mChart not in catalog – skipping[0m [36mchart=[0m"D:\\helm_clones_artifacthub\\gabe565__charts\\charts\\hammond"
[90m1:23AM[0m [33mWRN[0m [1mChart not in catalog – skipping[0m [36mchart=[0m"D:\\helm_clones_artifacthub\\gabe565__charts\\charts\\headscale"
[90m1:23AM[0m [33mWRN[0m [1mChart not in catalog – skipping[0m [36mchart=[0m"D:\\helm_clones_artifacthub\\gabe565__charts\\charts\\healthchecks"
[90m1:23AM[0m [33mWRN[0m [1mChart not in catalog – skipping[0m [36mchart=[0m"D:\\helm_clones_artifacthub\\gabe565__charts\\charts\\home-assistant"
[90m1:23AM[0m [33mWRN[0m [1mChart not in catalog – skipping[0m [36mchart=[0m"D:\\helm_clones_artifacthub\\gabe565__charts\\charts\\homer"
[90m1:23AM[0m [33mWRN[0m [1mChart not in catalog – skipping[0m [36mchart=[0m"D:\\helm_clones_artifacthub\\gabe565__charts\\charts\\keydb"
[90m1:23AM[0m [33mWRN[0m [1mChart not in catalog – skipping[0m [36mchart=[0m"D:\\helm_clones_artifacthub\\gabe565__charts\\charts\\limo"
[90m1:23AM[0m [33mWRN[0m [1mChart not in catalog – skipping[0m [36mchart=[0m"D:\\helm_clones_artifacthub\\gabe565__charts\\charts\\matrimony"
[90m1:23AM[0m [33mWRN[0m [1mChart not in catalog – skipping[0m [36mchart=[0m"D:\\helm_clones_artifacthub\\gabe565__charts\\charts\\memos"
[90m1:23AM[0m [33mWRN[0m [1mChart not in catalog – skipping[0m [36mchart=[0m"D:\\helm_clones_artifacthub\\gabe565__charts\\charts\\miniflux"
[90m1:23AM[0m [33mWRN[0m [1mChart not in catalog – skipping[0m [36mchart=[0m"D:\\helm_clones_artifacthub\\gabe565__charts\\charts\\mnemonic-ninja"
[90m1:23AM[0m [33mWRN[0m [1mChart not in catalog – skipping[0m [36mchart=[0m"D:\\helm_clones_artifacthub\\gabe565__charts\\charts\\monica"
[90m1:23AM[0m [33mWRN[0m [1mChart not in catalog – skipping[0m [36mchart=[0m"D:\\helm_clones_artifacthub\\gabe565__charts\\charts\\nightscout"
[90m1:23AM[0m [33mWRN[0m [1mChart not in catalog – skipping[0m [36mchart=[0m"D:\\helm_clones_artifacthub\\gabe565__charts\\charts\\obico"
[90m1:23AM[0m [33mWRN[0m [1mChart not in catalog – skipping[0m [36mchart=[0m"D:\\helm_clones_artifacthub\\gabe565__charts\\charts\\paperless-ngx"
[90m1:23AM[0m [33mWRN[0m [1mChart not in catalog – skipping[0m [36mchart=[0m"D:\\helm_clones_artifacthub\\gabe565__charts\\charts\\pictshare"
[90m1:23AM[0m [33mWRN[0m [1mChart not in catalog – skipping[0m [36mchart=[0m"D:\\helm_clones_artifacthub\\gabe565__charts\\charts\\plex"
[90m1:23AM[0m [33mWRN[0m [1mChart not in catalog – skipping[0m [36mchart=[0m"D:\\helm_clones_artifacthub\\gabe565__charts\\charts\\podgrab"
[90m1:23AM[0m [33mWRN[0m [1mChart not in catalog – skipping[0m [36mchart=[0m"D:\\helm_clones_artifacthub\\gabe565__charts\\charts\\qbittorrent"
[90m1:23AM[0m [33mWRN[0m [1mChart not in catalog – skipping[0m [36mchart=[0m"D:\\helm_clones_artifacthub\\gabe565__charts\\charts\\relax-sounds"
[90m1:23AM[0m [33mWRN[0m [1mChart not in catalog – skipping[0m [36mchart=[0m"D:\\helm_clones_artifacthub\\gabe565__charts\\charts\\rss-bridge"
[90m1:23AM[0m [33mWRN[0m [1mChart not in catalog – skipping[0m [36mchart=[0m"D:\\helm_clones_artifacthub\\gabe565__charts\\charts\\rsshub"
[90m1:23AM[0m [33mWRN[0m [1mChart not in catalog – skipping[0m [36mchart=[0m"D:\\helm_clones_artifacthub\\gabe565__charts\\charts\\scanservjs"
[90m1:23AM[0m [33mWRN[0m [1mChart not in catalog – skipping[0m [36mchart=[0m"D:\\helm_clones_artifacthub\\gabe565__charts\\charts\\smarter-device-manager"
[90m1:23AM[0m [33mWRN[0m [1mChart not in catalog – skipping[0m [36mchart=[0m"D:\\helm_clones_artifacthub\\gabe565__charts\\charts\\tandoor"
[90m1:23AM[0m [33mWRN[0m [1mChart not in catalog – skipping[0m [36mchart=[0m"D:\\helm_clones_artifacthub\\gabe565__charts\\charts\\transsmute"
[90m1:23AM[0m [33mWRN[0m [1mChart not in catalog – skipping[0m [36mchart=[0m"D:\\helm_clones_artifacthub\\gabe565__charts\\charts\\vaultwarden"
[90m1:23AM[0m [32mINF[0m [1mProcessing repo[0m [36mrepo=[0mEugenMayer/helm-charts [36mrepo_index=[0m192 [36mtotal=[0m486
[90m1:23AM[0m [32mINF[0m [1mAlready cloned – skipping[0m [36mdir=[0m"D:\\helm_clones_artifacthub\\EugenMayer__helm-charts"
[90m1:23AM[0m [32mINF[0m [1mProcessing repo[0m [36mrepo=[0mlangfuse/langfuse [36mrepo_index=[0m193 [36mtotal=[0m486
[90m1:23AM[0m [32mINF[0m [1mAlready cloned – skipping[0m [36mdir=[0m"D:\\helm_clones_artifacthub\\langfuse__langfuse"
[90m1:23AM[0m [33mWRN[0m [1mNo charts found – skipping[0m [36mrepo=[0mlangfuse/langfuse
[90m1:23AM[0m [32mINF[0m [1mProcessing repo[0m [36mrepo=[0mmeilisearch/meilisearch [36mrepo_index=[0m194 [36mtotal=[0m486
[90m1:23AM[0m [32mINF[0m [1mAlready cloned – skipping[0m [36mdir=[0m"D:\\helm_clones_artifacthub\\meilisearch__meilisearch"
[90m1:23AM[0m [33mWRN[0m [1mNo charts found – skipping[0m [36mrepo=[0mmeilisearch/meilisearch
[90m1:23AM[0m [32mINF[0m [1mProcessing repo[0m [36mrepo=[0mSumoLogic/sumologic-kubernetes-collection [36mrepo_index=[0m195 [36mtotal=[0m486
[90m1:23AM[0m [32mINF[0m [1mAlready cloned – skipping[0m [36mdir=[0m"D:\\helm_clones_artifacthub\\SumoLogic__sumologic-kubernetes-collection"
[90m1:23AM[0m [32mINF[0m [1mProcessing repo[0m [36mrepo=[0mcontainers/common [36mrepo_index=[0m196 [36mtotal=[0m486
[90m1:23AM[0m [32mINF[0m [1mAlready cloned – skipping[0m [36mdir=[0m"D:\\helm_clones_artifacthub\\containers__common"
[90m1:23AM[0m [33mWRN[0m [1mNo charts found – skipping[0m [36mrepo=[0mcontainers/common
[90m1:23AM[0m [32mINF[0m [1mProcessing repo[0m [36mrepo=[0mkubevela/kubevela [36mrepo_index=[0m197 [36mtotal=[0m486
[90m1:23AM[0m [32mINF[0m [1mAlready cloned – skipping[0m [36mdir=[0m"D:\\helm_clones_artifacthub\\kubevela__kubevela"
[90m1:23AM[0m [32mINF[0m [1mProcessing repo[0m [36mrepo=[0mverdaccio/charts [36mrepo_index=[0m198 [36mtotal=[0m486
[90m1:23AM[0m [32mINF[0m [1mAlready cloned – skipping[0m [36mdir=[0m"D:\\helm_clones_artifacthub\\verdaccio__charts"
[90m1:23AM[0m [32mINF[0m [1mProcessing repo[0m [36mrepo=[0mgocd/helm-chart [36mrepo_index=[0m199 [36mtotal=[0m486
[90m1:23AM[0m [32mINF[0m [1mAlready cloned – skipping[0m [36mdir=[0m"D:\\helm_clones_artifacthub\\gocd__helm-chart"
[90m1:23AM[0m [32mINF[0m [1mProcessing repo[0m [36mrepo=[0mk8sgpt-ai/k8sgpt-operator [36mrepo_index=[0m200 [36mtotal=[0m486
[90m1:23AM[0m [32mINF[0m [1mAlready cloned – skipping[0m [36mdir=[0m"D:\\helm_clones_artifacthub\\k8sgpt-ai__k8sgpt-operator"
[90m1:23AM[0m [32mINF[0m [1mProcessing repo[0m [36mrepo=[0mk8tz/k8tz [36mrepo_index=[0m201 [36mtotal=[0m486
[90m1:23AM[0m [32mINF[0m [1mAlready cloned – skipping[0m [36mdir=[0m"D:\\helm_clones_artifacthub\\k8tz__k8tz"
[90m1:23AM[0m [32mINF[0m [1mProcessing repo[0m [36mrepo=[0mkestra-io/kestra [36mrepo_index=[0m202 [36mtotal=[0m486
[90m1:23AM[0m [32mINF[0m [1mAlready cloned – skipping[0m [36mdir=[0m"D:\\helm_clones_artifacthub\\kestra-io__kestra"
[90m1:23AM[0m [32mINF[0m [1mProcessing repo[0m [36mrepo=[0mnginx/nginx-gateway-fabric [36mrepo_index=[0m203 [36mtotal=[0m486
[90m1:23AM[0m [32mINF[0m [1mAlready cloned – skipping[0m [36mdir=[0m"D:\\helm_clones_artifacthub\\nginx__nginx-gateway-fabric"
[90m1:23AM[0m [32mINF[0m [1mProcessing repo[0m [36mrepo=[0menix/san-iscsi-csi [36mrepo_index=[0m204 [36mtotal=[0m486
[90m1:23AM[0m [32mINF[0m [1mAlready cloned – skipping[0m [36mdir=[0m"D:\\helm_clones_artifacthub\\enix__san-iscsi-csi"
[90m1:23AM[0m [32mINF[0m [1mProcessing repo[0m [36mrepo=[0mdrakkan/sftpgo [36mrepo_index=[0m205 [36mtotal=[0m486
[90m1:23AM[0m [32mINF[0m [1mAlready cloned – skipping[0m [36mdir=[0m"D:\\helm_clones_artifacthub\\drakkan__sftpgo"
[90m1:23AM[0m [33mWRN[0m [1mNo charts found – skipping[0m [36mrepo=[0mdrakkan/sftpgo
[90m1:23AM[0m [32mINF[0m [1mProcessing repo[0m [36mrepo=[0mbackube/volsync [36mrepo_index=[0m206 [36mtotal=[0m486
[90m1:23AM[0m [32mINF[0m [1mAlready cloned – skipping[0m [36mdir=[0m"D:\\helm_clones_artifacthub\\backube__volsync"
[90m1:23AM[0m [32mINF[0m [1mProcessing repo[0m [36mrepo=[0mconcourse/concourse-chart [36mrepo_index=[0m207 [36mtotal=[0m486
[90m1:23AM[0m [32mINF[0m [1mAlready cloned – skipping[0m [36mdir=[0m"D:\\helm_clones_artifacthub\\concourse__concourse-chart"
[90m1:23AM[0m [32mINF[0m [1mProcessing repo[0m [36mrepo=[0mDynatrace/dynatrace-operator [36mrepo_index=[0m208 [36mtotal=[0m486
[90m1:23AM[0m [32mINF[0m [1mAlready cloned – skipping[0m [36mdir=[0m"D:\\helm_clones_artifacthub\\Dynatrace__dynatrace-operator"
[90m1:23AM[0m [32mINF[0m [1mProcessing repo[0m [36mrepo=[0mkubernetes/community [36mrepo_index=[0m209 [36mtotal=[0m486
[90m1:23AM[0m [32mINF[0m [1mAlready cloned – skipping[0m [36mdir=[0m"D:\\helm_clones_artifacthub\\kubernetes__community"
[90m1:23AM[0m [33mWRN[0m [1mNo charts found – skipping[0m [36mrepo=[0mkubernetes/community
[90m1:23AM[0m [32mINF[0m [1mProcessing repo[0m [36mrepo=[0maws/amazon-vpc-cni-k8s [36mrepo_index=[0m210 [36mtotal=[0m486
[90m1:23AM[0m [32mINF[0m [1mAlready cloned – skipping[0m [36mdir=[0m"D:\\helm_clones_artifacthub\\aws__amazon-vpc-cni-k8s"
[90m1:23AM[0m [32mINF[0m [1mProcessing repo[0m [36mrepo=[0mfrappe/frappe [36mrepo_index=[0m211 [36mtotal=[0m486
[90m1:23AM[0m [32mINF[0m [1mAlready cloned – skipping[0m [36mdir=[0m"D:\\helm_clones_artifacthub\\frappe__frappe"
[90m1:23AM[0m [33mWRN[0m [1mNo charts found – skipping[0m [36mrepo=[0mfrappe/frappe
[90m1:23AM[0m [32mINF[0m [1mProcessing repo[0m [36mrepo=[0mhelm/charts [36mrepo_index=[0m212 [36mtotal=[0m486
[90m1:23AM[0m [32mINF[0m [1mAlready cloned – skipping[0m [36mdir=[0m"D:\\helm_clones_artifacthub\\helm__charts"
[90m1:23AM[0m [33mWRN[0m [1mChart not in catalog – skipping[0m [36mchart=[0m"D:\\helm_clones_artifacthub\\helm__charts\\incubator\\docker-registry"
[90m1:23AM[0m [33mWRN[0m [1mChart not in catalog – skipping[0m [36mchart=[0m"D:\\helm_clones_artifacthub\\helm__charts\\incubator\\drone"
[90m1:23AM[0m [33mWRN[0m [1mChart not in catalog – skipping[0m [36mchart=[0m"D:\\helm_clones_artifacthub\\helm__charts\\incubator\\druid"
[90m1:23AM[0m [33mWRN[0m [1mChart not in catalog – skipping[0m [36mchart=[0m"D:\\helm_clones_artifacthub\\helm__charts\\incubator\\elastic-stack"
[90m1:23AM[0m [33mWRN[0m [1mChart not in catalog – skipping[0m [36mchart=[0m"D:\\helm_clones_artifacthub\\helm__charts\\incubator\\elasticsearch"
[90m1:23AM[0m [33mWRN[0m [1mChart not in catalog – skipping[0m [36mchart=[0m"D:\\helm_clones_artifacthub\\helm__charts\\incubator\\elasticsearch-curator"
[90m1:23AM[0m [33mWRN[0m [1mChart not in catalog – skipping[0m [36mchart=[0m"D:\\helm_clones_artifacthub\\helm__charts\\incubator\\etcd"
[90m1:23AM[0m [33mWRN[0m [1mChart not in catalog – skipping[0m [36mchart=[0m"D:\\helm_clones_artifacthub\\helm__charts\\incubator\\fluentd"
[90m1:23AM[0m [33mWRN[0m [1mChart not in catalog – skipping[0m [36mchart=[0m"D:\\helm_clones_artifacthub\\helm__charts\\incubator\\fluentd-cloudwatch"
[90m1:23AM[0m [33mWRN[0m [1mChart not in catalog – skipping[0m [36mchart=[0m"D:\\helm_clones_artifacthub\\helm__charts\\incubator\\fluentd-elasticsearch"
[90m1:23AM[0m [33mWRN[0m [1mChart not in catalog – skipping[0m [36mchart=[0m"D:\\helm_clones_artifacthub\\helm__charts\\incubator\\gocd"
[90m1:23AM[0m [33mWRN[0m [1mChart not in catalog – skipping[0m [36mchart=[0m"D:\\helm_clones_artifacthub\\helm__charts\\incubator\\gogs"
[90m1:23AM[0m [33mWRN[0m [1mChart not in catalog – skipping[0m [36mchart=[0m"D:\\helm_clones_artifacthub\\helm__charts\\incubator\\goldfish"
[90m1:23AM[0m [33mWRN[0m [1mChart not in catalog – skipping[0m [36mchart=[0m"D:\\helm_clones_artifacthub\\helm__charts\\incubator\\grafana"
[90m1:23AM[0m [33mWRN[0m [1mChart not in catalog – skipping[0m [36mchart=[0m"D:\\helm_clones_artifacthub\\helm__charts\\incubator\\haproxy-ingress"
[90m1:23AM[0m [33mWRN[0m [1mChart not in catalog – skipping[0m [36mchart=[0m"D:\\helm_clones_artifacthub\\helm__charts\\incubator\\honeydipper"
[90m1:23AM[0m [33mWRN[0m [1mChart not in catalog – skipping[0m [36mchart=[0m"D:\\helm_clones_artifacthub\\helm__charts\\incubator\\hoverfly"
[90m1:23AM[0m [33mWRN[0m [1mChart not in catalog – skipping[0m [36mchart=[0m"D:\\helm_clones_artifacthub\\helm__charts\\incubator\\istio"
[90m1:23AM[0m [33mWRN[0m [1mChart not in catalog – skipping[0m [36mchart=[0m"D:\\helm_clones_artifacthub\\helm__charts\\incubator\\jaeger"
[90m1:23AM[0m [33mWRN[0m [1mChart not in catalog – skipping[0m [36mchart=[0m"D:\\helm_clones_artifacthub\\helm__charts\\incubator\\jenkins-operator"
[90m1:23AM[0m [33mWRN[0m [1mChart not in catalog – skipping[0m [36mchart=[0m"D:\\helm_clones_artifacthub\\helm__charts\\incubator\\kafka"
[90m1:23AM[0m [33mWRN[0m [1mChart not in catalog – skipping[0m [36mchart=[0m"D:\\helm_clones_artifacthub\\helm__charts\\incubator\\keycloak"
[90m1:23AM[0m [33mWRN[0m [1mChart not in catalog – skipping[0m [36mchart=[0m"D:\\helm_clones_artifacthub\\helm__charts\\incubator\\keycloak-proxy"
[90m1:23AM[0m [33mWRN[0m [1mChart not in catalog – skipping[0m [36mchart=[0m"D:\\helm_clones_artifacthub\\helm__charts\\incubator\\kube-downscaler"
[90m1:23AM[0m [33mWRN[0m [1mChart not in catalog – skipping[0m [36mchart=[0m"D:\\helm_clones_artifacthub\\helm__charts\\incubator\\kube-janitor"
[90m1:23AM[0m [33mWRN[0m [1mChart not in catalog – skipping[0m [36mchart=[0m"D:\\helm_clones_artifacthub\\helm__charts\\incubator\\kube-ops-view"
[90m1:23AM[0m [33mWRN[0m [1mChart not in catalog – skipping[0m [36mchart=[0m"D:\\helm_clones_artifacthub\\helm__charts\\incubator\\kube-registry-proxy"
[90m1:23AM[0m [33mWRN[0m [1mChart not in catalog – skipping[0m [36mchart=[0m"D:\\helm_clones_artifacthub\\helm__charts\\incubator\\kube-spot-termination-notice-handler"
[90m1:23AM[0m [33mWRN[0m [1mChart not in catalog – skipping[0m [36mchart=[0m"D:\\helm_clones_artifacthub\\helm__charts\\incubator\\kubeless"
[90m1:23AM[0m [33mWRN[0m [1mChart not in catalog – skipping[0m [36mchart=[0m"D:\\helm_clones_artifacthub\\helm__charts\\incubator\\kubernetes-vault"
[90m1:23AM[0m [33mWRN[0m [1mChart not in catalog – skipping[0m [36mchart=[0m"D:\\helm_clones_artifacthub\\helm__charts\\incubator\\kubewatch"
[90m1:23AM[0m [33mWRN[0m [1mChart not in catalog – skipping[0m [36mchart=[0m"D:\\helm_clones_artifacthub\\helm__charts\\incubator\\logstash"
[90m1:23AM[0m [33mWRN[0m [1mChart not in catalog – skipping[0m [36mchart=[0m"D:\\helm_clones_artifacthub\\helm__charts\\incubator\\mongodb"
[90m1:23AM[0m [33mWRN[0m [1mChart not in catalog – skipping[0m [36mchart=[0m"D:\\helm_clones_artifacthub\\helm__charts\\incubator\\mongodb-replicaset"
[90m1:23AM[0m [33mWRN[0m [1mChart not in catalog – skipping[0m [36mchart=[0m"D:\\helm_clones_artifacthub\\helm__charts\\incubator\\mysqlha"
[90m1:23AM[0m [33mWRN[0m [1mChart not in catalog – skipping[0m [36mchart=[0m"D:\\helm_clones_artifacthub\\helm__charts\\incubator\\neo4j"
[90m1:23AM[0m [33mWRN[0m [1mChart not in catalog – skipping[0m [36mchart=[0m"D:\\helm_clones_artifacthub\\helm__charts\\incubator\\oauth-proxy"
[90m1:23AM[0m [33mWRN[0m [1mChart not in catalog – skipping[0m [36mchart=[0m"D:\\helm_clones_artifacthub\\helm__charts\\incubator\\orientdb"
[90m1:23AM[0m [33mWRN[0m [1mChart not in catalog – skipping[0m [36mchart=[0m"D:\\helm_clones_artifacthub\\helm__charts\\incubator\\patroni"
[90m1:23AM[0m [33mWRN[0m [1mChart not in catalog – skipping[0m [36mchart=[0m"D:\\helm_clones_artifacthub\\helm__charts\\incubator\\prometheus"
[90m1:23AM[0m [33mWRN[0m [1mChart not in catalog – skipping[0m [36mchart=[0m"D:\\helm_clones_artifacthub\\helm__charts\\incubator\\puppet-forge"
[90m1:23AM[0m [33mWRN[0m [1mChart not in catalog – skipping[0m [36mchart=[0m"D:\\helm_clones_artifacthub\\helm__charts\\incubator\\raw"
[90m1:23AM[0m [33mWRN[0m [1mChart not in catalog – skipping[0m [36mchart=[0m"D:\\helm_clones_artifacthub\\helm__charts\\incubator\\redis-cache"
[90m1:23AM[0m [33mWRN[0m [1mChart not in catalog – skipping[0m [36mchart=[0m"D:\\helm_clones_artifacthub\\helm__charts\\incubator\\riemann"
[90m1:23AM[0m [33mWRN[0m [1mChart not in catalog – skipping[0m [36mchart=[0m"D:\\helm_clones_artifacthub\\helm__charts\\incubator\\rundeck"
[90m1:23AM[0m [33mWRN[0m [1mChart not in catalog – skipping[0m [36mchart=[0m"D:\\helm_clones_artifacthub\\helm__charts\\incubator\\schema-registry"
[90m1:23AM[0m [33mWRN[0m [1mChart not in catalog – skipping[0m [36mchart=[0m"D:\\helm_clones_artifacthub\\helm__charts\\incubator\\sentry-kubernetes"
[90m1:23AM[0m [33mWRN[0m [1mChart not in catalog – skipping[0m [36mchart=[0m"D:\\helm_clones_artifacthub\\helm__charts\\incubator\\solr"
[90m1:23AM[0m [33mWRN[0m [1mChart not in catalog – skipping[0m [36mchart=[0m"D:\\helm_clones_artifacthub\\helm__charts\\incubator\\spark"
[90m1:23AM[0m [33mWRN[0m [1mChart not in catalog – skipping[0m [36mchart=[0m"D:\\helm_clones_artifacthub\\helm__charts\\incubator\\sparkoperator"
[90m1:23AM[0m [33mWRN[0m [1mChart not in catalog – skipping[0m [36mchart=[0m"D:\\helm_clones_artifacthub\\helm__charts\\incubator\\spring-cloud-data-flow"
[90m1:23AM[0m [33mWRN[0m [1mChart not in catalog – skipping[0m [36mchart=[0m"D:\\helm_clones_artifacthub\\helm__charts\\incubator\\tensorflow-inception"
[90m1:23AM[0m [33mWRN[0m [1mChart not in catalog – skipping[0m [36mchart=[0m"D:\\helm_clones_artifacthub\\helm__charts\\incubator\\vault"
[90m1:23AM[0m [33mWRN[0m [1mChart not in catalog – skipping[0m [36mchart=[0m"D:\\helm_clones_artifacthub\\helm__charts\\incubator\\vaultingkube"
[90m1:23AM[0m [33mWRN[0m [1mChart not in catalog – skipping[0m [36mchart=[0m"D:\\helm_clones_artifacthub\\helm__charts\\incubator\\webpagetest-agent"
[90m1:23AM[0m [33mWRN[0m [1mChart not in catalog – skipping[0m [36mchart=[0m"D:\\helm_clones_artifacthub\\helm__charts\\incubator\\webpagetest-server"
[90m1:23AM[0m [33mWRN[0m [1mChart not in catalog – skipping[0m [36mchart=[0m"D:\\helm_clones_artifacthub\\helm__charts\\incubator\\xray"
[90m1:23AM[0m [33mWRN[0m [1mChart not in catalog – skipping[0m [36mchart=[0m"D:\\helm_clones_artifacthub\\helm__charts\\incubator\\zookeeper"
[90m1:23AM[0m [33mWRN[0m [1mChart not in catalog – skipping[0m [36mchart=[0m"D:\\helm_clones_artifacthub\\helm__charts\\stable\\acs-engine-autoscaler"
[90m1:23AM[0m [33mWRN[0m [1mChart not in catalog – skipping[0m [36mchart=[0m"D:\\helm_clones_artifacthub\\helm__charts\\stable\\aerospike"
[90m1:23AM[0m [33mWRN[0m [1mChart not in catalog – skipping[0m [36mchart=[0m"D:\\helm_clones_artifacthub\\helm__charts\\stable\\airflow"
[90m1:23AM[0m [33mWRN[0m [1mChart not in catalog – skipping[0m [36mchart=[0m"D:\\helm_clones_artifacthub\\helm__charts\\stable\\ambassador"
[90m1:23AM[0m [33mWRN[0m [1mChart not in catalog – skipping[0m [36mchart=[0m"D:\\helm_clones_artifacthub\\helm__charts\\stable\\anchore-engine"
[90m1:23AM[0m [33mWRN[0m [1mChart not in catalog – skipping[0m [36mchart=[0m"D:\\helm_clones_artifacthub\\helm__charts\\stable\\anchore-engine\\charts\\postgresql"
[90m1:23AM[0m [33mWRN[0m [1mChart not in catalog – skipping[0m [36mchart=[0m"D:\\helm_clones_artifacthub\\helm__charts\\stable\\apm-server"
[90m1:23AM[0m [33mWRN[0m [1mChart not in catalog – skipping[0m [36mchart=[0m"D:\\helm_clones_artifacthub\\helm__charts\\stable\\ark"
[90m1:23AM[0m [33mWRN[0m [1mChart not in catalog – skipping[0m [36mchart=[0m"D:\\helm_clones_artifacthub\\helm__charts\\stable\\artifactory"
[90m1:23AM[0m [33mWRN[0m [1mChart not in catalog – skipping[0m [36mchart=[0m"D:\\helm_clones_artifacthub\\helm__charts\\stable\\artifactory-ha"
[90m1:23AM[0m [33mWRN[0m [1mChart not in catalog – skipping[0m [36mchart=[0m"D:\\helm_clones_artifacthub\\helm__charts\\stable\\atlantis"
[90m1:23AM[0m [33mWRN[0m [1mChart not in catalog – skipping[0m [36mchart=[0m"D:\\helm_clones_artifacthub\\helm__charts\\stable\\auditbeat"
[90m1:23AM[0m [33mWRN[0m [1mChart not in catalog – skipping[0m [36mchart=[0m"D:\\helm_clones_artifacthub\\helm__charts\\stable\\aws-cluster-autoscaler"
[90m1:23AM[0m [33mWRN[0m [1mChart not in catalog – skipping[0m [36mchart=[0m"D:\\helm_clones_artifacthub\\helm__charts\\stable\\aws-iam-authenticator"
[90m1:23AM[0m [33mWRN[0m [1mChart not in catalog – skipping[0m [36mchart=[0m"D:\\helm_clones_artifacthub\\helm__charts\\stable\\bitcoind"
[90m1:23AM[0m [33mWRN[0m [1mChart not in catalog – skipping[0m [36mchart=[0m"D:\\helm_clones_artifacthub\\helm__charts\\stable\\bookstack"
[90m1:23AM[0m [33mWRN[0m [1mChart not in catalog – skipping[0m [36mchart=[0m"D:\\helm_clones_artifacthub\\helm__charts\\stable\\buildkite"
[90m1:23AM[0m [33mWRN[0m [1mChart not in catalog – skipping[0m [36mchart=[0m"D:\\helm_clones_artifacthub\\helm__charts\\stable\\burrow"
[90m1:23AM[0m [33mWRN[0m [1mChart not in catalog – skipping[0m [36mchart=[0m"D:\\helm_clones_artifacthub\\helm__charts\\stable\\centrifugo"
[90m1:23AM[0m [33mWRN[0m [1mChart not in catalog – skipping[0m [36mchart=[0m"D:\\helm_clones_artifacthub\\helm__charts\\stable\\cerebro"
[90m1:23AM[0m [33mWRN[0m [1mChart not in catalog – skipping[0m [36mchart=[0m"D:\\helm_clones_artifacthub\\helm__charts\\stable\\cert-manager"
[90m1:23AM[0m [33mWRN[0m [1mChart not in catalog – skipping[0m [36mchart=[0m"D:\\helm_clones_artifacthub\\helm__charts\\stable\\cert-manager\\webhook"
[90m1:23AM[0m [33mWRN[0m [1mChart not in catalog – skipping[0m [36mchart=[0m"D:\\helm_clones_artifacthub\\helm__charts\\stable\\chaoskube"
[90m1:23AM[0m [33mWRN[0m [1mChart not in catalog – skipping[0m [36mchart=[0m"D:\\helm_clones_artifacthub\\helm__charts\\stable\\chartmuseum"
[90m1:23AM[0m [33mWRN[0m [1mChart not in catalog – skipping[0m [36mchart=[0m"D:\\helm_clones_artifacthub\\helm__charts\\stable\\chronograf"
[90m1:23AM[0m [33mWRN[0m [1mChart not in catalog – skipping[0m [36mchart=[0m"D:\\helm_clones_artifacthub\\helm__charts\\stable\\clamav"
[90m1:23AM[0m [33mWRN[0m [1mChart not in catalog – skipping[0m [36mchart=[0m"D:\\helm_clones_artifacthub\\helm__charts\\stable\\cloudserver"
[90m1:23AM[0m [33mWRN[0m [1mChart not in catalog – skipping[0m [36mchart=[0m"D:\\helm_clones_artifacthub\\helm__charts\\stable\\cluster-autoscaler"
[90m1:23AM[0m [33mWRN[0m [1mChart not in catalog – skipping[0m [36mchart=[0m"D:\\helm_clones_artifacthub\\helm__charts\\stable\\cluster-overprovisioner"
[90m1:23AM[0m [33mWRN[0m [1mChart not in catalog – skipping[0m [36mchart=[0m"D:\\helm_clones_artifacthub\\helm__charts\\stable\\cockroachdb"
[90m1:23AM[0m [33mWRN[0m [1mChart not in catalog – skipping[0m [36mchart=[0m"D:\\helm_clones_artifacthub\\helm__charts\\stable\\collabora-code"
[90m1:23AM[0m [33mWRN[0m [1mChart not in catalog – skipping[0m [36mchart=[0m"D:\\helm_clones_artifacthub\\helm__charts\\stable\\concourse"
[90m1:23AM[0m [33mWRN[0m [1mChart not in catalog – skipping[0m [36mchart=[0m"D:\\helm_clones_artifacthub\\helm__charts\\stable\\consul"
[90m1:23AM[0m [33mWRN[0m [1mChart not in catalog – skipping[0m [36mchart=[0m"D:\\helm_clones_artifacthub\\helm__charts\\stable\\contour"
[90m1:23AM[0m [33mWRN[0m [1mChart not in catalog – skipping[0m [36mchart=[0m"D:\\helm_clones_artifacthub\\helm__charts\\stable\\coredns"
[90m1:23AM[0m [33mWRN[0m [1mChart not in catalog – skipping[0m [36mchart=[0m"D:\\helm_clones_artifacthub\\helm__charts\\stable\\cosbench"
[90m1:23AM[0m [33mWRN[0m [1mChart not in catalog – skipping[0m [36mchart=[0m"D:\\helm_clones_artifacthub\\helm__charts\\stable\\coscale"
[90m1:23AM[0m [33mWRN[0m [1mChart not in catalog – skipping[0m [36mchart=[0m"D:\\helm_clones_artifacthub\\helm__charts\\stable\\couchbase-operator"
[90m1:23AM[0m [33mWRN[0m [1mChart not in catalog – skipping[0m [36mchart=[0m"D:\\helm_clones_artifacthub\\helm__charts\\stable\\couchdb"
[90m1:23AM[0m [33mWRN[0m [1mChart not in catalog – skipping[0m [36mchart=[0m"D:\\helm_clones_artifacthub\\helm__charts\\stable\\dask"
[90m1:23AM[0m [33mWRN[0m [1mChart not in catalog – skipping[0m [36mchart=[0m"D:\\helm_clones_artifacthub\\helm__charts\\stable\\dask-distributed"
[90m1:23AM[0m [33mWRN[0m [1mChart not in catalog – skipping[0m [36mchart=[0m"D:\\helm_clones_artifacthub\\helm__charts\\stable\\datadog"
[90m1:23AM[0m [33mWRN[0m [1mChart not in catalog – skipping[0m [36mchart=[0m"D:\\helm_clones_artifacthub\\helm__charts\\stable\\dex"
[90m1:23AM[0m [33mWRN[0m [1mChart not in catalog – skipping[0m [36mchart=[0m"D:\\helm_clones_artifacthub\\helm__charts\\stable\\distributed-jmeter"
[90m1:23AM[0m [33mWRN[0m [1mChart not in catalog – skipping[0m [36mchart=[0m"D:\\helm_clones_artifacthub\\helm__charts\\stable\\distributed-tensorflow"
[90m1:23AM[0m [33mWRN[0m [1mChart not in catalog – skipping[0m [36mchart=[0m"D:\\helm_clones_artifacthub\\helm__charts\\stable\\distribution"
[90m1:23AM[0m [33mWRN[0m [1mChart not in catalog – skipping[0m [36mchart=[0m"D:\\helm_clones_artifacthub\\helm__charts\\stable\\dmarc2logstash"
[90m1:23AM[0m [33mWRN[0m [1mChart not in catalog – skipping[0m [36mchart=[0m"D:\\helm_clones_artifacthub\\helm__charts\\stable\\docker-registry"
[90m1:23AM[0m [33mWRN[0m [1mChart not in catalog – skipping[0m [36mchart=[0m"D:\\helm_clones_artifacthub\\helm__charts\\stable\\dokuwiki"
[90m1:23AM[0m [33mWRN[0m [1mChart not in catalog – skipping[0m [36mchart=[0m"D:\\helm_clones_artifacthub\\helm__charts\\stable\\drone"
[90m1:23AM[0m [33mWRN[0m [1mChart not in catalog – skipping[0m [36mchart=[0m"D:\\helm_clones_artifacthub\\helm__charts\\stable\\drupal"
[90m1:23AM[0m [33mWRN[0m [1mChart not in catalog – skipping[0m [36mchart=[0m"D:\\helm_clones_artifacthub\\helm__charts\\stable\\efs-provisioner"
[90m1:23AM[0m [33mWRN[0m [1mChart not in catalog – skipping[0m [36mchart=[0m"D:\\helm_clones_artifacthub\\helm__charts\\stable\\elastabot"
[90m1:23AM[0m [33mWRN[0m [1mChart not in catalog – skipping[0m [36mchart=[0m"D:\\helm_clones_artifacthub\\helm__charts\\stable\\elastalert"
[90m1:23AM[0m [33mWRN[0m [1mChart not in catalog – skipping[0m [36mchart=[0m"D:\\helm_clones_artifacthub\\helm__charts\\stable\\elastic-stack"
[90m1:23AM[0m [33mWRN[0m [1mChart not in catalog – skipping[0m [36mchart=[0m"D:\\helm_clones_artifacthub\\helm__charts\\stable\\elasticsearch"
[90m1:23AM[0m [33mWRN[0m [1mChart not in catalog – skipping[0m [36mchart=[0m"D:\\helm_clones_artifacthub\\helm__charts\\stable\\elasticsearch-curator"
[90m1:23AM[0m [33mWRN[0m [1mChart not in catalog – skipping[0m [36mchart=[0m"D:\\helm_clones_artifacthub\\helm__charts\\stable\\elasticsearch-exporter"
[90m1:23AM[0m [33mWRN[0m [1mChart not in catalog – skipping[0m [36mchart=[0m"D:\\helm_clones_artifacthub\\helm__charts\\stable\\envoy"
[90m1:23AM[0m [33mWRN[0m [1mChart not in catalog – skipping[0m [36mchart=[0m"D:\\helm_clones_artifacthub\\helm__charts\\stable\\etcd-operator"
[90m1:23AM[0m [33mWRN[0m [1mChart not in catalog – skipping[0m [36mchart=[0m"D:\\helm_clones_artifacthub\\helm__charts\\stable\\ethereum"
[90m1:23AM[0m [33mWRN[0m [1mChart not in catalog – skipping[0m [36mchart=[0m"D:\\helm_clones_artifacthub\\helm__charts\\stable\\eventrouter"
[90m1:23AM[0m [33mWRN[0m [1mChart not in catalog – skipping[0m [36mchart=[0m"D:\\helm_clones_artifacthub\\helm__charts\\stable\\express-gateway"
[90m1:23AM[0m [33mWRN[0m [1mChart not in catalog – skipping[0m [36mchart=[0m"D:\\helm_clones_artifacthub\\helm__charts\\stable\\external-dns"
[90m1:23AM[0m [33mWRN[0m [1mChart not in catalog – skipping[0m [36mchart=[0m"D:\\helm_clones_artifacthub\\helm__charts\\stable\\factorio"
[90m1:23AM[0m [33mWRN[0m [1mChart not in catalog – skipping[0m [36mchart=[0m"D:\\helm_clones_artifacthub\\helm__charts\\stable\\falco"
[90m1:23AM[0m [33mWRN[0m [1mChart not in catalog – skipping[0m [36mchart=[0m"D:\\helm_clones_artifacthub\\helm__charts\\stable\\filebeat"
[90m1:23AM[0m [33mWRN[0m [1mChart not in catalog – skipping[0m [36mchart=[0m"D:\\helm_clones_artifacthub\\helm__charts\\stable\\fluent-bit"
[90m1:23AM[0m [33mWRN[0m [1mChart not in catalog – skipping[0m [36mchart=[0m"D:\\helm_clones_artifacthub\\helm__charts\\stable\\fluentd"
[90m1:23AM[0m [33mWRN[0m [1mChart not in catalog – skipping[0m [36mchart=[0m"D:\\helm_clones_artifacthub\\helm__charts\\stable\\fluentd-elasticsearch"
[90m1:23AM[0m [33mWRN[0m [1mChart not in catalog – skipping[0m [36mchart=[0m"D:\\helm_clones_artifacthub\\helm__charts\\stable\\g2"
[90m1:23AM[0m [33mWRN[0m [1mChart not in catalog – skipping[0m [36mchart=[0m"D:\\helm_clones_artifacthub\\helm__charts\\stable\\gangway"
[90m1:23AM[0m [33mWRN[0m [1mChart not in catalog – skipping[0m [36mchart=[0m"D:\\helm_clones_artifacthub\\helm__charts\\stable\\gce-ingress"
[90m1:23AM[0m [33mWRN[0m [1mChart not in catalog – skipping[0m [36mchart=[0m"D:\\helm_clones_artifacthub\\helm__charts\\stable\\gcloud-endpoints"
[90m1:23AM[0m [33mWRN[0m [1mChart not in catalog – skipping[0m [36mchart=[0m"D:\\helm_clones_artifacthub\\helm__charts\\stable\\gcloud-sqlproxy"
[90m1:23AM[0m [33mWRN[0m [1mChart not in catalog – skipping[0m [36mchart=[0m"D:\\helm_clones_artifacthub\\helm__charts\\stable\\gcp-night-king"
[90m1:23AM[0m [33mWRN[0m [1mChart not in catalog – skipping[0m [36mchart=[0m"D:\\helm_clones_artifacthub\\helm__charts\\stable\\ghost"
[90m1:23AM[0m [33mWRN[0m [1mChart not in catalog – skipping[0m [36mchart=[0m"D:\\helm_clones_artifacthub\\helm__charts\\stable\\gitlab-ce"
[90m1:23AM[0m [33mWRN[0m [1mChart not in catalog – skipping[0m [36mchart=[0m"D:\\helm_clones_artifacthub\\helm__charts\\stable\\gitlab-ee"
[90m1:23AM[0m [33mWRN[0m [1mChart not in catalog – skipping[0m [36mchart=[0m"D:\\helm_clones_artifacthub\\helm__charts\\stable\\gocd"
[90m1:23AM[0m [33mWRN[0m [1mChart not in catalog – skipping[0m [36mchart=[0m"D:\\helm_clones_artifacthub\\helm__charts\\stable\\goldpinger"
[90m1:23AM[0m [33mWRN[0m [1mChart not in catalog – skipping[0m [36mchart=[0m"D:\\helm_clones_artifacthub\\helm__charts\\stable\\grafana"
[90m1:23AM[0m [33mWRN[0m [1mChart not in catalog – skipping[0m [36mchart=[0m"D:\\helm_clones_artifacthub\\helm__charts\\stable\\graphite"
[90m1:23AM[0m [33mWRN[0m [1mChart not in catalog – skipping[0m [36mchart=[0m"D:\\helm_clones_artifacthub\\helm__charts\\stable\\graylog"
[90m1:23AM[0m [33mWRN[0m [1mChart not in catalog – skipping[0m [36mchart=[0m"D:\\helm_clones_artifacthub\\helm__charts\\stable\\hackmd"
[90m1:23AM[0m [33mWRN[0m [1mChart not in catalog – skipping[0m [36mchart=[0m"D:\\helm_clones_artifacthub\\helm__charts\\stable\\hadoop"
[90m1:23AM[0m [33mWRN[0m [1mChart not in catalog – skipping[0m [36mchart=[0m"D:\\helm_clones_artifacthub\\helm__charts\\stable\\hazelcast"
[90m1:23AM[0m [33mWRN[0m [1mChart not in catalog – skipping[0m [36mchart=[0m"D:\\helm_clones_artifacthub\\helm__charts\\stable\\hazelcast-jet"
[90m1:23AM[0m [33mWRN[0m [1mChart not in catalog – skipping[0m [36mchart=[0m"D:\\helm_clones_artifacthub\\helm__charts\\stable\\heapster"
[90m1:23AM[0m [33mWRN[0m [1mChart not in catalog – skipping[0m [36mchart=[0m"D:\\helm_clones_artifacthub\\helm__charts\\stable\\heartbeat"
[90m1:23AM[0m [33mWRN[0m [1mChart not in catalog – skipping[0m [36mchart=[0m"D:\\helm_clones_artifacthub\\helm__charts\\stable\\helm-exporter"
[90m1:23AM[0m [33mWRN[0m [1mChart not in catalog – skipping[0m [36mchart=[0m"D:\\helm_clones_artifacthub\\helm__charts\\stable\\hl-composer"
[90m1:23AM[0m [33mWRN[0m [1mChart not in catalog – skipping[0m [36mchart=[0m"D:\\helm_clones_artifacthub\\helm__charts\\stable\\hlf-ca"
[90m1:23AM[0m [33mWRN[0m [1mChart not in catalog – skipping[0m [36mchart=[0m"D:\\helm_clones_artifacthub\\helm__charts\\stable\\hlf-couchdb"
[90m1:23AM[0m [33mWRN[0m [1mChart not in catalog – skipping[0m [36mchart=[0m"D:\\helm_clones_artifacthub\\helm__charts\\stable\\hlf-ord"
[90m1:23AM[0m [33mWRN[0m [1mChart not in catalog – skipping[0m [36mchart=[0m"D:\\helm_clones_artifacthub\\helm__charts\\stable\\hlf-peer"
[90m1:23AM[0m [33mWRN[0m [1mChart not in catalog – skipping[0m [36mchart=[0m"D:\\helm_clones_artifacthub\\helm__charts\\stable\\hoard"
[90m1:23AM[0m [33mWRN[0m [1mChart not in catalog – skipping[0m [36mchart=[0m"D:\\helm_clones_artifacthub\\helm__charts\\stable\\home-assistant"
[90m1:23AM[0m [33mWRN[0m [1mChart not in catalog – skipping[0m [36mchart=[0m"D:\\helm_clones_artifacthub\\helm__charts\\stable\\horovod"
[90m1:23AM[0m [33mWRN[0m [1mChart not in catalog – skipping[0m [36mchart=[0m"D:\\helm_clones_artifacthub\\helm__charts\\stable\\hubot"
[90m1:23AM[0m [33mWRN[0m [1mChart not in catalog – skipping[0m [36mchart=[0m"D:\\helm_clones_artifacthub\\helm__charts\\stable\\ignite"
[90m1:23AM[0m [33mWRN[0m [1mChart not in catalog – skipping[0m [36mchart=[0m"D:\\helm_clones_artifacthub\\helm__charts\\stable\\inbucket"
[90m1:23AM[0m [33mWRN[0m [1mChart not in catalog – skipping[0m [36mchart=[0m"D:\\helm_clones_artifacthub\\helm__charts\\stable\\influxdb"
[90m1:23AM[0m [33mWRN[0m [1mChart not in catalog – skipping[0m [36mchart=[0m"D:\\helm_clones_artifacthub\\helm__charts\\stable\\ingressmonitorcontroller"
[90m1:23AM[0m [33mWRN[0m [1mChart not in catalog – skipping[0m [36mchart=[0m"D:\\helm_clones_artifacthub\\helm__charts\\stable\\instana-agent"
[90m1:23AM[0m [33mWRN[0m [1mChart not in catalog – skipping[0m [36mchart=[0m"D:\\helm_clones_artifacthub\\helm__charts\\stable\\ipfs"
[90m1:23AM[0m [33mWRN[0m [1mChart not in catalog – skipping[0m [36mchart=[0m"D:\\helm_clones_artifacthub\\helm__charts\\stable\\jaeger-operator"
[90m1:23AM[0m [33mWRN[0m [1mChart not in catalog – skipping[0m [36mchart=[0m"D:\\helm_clones_artifacthub\\helm__charts\\stable\\janusgraph"
[90m1:23AM[0m [33mWRN[0m [1mChart not in catalog – skipping[0m [36mchart=[0m"D:\\helm_clones_artifacthub\\helm__charts\\stable\\jasperreports"
[90m1:23AM[0m [33mWRN[0m [1mChart not in catalog – skipping[0m [36mchart=[0m"D:\\helm_clones_artifacthub\\helm__charts\\stable\\jenkins"
[90m1:23AM[0m [33mWRN[0m [1mChart not in catalog – skipping[0m [36mchart=[0m"D:\\helm_clones_artifacthub\\helm__charts\\stable\\joomla"
[90m1:23AM[0m [33mWRN[0m [1mChart not in catalog – skipping[0m [36mchart=[0m"D:\\helm_clones_artifacthub\\helm__charts\\stable\\k8s-spot-rescheduler"
[90m1:23AM[0m [33mWRN[0m [1mChart not in catalog – skipping[0m [36mchart=[0m"D:\\helm_clones_artifacthub\\helm__charts\\stable\\k8s-spot-termination-handler"
[90m1:23AM[0m [33mWRN[0m [1mChart not in catalog – skipping[0m [36mchart=[0m"D:\\helm_clones_artifacthub\\helm__charts\\stable\\kafka-manager"
[90m1:23AM[0m [33mWRN[0m [1mChart not in catalog – skipping[0m [36mchart=[0m"D:\\helm_clones_artifacthub\\helm__charts\\stable\\kanister-operator"
[90m1:23AM[0m [33mWRN[0m [1mChart not in catalog – skipping[0m [36mchart=[0m"D:\\helm_clones_artifacthub\\helm__charts\\stable\\kanister-operator\\charts\\profile"
[90m1:23AM[0m [33mWRN[0m [1mChart not in catalog – skipping[0m [36mchart=[0m"D:\\helm_clones_artifacthub\\helm__charts\\stable\\kapacitor"
[90m1:23AM[0m [33mWRN[0m [1mChart not in catalog – skipping[0m [36mchart=[0m"D:\\helm_clones_artifacthub\\helm__charts\\stable\\karma"
[90m1:23AM[0m [33mWRN[0m [1mChart not in catalog – skipping[0m [36mchart=[0m"D:\\helm_clones_artifacthub\\helm__charts\\stable\\katafygio"
[90m1:23AM[0m [33mWRN[0m [1mChart not in catalog – skipping[0m [36mchart=[0m"D:\\helm_clones_artifacthub\\helm__charts\\stable\\keel"
[90m1:23AM[0m [33mWRN[0m [1mChart not in catalog – skipping[0m [36mchart=[0m"D:\\helm_clones_artifacthub\\helm__charts\\stable\\keycloak"
[90m1:23AM[0m [33mWRN[0m [1mChart not in catalog – skipping[0m [36mchart=[0m"D:\\helm_clones_artifacthub\\helm__charts\\stable\\kiam"
[90m1:23AM[0m [33mWRN[0m [1mChart not in catalog – skipping[0m [36mchart=[0m"D:\\helm_clones_artifacthub\\helm__charts\\stable\\kibana"
[90m1:23AM[0m [33mWRN[0m [1mChart not in catalog – skipping[0m [36mchart=[0m"D:\\helm_clones_artifacthub\\helm__charts\\stable\\kong"
[90m1:23AM[0m [33mWRN[0m [1mChart not in catalog – skipping[0m [36mchart=[0m"D:\\helm_clones_artifacthub\\helm__charts\\stable\\kube-hunter"
[90m1:23AM[0m [33mWRN[0m [1mChart not in catalog – skipping[0m [36mchart=[0m"D:\\helm_clones_artifacthub\\helm__charts\\stable\\kube-lego"
[90m1:23AM[0m [33mWRN[0m [1mChart not in catalog – skipping[0m [36mchart=[0m"D:\\helm_clones_artifacthub\\helm__charts\\stable\\kube-ops-view"
[90m1:23AM[0m [33mWRN[0m [1mChart not in catalog – skipping[0m [36mchart=[0m"D:\\helm_clones_artifacthub\\helm__charts\\stable\\kube-slack"
[90m1:23AM[0m [33mWRN[0m [1mChart not in catalog – skipping[0m [36mchart=[0m"D:\\helm_clones_artifacthub\\helm__charts\\stable\\kube-state-metrics"
[90m1:23AM[0m [33mWRN[0m [1mChart not in catalog – skipping[0m [36mchart=[0m"D:\\helm_clones_artifacthub\\helm__charts\\stable\\kube2iam"
[90m1:23AM[0m [33mWRN[0m [1mChart not in catalog – skipping[0m [36mchart=[0m"D:\\helm_clones_artifacthub\\helm__charts\\stable\\kubed"
[90m1:23AM[0m [33mWRN[0m [1mChart not in catalog – skipping[0m [36mchart=[0m"D:\\helm_clones_artifacthub\\helm__charts\\stable\\kubedb"
[90m1:23AM[0m [33mWRN[0m [1mChart not in catalog – skipping[0m [36mchart=[0m"D:\\helm_clones_artifacthub\\helm__charts\\stable\\kuberhealthy"
[90m1:23AM[0m [33mWRN[0m [1mChart not in catalog – skipping[0m [36mchart=[0m"D:\\helm_clones_artifacthub\\helm__charts\\stable\\kubernetes-dashboard"
[90m1:23AM[0m [33mWRN[0m [1mChart not in catalog – skipping[0m [36mchart=[0m"D:\\helm_clones_artifacthub\\helm__charts\\stable\\kuberos"
[90m1:23AM[0m [33mWRN[0m [1mChart not in catalog – skipping[0m [36mchart=[0m"D:\\helm_clones_artifacthub\\helm__charts\\stable\\kubewatch"
[90m1:23AM[0m [33mWRN[0m [1mChart not in catalog – skipping[0m [36mchart=[0m"D:\\helm_clones_artifacthub\\helm__charts\\stable\\kured"
[90m1:23AM[0m [33mWRN[0m [1mChart not in catalog – skipping[0m [36mchart=[0m"D:\\helm_clones_artifacthub\\helm__charts\\stable\\lamp"
[90m1:23AM[0m [33mWRN[0m [1mChart not in catalog – skipping[0m [36mchart=[0m"D:\\helm_clones_artifacthub\\helm__charts\\stable\\linkerd"
[90m1:23AM[0m [33mWRN[0m [1mChart not in catalog – skipping[0m [36mchart=[0m"D:\\helm_clones_artifacthub\\helm__charts\\stable\\locust"
[90m1:23AM[0m [33mWRN[0m [1mChart not in catalog – skipping[0m [36mchart=[0m"D:\\helm_clones_artifacthub\\helm__charts\\stable\\logdna-agent"
[90m1:23AM[0m [33mWRN[0m [1mChart not in catalog – skipping[0m [36mchart=[0m"D:\\helm_clones_artifacthub\\helm__charts\\stable\\logstash"
[90m1:23AM[0m [33mWRN[0m [1mChart not in catalog – skipping[0m [36mchart=[0m"D:\\helm_clones_artifacthub\\helm__charts\\stable\\luigi"
[90m1:23AM[0m [33mWRN[0m [1mChart not in catalog – skipping[0m [36mchart=[0m"D:\\helm_clones_artifacthub\\helm__charts\\stable\\magento"
[90m1:23AM[0m [33mWRN[0m [1mChart not in catalog – skipping[0m [36mchart=[0m"D:\\helm_clones_artifacthub\\helm__charts\\stable\\magic-ip-address"
[90m1:23AM[0m [33mWRN[0m [1mChart not in catalog – skipping[0m [36mchart=[0m"D:\\helm_clones_artifacthub\\helm__charts\\stable\\magic-namespace"
[90m1:23AM[0m [33mWRN[0m [1mChart not in catalog – skipping[0m [36mchart=[0m"D:\\helm_clones_artifacthub\\helm__charts\\stable\\mailhog"
[90m1:23AM[0m [33mWRN[0m [1mChart not in catalog – skipping[0m [36mchart=[0m"D:\\helm_clones_artifacthub\\helm__charts\\stable\\mariadb"
[90m1:23AM[0m [33mWRN[0m [1mChart not in catalog – skipping[0m [36mchart=[0m"D:\\helm_clones_artifacthub\\helm__charts\\stable\\mattermost-team-edition"
[90m1:23AM[0m [33mWRN[0m [1mChart not in catalog – skipping[0m [36mchart=[0m"D:\\helm_clones_artifacthub\\helm__charts\\stable\\mcrouter"
[90m1:23AM[0m [33mWRN[0m [1mChart not in catalog – skipping[0m [36mchart=[0m"D:\\helm_clones_artifacthub\\helm__charts\\stable\\mediawiki"
[90m1:23AM[0m [33mWRN[0m [1mChart not in catalog – skipping[0m [36mchart=[0m"D:\\helm_clones_artifacthub\\helm__charts\\stable\\memcached"
[90m1:23AM[0m [33mWRN[0m [1mChart not in catalog – skipping[0m [36mchart=[0m"D:\\helm_clones_artifacthub\\helm__charts\\stable\\mercure"
[90m1:23AM[0m [33mWRN[0m [1mChart not in catalog – skipping[0m [36mchart=[0m"D:\\helm_clones_artifacthub\\helm__charts\\stable\\metabase"
[90m1:23AM[0m [33mWRN[0m [1mChart not in catalog – skipping[0m [36mchart=[0m"D:\\helm_clones_artifacthub\\helm__charts\\stable\\metallb"
[90m1:23AM[0m [33mWRN[0m [1mChart not in catalog – skipping[0m [36mchart=[0m"D:\\helm_clones_artifacthub\\helm__charts\\stable\\metricbeat"
[90m1:23AM[0m [33mWRN[0m [1mChart not in catalog – skipping[0m [36mchart=[0m"D:\\helm_clones_artifacthub\\helm__charts\\stable\\metrics-server"
[90m1:23AM[0m [33mWRN[0m [1mChart not in catalog – skipping[0m [36mchart=[0m"D:\\helm_clones_artifacthub\\helm__charts\\stable\\minecraft"
[90m1:23AM[0m [33mWRN[0m [1mChart not in catalog – skipping[0m [36mchart=[0m"D:\\helm_clones_artifacthub\\helm__charts\\stable\\minio"
[90m1:23AM[0m [33mWRN[0m [1mChart not in catalog – skipping[0m [36mchart=[0m"D:\\helm_clones_artifacthub\\helm__charts\\stable\\mission-control"
[90m1:23AM[0m [33mWRN[0m [1mChart not in catalog – skipping[0m [36mchart=[0m"D:\\helm_clones_artifacthub\\helm__charts\\stable\\mission-control\\charts\\elasticsearch"
[90m1:23AM[0m [33mWRN[0m [1mChart not in catalog – skipping[0m [36mchart=[0m"D:\\helm_clones_artifacthub\\helm__charts\\stable\\mongodb"
[90m1:23AM[0m [33mWRN[0m [1mChart not in catalog – skipping[0m [36mchart=[0m"D:\\helm_clones_artifacthub\\helm__charts\\stable\\mongodb-replicaset"
[90m1:23AM[0m [33mWRN[0m [1mChart not in catalog – skipping[0m [36mchart=[0m"D:\\helm_clones_artifacthub\\helm__charts\\stable\\moodle"
[90m1:23AM[0m [33mWRN[0m [1mChart not in catalog – skipping[0m [36mchart=[0m"D:\\helm_clones_artifacthub\\helm__charts\\stable\\msoms"
[90m1:23AM[0m [33mWRN[0m [1mChart not in catalog – skipping[0m [36mchart=[0m"D:\\helm_clones_artifacthub\\helm__charts\\stable\\mssql-linux"
[90m1:23AM[0m [33mWRN[0m [1mChart not in catalog – skipping[0m [36mchart=[0m"D:\\helm_clones_artifacthub\\helm__charts\\stable\\mysql"
[90m1:23AM[0m [33mWRN[0m [1mChart not in catalog – skipping[0m [36mchart=[0m"D:\\helm_clones_artifacthub\\helm__charts\\stable\\mysqldump"
[90m1:23AM[0m [33mWRN[0m [1mChart not in catalog – skipping[0m [36mchart=[0m"D:\\helm_clones_artifacthub\\helm__charts\\stable\\namerd"
[90m1:23AM[0m [33mWRN[0m [1mChart not in catalog – skipping[0m [36mchart=[0m"D:\\helm_clones_artifacthub\\helm__charts\\stable\\nats"
[90m1:23AM[0m [33mWRN[0m [1mChart not in catalog – skipping[0m [36mchart=[0m"D:\\helm_clones_artifacthub\\helm__charts\\stable\\neo4j"
[90m1:23AM[0m [33mWRN[0m [1mChart not in catalog – skipping[0m [36mchart=[0m"D:\\helm_clones_artifacthub\\helm__charts\\stable\\newrelic-infrastructure"
[90m1:23AM[0m [33mWRN[0m [1mChart not in catalog – skipping[0m [36mchart=[0m"D:\\helm_clones_artifacthub\\helm__charts\\stable\\nextcloud"
[90m1:23AM[0m [33mWRN[0m [1mChart not in catalog – skipping[0m [36mchart=[0m"D:\\helm_clones_artifacthub\\helm__charts\\stable\\nfs-client-provisioner"
[90m1:23AM[0m [33mWRN[0m [1mChart not in catalog – skipping[0m [36mchart=[0m"D:\\helm_clones_artifacthub\\helm__charts\\stable\\nfs-server-provisioner"
[90m1:23AM[0m [33mWRN[0m [1mChart not in catalog – skipping[0m [36mchart=[0m"D:\\helm_clones_artifacthub\\helm__charts\\stable\\nginx-ingress"
[90m1:23AM[0m [33mWRN[0m [1mChart not in catalog – skipping[0m [36mchart=[0m"D:\\helm_clones_artifacthub\\helm__charts\\stable\\nginx-ldapauth-proxy"
[90m1:23AM[0m [33mWRN[0m [1mChart not in catalog – skipping[0m [36mchart=[0m"D:\\helm_clones_artifacthub\\helm__charts\\stable\\nginx-lego"
[90m1:23AM[0m [33mWRN[0m [1mChart not in catalog – skipping[0m [36mchart=[0m"D:\\helm_clones_artifacthub\\helm__charts\\stable\\node-problem-detector"
[90m1:23AM[0m [33mWRN[0m [1mChart not in catalog – skipping[0m [36mchart=[0m"D:\\helm_clones_artifacthub\\helm__charts\\stable\\node-red"
[90m1:23AM[0m [33mWRN[0m [1mChart not in catalog – skipping[0m [36mchart=[0m"D:\\helm_clones_artifacthub\\helm__charts\\stable\\oauth2-proxy"
[90m1:23AM[0m [33mWRN[0m [1mChart not in catalog – skipping[0m [36mchart=[0m"D:\\helm_clones_artifacthub\\helm__charts\\stable\\odoo"
[90m1:23AM[0m [33mWRN[0m [1mChart not in catalog – skipping[0m [36mchart=[0m"D:\\helm_clones_artifacthub\\helm__charts\\stable\\opa"
[90m1:23AM[0m [33mWRN[0m [1mChart not in catalog – skipping[0m [36mchart=[0m"D:\\helm_clones_artifacthub\\helm__charts\\stable\\opencart"
[90m1:23AM[0m [33mWRN[0m [1mChart not in catalog – skipping[0m [36mchart=[0m"D:\\helm_clones_artifacthub\\helm__charts\\stable\\openebs"
[90m1:23AM[0m [33mWRN[0m [1mChart not in catalog – skipping[0m [36mchart=[0m"D:\\helm_clones_artifacthub\\helm__charts\\stable\\openiban"
[90m1:23AM[0m [33mWRN[0m [1mChart not in catalog – skipping[0m [36mchart=[0m"D:\\helm_clones_artifacthub\\helm__charts\\stable\\openldap"
[90m1:23AM[0m [33mWRN[0m [1mChart not in catalog – skipping[0m [36mchart=[0m"D:\\helm_clones_artifacthub\\helm__charts\\stable\\openvpn"
[90m1:23AM[0m [33mWRN[0m [1mChart not in catalog – skipping[0m [36mchart=[0m"D:\\helm_clones_artifacthub\\helm__charts\\stable\\orangehrm"
[90m1:23AM[0m [33mWRN[0m [1mChart not in catalog – skipping[0m [36mchart=[0m"D:\\helm_clones_artifacthub\\helm__charts\\stable\\osclass"
[90m1:23AM[0m [33mWRN[0m [1mChart not in catalog – skipping[0m [36mchart=[0m"D:\\helm_clones_artifacthub\\helm__charts\\stable\\owncloud"
[90m1:23AM[0m [33mWRN[0m [1mChart not in catalog – skipping[0m [36mchart=[0m"D:\\helm_clones_artifacthub\\helm__charts\\stable\\pachyderm"
[90m1:23AM[0m [33mWRN[0m [1mChart not in catalog – skipping[0m [36mchart=[0m"D:\\helm_clones_artifacthub\\helm__charts\\stable\\parse"
[90m1:23AM[0m [33mWRN[0m [1mChart not in catalog – skipping[0m [36mchart=[0m"D:\\helm_clones_artifacthub\\helm__charts\\stable\\percona"
[90m1:23AM[0m [33mWRN[0m [1mChart not in catalog – skipping[0m [36mchart=[0m"D:\\helm_clones_artifacthub\\helm__charts\\stable\\percona-xtradb-cluster"
[90m1:23AM[0m [33mWRN[0m [1mChart not in catalog – skipping[0m [36mchart=[0m"D:\\helm_clones_artifacthub\\helm__charts\\stable\\pgadmin"
[90m1:23AM[0m [33mWRN[0m [1mChart not in catalog – skipping[0m [36mchart=[0m"D:\\helm_clones_artifacthub\\helm__charts\\stable\\phabricator"
[90m1:23AM[0m [33mWRN[0m [1mChart not in catalog – skipping[0m [36mchart=[0m"D:\\helm_clones_artifacthub\\helm__charts\\stable\\phpbb"
[90m1:23AM[0m [33mWRN[0m [1mChart not in catalog – skipping[0m [36mchart=[0m"D:\\helm_clones_artifacthub\\helm__charts\\stable\\phpmyadmin"
[90m1:23AM[0m [33mWRN[0m [1mChart not in catalog – skipping[0m [36mchart=[0m"D:\\helm_clones_artifacthub\\helm__charts\\stable\\pomerium"
[90m1:23AM[0m [33mWRN[0m [1mChart not in catalog – skipping[0m [36mchart=[0m"D:\\helm_clones_artifacthub\\helm__charts\\stable\\postgresql"
[90m1:23AM[0m [33mWRN[0m [1mChart not in catalog – skipping[0m [36mchart=[0m"D:\\helm_clones_artifacthub\\helm__charts\\stable\\prestashop"
[90m1:23AM[0m [33mWRN[0m [1mChart not in catalog – skipping[0m [36mchart=[0m"D:\\helm_clones_artifacthub\\helm__charts\\stable\\presto"
[90m1:23AM[0m [33mWRN[0m [1mChart not in catalog – skipping[0m [36mchart=[0m"D:\\helm_clones_artifacthub\\helm__charts\\stable\\prisma"
[90m1:23AM[0m [33mWRN[0m [1mChart not in catalog – skipping[0m [36mchart=[0m"D:\\helm_clones_artifacthub\\helm__charts\\stable\\prometheus"
[90m1:23AM[0m [33mWRN[0m [1mChart not in catalog – skipping[0m [36mchart=[0m"D:\\helm_clones_artifacthub\\helm__charts\\stable\\prometheus-adapter"
[90m1:23AM[0m [33mWRN[0m [1mChart not in catalog – skipping[0m [36mchart=[0m"D:\\helm_clones_artifacthub\\helm__charts\\stable\\prometheus-blackbox-exporter"
[90m1:23AM[0m [33mWRN[0m [1mChart not in catalog – skipping[0m [36mchart=[0m"D:\\helm_clones_artifacthub\\helm__charts\\stable\\prometheus-cloudwatch-exporter"
[90m1:23AM[0m [33mWRN[0m [1mChart not in catalog – skipping[0m [36mchart=[0m"D:\\helm_clones_artifacthub\\helm__charts\\stable\\prometheus-consul-exporter"
[90m1:23AM[0m [33mWRN[0m [1mChart not in catalog – skipping[0m [36mchart=[0m"D:\\helm_clones_artifacthub\\helm__charts\\stable\\prometheus-couchdb-exporter"
[90m1:23AM[0m [33mWRN[0m [1mChart not in catalog – skipping[0m [36mchart=[0m"D:\\helm_clones_artifacthub\\helm__charts\\stable\\prometheus-mongodb-exporter"
[90m1:23AM[0m [33mWRN[0m [1mChart not in catalog – skipping[0m [36mchart=[0m"D:\\helm_clones_artifacthub\\helm__charts\\stable\\prometheus-mysql-exporter"
[90m1:23AM[0m [33mWRN[0m [1mChart not in catalog – skipping[0m [36mchart=[0m"D:\\helm_clones_artifacthub\\helm__charts\\stable\\prometheus-nats-exporter"
[90m1:23AM[0m [33mWRN[0m [1mChart not in catalog – skipping[0m [36mchart=[0m"D:\\helm_clones_artifacthub\\helm__charts\\stable\\prometheus-node-exporter"
[90m1:23AM[0m [33mWRN[0m [1mChart not in catalog – skipping[0m [36mchart=[0m"D:\\helm_clones_artifacthub\\helm__charts\\stable\\prometheus-operator"
[90m1:23AM[0m [33mWRN[0m [1mChart not in catalog – skipping[0m [36mchart=[0m"D:\\helm_clones_artifacthub\\helm__charts\\stable\\prometheus-postgres-exporter"
[90m1:23AM[0m [33mWRN[0m [1mChart not in catalog – skipping[0m [36mchart=[0m"D:\\helm_clones_artifacthub\\helm__charts\\stable\\prometheus-pushgateway"
[90m1:23AM[0m [33mWRN[0m [1mChart not in catalog – skipping[0m [36mchart=[0m"D:\\helm_clones_artifacthub\\helm__charts\\stable\\prometheus-rabbitmq-exporter"
[90m1:23AM[0m [33mWRN[0m [1mChart not in catalog – skipping[0m [36mchart=[0m"D:\\helm_clones_artifacthub\\helm__charts\\stable\\prometheus-redis-exporter"
[90m1:23AM[0m [33mWRN[0m [1mChart not in catalog – skipping[0m [36mchart=[0m"D:\\helm_clones_artifacthub\\helm__charts\\stable\\prometheus-snmp-exporter"
[90m1:23AM[0m [33mWRN[0m [1mChart not in catalog – skipping[0m [36mchart=[0m"D:\\helm_clones_artifacthub\\helm__charts\\stable\\prometheus-to-sd"
[90m1:23AM[0m [33mWRN[0m [1mChart not in catalog – skipping[0m [36mchart=[0m"D:\\helm_clones_artifacthub\\helm__charts\\stable\\quassel"
[90m1:23AM[0m [33mWRN[0m [1mChart not in catalog – skipping[0m [36mchart=[0m"D:\\helm_clones_artifacthub\\helm__charts\\stable\\rabbitmq"
[90m1:23AM[0m [33mWRN[0m [1mChart not in catalog – skipping[0m [36mchart=[0m"D:\\helm_clones_artifacthub\\helm__charts\\stable\\rabbitmq-ha"
[90m1:23AM[0m [33mWRN[0m [1mChart not in catalog – skipping[0m [36mchart=[0m"D:\\helm_clones_artifacthub\\helm__charts\\stable\\redis"
[90m1:23AM[0m [33mWRN[0m [1mChart not in catalog – skipping[0m [36mchart=[0m"D:\\helm_clones_artifacthub\\helm__charts\\stable\\redis-ha"
[90m1:23AM[0m [33mWRN[0m [1mChart not in catalog – skipping[0m [36mchart=[0m"D:\\helm_clones_artifacthub\\helm__charts\\stable\\redmine"
[90m1:23AM[0m [33mWRN[0m [1mChart not in catalog – skipping[0m [36mchart=[0m"D:\\helm_clones_artifacthub\\helm__charts\\stable\\reloader"
[90m1:23AM[0m [33mWRN[0m [1mChart not in catalog – skipping[0m [36mchart=[0m"D:\\helm_clones_artifacthub\\helm__charts\\stable\\rethinkdb"
[90m1:23AM[0m [33mWRN[0m [1mChart not in catalog – skipping[0m [36mchart=[0m"D:\\helm_clones_artifacthub\\helm__charts\\stable\\risk-advisor"
[90m1:23AM[0m [33mWRN[0m [1mChart not in catalog – skipping[0m [36mchart=[0m"D:\\helm_clones_artifacthub\\helm__charts\\stable\\rocketchat"
[90m1:23AM[0m [33mWRN[0m [1mChart not in catalog – skipping[0m [36mchart=[0m"D:\\helm_clones_artifacthub\\helm__charts\\stable\\rookout"
[90m1:23AM[0m [33mWRN[0m [1mChart not in catalog – skipping[0m [36mchart=[0m"D:\\helm_clones_artifacthub\\helm__charts\\stable\\sapho"
[90m1:23AM[0m [33mWRN[0m [1mChart not in catalog – skipping[0m [36mchart=[0m"D:\\helm_clones_artifacthub\\helm__charts\\stable\\satisfy"
[90m1:23AM[0m [33mWRN[0m [1mChart not in catalog – skipping[0m [36mchart=[0m"D:\\helm_clones_artifacthub\\helm__charts\\stable\\schema-registry-ui"
[90m1:23AM[0m [33mWRN[0m [1mChart not in catalog – skipping[0m [36mchart=[0m"D:\\helm_clones_artifacthub\\helm__charts\\stable\\sealed-secrets"
[90m1:23AM[0m [33mWRN[0m [1mChart not in catalog – skipping[0m [36mchart=[0m"D:\\helm_clones_artifacthub\\helm__charts\\stable\\searchlight"
[90m1:23AM[0m [33mWRN[0m [1mChart not in catalog – skipping[0m [36mchart=[0m"D:\\helm_clones_artifacthub\\helm__charts\\stable\\selenium"
[90m1:23AM[0m [33mWRN[0m [1mChart not in catalog – skipping[0m [36mchart=[0m"D:\\helm_clones_artifacthub\\helm__charts\\stable\\sematext-agent"
[90m1:23AM[0m [33mWRN[0m [1mChart not in catalog – skipping[0m [36mchart=[0m"D:\\helm_clones_artifacthub\\helm__charts\\stable\\sematext-docker-agent"
[90m1:23AM[0m [33mWRN[0m [1mChart not in catalog – skipping[0m [36mchart=[0m"D:\\helm_clones_artifacthub\\helm__charts\\stable\\sensu"
[90m1:23AM[0m [33mWRN[0m [1mChart not in catalog – skipping[0m [36mchart=[0m"D:\\helm_clones_artifacthub\\helm__charts\\stable\\sentry"
[90m1:23AM[0m [33mWRN[0m [1mChart not in catalog – skipping[0m [36mchart=[0m"D:\\helm_clones_artifacthub\\helm__charts\\stable\\seq"
[90m1:23AM[0m [33mWRN[0m [1mChart not in catalog – skipping[0m [36mchart=[0m"D:\\helm_clones_artifacthub\\helm__charts\\stable\\signalfx-agent"
[90m1:23AM[0m [33mWRN[0m [1mChart not in catalog – skipping[0m [36mchart=[0m"D:\\helm_clones_artifacthub\\helm__charts\\stable\\signalsciences"
[90m1:23AM[0m [33mWRN[0m [1mChart not in catalog – skipping[0m [36mchart=[0m"D:\\helm_clones_artifacthub\\helm__charts\\stable\\socat-tunneller"
[90m1:23AM[0m [33mWRN[0m [1mChart not in catalog – skipping[0m [36mchart=[0m"D:\\helm_clones_artifacthub\\helm__charts\\stable\\sonarqube"
[90m1:23AM[0m [33mWRN[0m [1mChart not in catalog – skipping[0m [36mchart=[0m"D:\\helm_clones_artifacthub\\helm__charts\\stable\\sonatype-nexus"
[90m1:23AM[0m [33mWRN[0m [1mChart not in catalog – skipping[0m [36mchart=[0m"D:\\helm_clones_artifacthub\\helm__charts\\stable\\spark"
[90m1:23AM[0m [33mWRN[0m [1mChart not in catalog – skipping[0m [36mchart=[0m"D:\\helm_clones_artifacthub\\helm__charts\\stable\\spark-history-server"
[90m1:23AM[0m [33mWRN[0m [1mChart not in catalog – skipping[0m [36mchart=[0m"D:\\helm_clones_artifacthub\\helm__charts\\stable\\spark-history-server\\charts\\nfs"
[90m1:23AM[0m [33mWRN[0m [1mChart not in catalog – skipping[0m [36mchart=[0m"D:\\helm_clones_artifacthub\\helm__charts\\stable\\spartakus"
[90m1:23AM[0m [33mWRN[0m [1mChart not in catalog – skipping[0m [36mchart=[0m"D:\\helm_clones_artifacthub\\helm__charts\\stable\\spinnaker"
[90m1:23AM[0m [33mWRN[0m [1mChart not in catalog – skipping[0m [36mchart=[0m"D:\\helm_clones_artifacthub\\helm__charts\\stable\\spotify-docker-gc"
[90m1:23AM[0m [33mWRN[0m [1mChart not in catalog – skipping[0m [36mchart=[0m"D:\\helm_clones_artifacthub\\helm__charts\\stable\\spring-cloud-data-flow"
[90m1:23AM[0m [33mWRN[0m [1mChart not in catalog – skipping[0m [36mchart=[0m"D:\\helm_clones_artifacthub\\helm__charts\\stable\\stackdriver-exporter"
[90m1:23AM[0m [33mWRN[0m [1mChart not in catalog – skipping[0m [36mchart=[0m"D:\\helm_clones_artifacthub\\helm__charts\\stable\\stash"
[90m1:23AM[0m [33mWRN[0m [1mChart not in catalog – skipping[0m [36mchart=[0m"D:\\helm_clones_artifacthub\\helm__charts\\stable\\stellar-core"
[90m1:23AM[0m [33mWRN[0m [1mChart not in catalog – skipping[0m [36mchart=[0m"D:\\helm_clones_artifacthub\\helm__charts\\stable\\stolon"
[90m1:23AM[0m [33mWRN[0m [1mChart not in catalog – skipping[0m [36mchart=[0m"D:\\helm_clones_artifacthub\\helm__charts\\stable\\suitecrm"
[90m1:23AM[0m [33mWRN[0m [1mChart not in catalog – skipping[0m [36mchart=[0m"D:\\helm_clones_artifacthub\\helm__charts\\stable\\sumokube"
[90m1:23AM[0m [33mWRN[0m [1mChart not in catalog – skipping[0m [36mchart=[0m"D:\\helm_clones_artifacthub\\helm__charts\\stable\\sumologic-fluentd"
[90m1:23AM[0m [33mWRN[0m [1mChart not in catalog – skipping[0m [36mchart=[0m"D:\\helm_clones_artifacthub\\helm__charts\\stable\\superset"
[90m1:23AM[0m [33mWRN[0m [1mChart not in catalog – skipping[0m [36mchart=[0m"D:\\helm_clones_artifacthub\\helm__charts\\stable\\swift"
[90m1:23AM[0m [33mWRN[0m [1mChart not in catalog – skipping[0m [36mchart=[0m"D:\\helm_clones_artifacthub\\helm__charts\\stable\\sysdig"
[90m1:23AM[0m [33mWRN[0m [1mChart not in catalog – skipping[0m [36mchart=[0m"D:\\helm_clones_artifacthub\\helm__charts\\stable\\telegraf"
[90m1:23AM[0m [33mWRN[0m [1mChart not in catalog – skipping[0m [36mchart=[0m"D:\\helm_clones_artifacthub\\helm__charts\\stable\\tensorflow-notebook"
[90m1:23AM[0m [33mWRN[0m [1mChart not in catalog – skipping[0m [36mchart=[0m"D:\\helm_clones_artifacthub\\helm__charts\\stable\\tensorflow-serving"
[90m1:23AM[0m [33mWRN[0m [1mChart not in catalog – skipping[0m [36mchart=[0m"D:\\helm_clones_artifacthub\\helm__charts\\stable\\terracotta"
[90m1:23AM[0m [33mWRN[0m [1mChart not in catalog – skipping[0m [36mchart=[0m"D:\\helm_clones_artifacthub\\helm__charts\\stable\\testlink"
[90m1:23AM[0m [33mWRN[0m [1mChart not in catalog – skipping[0m [36mchart=[0m"D:\\helm_clones_artifacthub\\helm__charts\\stable\\tomcat"
[90m1:23AM[0m [33mWRN[0m [1mChart not in catalog – skipping[0m [36mchart=[0m"D:\\helm_clones_artifacthub\\helm__charts\\stable\\traefik"
[90m1:23AM[0m [33mWRN[0m [1mChart not in catalog – skipping[0m [36mchart=[0m"D:\\helm_clones_artifacthub\\helm__charts\\stable\\uchiwa"
[90m1:23AM[0m [33mWRN[0m [1mChart not in catalog – skipping[0m [36mchart=[0m"D:\\helm_clones_artifacthub\\helm__charts\\stable\\unbound"
[90m1:23AM[0m [33mWRN[0m [1mChart not in catalog – skipping[0m [36mchart=[0m"D:\\helm_clones_artifacthub\\helm__charts\\stable\\unifi"
[90m1:23AM[0m [33mWRN[0m [1mChart not in catalog – skipping[0m [36mchart=[0m"D:\\helm_clones_artifacthub\\helm__charts\\stable\\vault-operator"
[90m1:23AM[0m [33mWRN[0m [1mChart not in catalog – skipping[0m [36mchart=[0m"D:\\helm_clones_artifacthub\\helm__charts\\stable\\velero"
[90m1:23AM[0m [33mWRN[0m [1mChart not in catalog – skipping[0m [36mchart=[0m"D:\\helm_clones_artifacthub\\helm__charts\\stable\\verdaccio"
[90m1:23AM[0m [33mWRN[0m [1mChart not in catalog – skipping[0m [36mchart=[0m"D:\\helm_clones_artifacthub\\helm__charts\\stable\\voyager"
[90m1:23AM[0m [33mWRN[0m [1mChart not in catalog – skipping[0m [36mchart=[0m"D:\\helm_clones_artifacthub\\helm__charts\\stable\\vsphere-cpi"
[90m1:23AM[0m [33mWRN[0m [1mChart not in catalog – skipping[0m [36mchart=[0m"D:\\helm_clones_artifacthub\\helm__charts\\stable\\wavefront"
[90m1:23AM[0m [33mWRN[0m [1mChart not in catalog – skipping[0m [36mchart=[0m"D:\\helm_clones_artifacthub\\helm__charts\\stable\\weave-cloud"
[90m1:23AM[0m [33mWRN[0m [1mChart not in catalog – skipping[0m [36mchart=[0m"D:\\helm_clones_artifacthub\\helm__charts\\stable\\weave-scope"
[90m1:23AM[0m [33mWRN[0m [1mChart not in catalog – skipping[0m [36mchart=[0m"D:\\helm_clones_artifacthub\\helm__charts\\stable\\weave-scope\\charts\\weave-scope-agent"
[90m1:23AM[0m [33mWRN[0m [1mChart not in catalog – skipping[0m [36mchart=[0m"D:\\helm_clones_artifacthub\\helm__charts\\stable\\weave-scope\\charts\\weave-scope-cluster-agent"
[90m1:23AM[0m [33mWRN[0m [1mChart not in catalog – skipping[0m [36mchart=[0m"D:\\helm_clones_artifacthub\\helm__charts\\stable\\weave-scope\\charts\\weave-scope-frontend"
[90m1:23AM[0m [33mWRN[0m [1mChart not in catalog – skipping[0m [36mchart=[0m"D:\\helm_clones_artifacthub\\helm__charts\\stable\\wordpress"
[90m1:23AM[0m [33mWRN[0m [1mChart not in catalog – skipping[0m [36mchart=[0m"D:\\helm_clones_artifacthub\\helm__charts\\stable\\xray"
[90m1:23AM[0m [33mWRN[0m [1mChart not in catalog – skipping[0m [36mchart=[0m"D:\\helm_clones_artifacthub\\helm__charts\\stable\\zeppelin"
[90m1:23AM[0m [33mWRN[0m [1mChart not in catalog – skipping[0m [36mchart=[0m"D:\\helm_clones_artifacthub\\helm__charts\\stable\\zetcd"
[90m1:23AM[0m [32mINF[0m [1mProcessing repo[0m [36mrepo=[0mnorwoodj/helm-docs [36mrepo_index=[0m213 [36mtotal=[0m486
[90m1:23AM[0m [32mINF[0m [1mAlready cloned – skipping[0m [36mdir=[0m"D:\\helm_clones_artifacthub\\norwoodj__helm-docs"
[90m1:23AM[0m [33mWRN[0m [1mChart not in catalog – skipping[0m [36mchart=[0m"D:\\helm_clones_artifacthub\\norwoodj__helm-docs\\example-charts\\custom-value-notation-type"
[90m1:23AM[0m [33mWRN[0m [1mChart not in catalog – skipping[0m [36mchart=[0m"D:\\helm_clones_artifacthub\\norwoodj__helm-docs\\example-charts\\dos-line-endings"
[90m1:23AM[0m [33mWRN[0m [1mChart not in catalog – skipping[0m [36mchart=[0m"D:\\helm_clones_artifacthub\\norwoodj__helm-docs\\example-charts\\files-values"
[90m1:23AM[0m [33mWRN[0m [1mChart not in catalog – skipping[0m [36mchart=[0m"D:\\helm_clones_artifacthub\\norwoodj__helm-docs\\example-charts\\full-template"
[90m1:23AM[0m [33mWRN[0m [1mChart not in catalog – skipping[0m [36mchart=[0m"D:\\helm_clones_artifacthub\\norwoodj__helm-docs\\example-charts\\fully-documented"
[90m1:23AM[0m [33mWRN[0m [1mChart not in catalog – skipping[0m [36mchart=[0m"D:\\helm_clones_artifacthub\\norwoodj__helm-docs\\example-charts\\funky-version"
[90m1:23AM[0m [33mWRN[0m [1mChart not in catalog – skipping[0m [36mchart=[0m"D:\\helm_clones_artifacthub\\norwoodj__helm-docs\\example-charts\\helm-3"
[90m1:23AM[0m [33mWRN[0m [1mChart not in catalog – skipping[0m [36mchart=[0m"D:\\helm_clones_artifacthub\\norwoodj__helm-docs\\example-charts\\ignored-one"
[90m1:23AM[0m [33mWRN[0m [1mChart not in catalog – skipping[0m [36mchart=[0m"D:\\helm_clones_artifacthub\\norwoodj__helm-docs\\example-charts\\ignored-values-example"
[90m1:23AM[0m [33mWRN[0m [1mChart not in catalog – skipping[0m [36mchart=[0m"D:\\helm_clones_artifacthub\\norwoodj__helm-docs\\example-charts\\ignored-zero"
[90m1:23AM[0m [33mWRN[0m [1mChart not in catalog – skipping[0m [36mchart=[0m"D:\\helm_clones_artifacthub\\norwoodj__helm-docs\\example-charts\\most-empty"
[90m1:23AM[0m [33mWRN[0m [1mChart not in catalog – skipping[0m [36mchart=[0m"D:\\helm_clones_artifacthub\\norwoodj__helm-docs\\example-charts\\nginx-ingress"
[90m1:23AM[0m [33mWRN[0m [1mChart not in catalog – skipping[0m [36mchart=[0m"D:\\helm_clones_artifacthub\\norwoodj__helm-docs\\example-charts\\nginx-ingress-but-auto-comments"
[90m1:23AM[0m [33mWRN[0m [1mChart not in catalog – skipping[0m [36mchart=[0m"D:\\helm_clones_artifacthub\\norwoodj__helm-docs\\example-charts\\no-requirements"
[90m1:23AM[0m [33mWRN[0m [1mChart not in catalog – skipping[0m [36mchart=[0m"D:\\helm_clones_artifacthub\\norwoodj__helm-docs\\example-charts\\no-values"
[90m1:23AM[0m [33mWRN[0m [1mChart not in catalog – skipping[0m [36mchart=[0m"D:\\helm_clones_artifacthub\\norwoodj__helm-docs\\example-charts\\sections"
[90m1:23AM[0m [33mWRN[0m [1mChart not in catalog – skipping[0m [36mchart=[0m"D:\\helm_clones_artifacthub\\norwoodj__helm-docs\\example-charts\\special-characters"
[90m1:23AM[0m [33mWRN[0m [1mChart not in catalog – skipping[0m [36mchart=[0m"D:\\helm_clones_artifacthub\\norwoodj__helm-docs\\example-charts\\special-characters-but-auto-comments"
[90m1:23AM[0m [33mWRN[0m [1mChart not in catalog – skipping[0m [36mchart=[0m"D:\\helm_clones_artifacthub\\norwoodj__helm-docs\\example-charts\\umbrella"
[90m1:23AM[0m [33mWRN[0m [1mChart not in catalog – skipping[0m [36mchart=[0m"D:\\helm_clones_artifacthub\\norwoodj__helm-docs\\example-charts\\umbrella\\charts\\library"
[90m1:23AM[0m [33mWRN[0m [1mChart not in catalog – skipping[0m [36mchart=[0m"D:\\helm_clones_artifacthub\\norwoodj__helm-docs\\example-charts\\umbrella\\charts\\sub-a"
[90m1:23AM[0m [33mWRN[0m [1mChart not in catalog – skipping[0m [36mchart=[0m"D:\\helm_clones_artifacthub\\norwoodj__helm-docs\\example-charts\\umbrella\\charts\\sub-b"
[90m1:23AM[0m [33mWRN[0m [1mChart not in catalog – skipping[0m [36mchart=[0m"D:\\helm_clones_artifacthub\\norwoodj__helm-docs\\example-charts\\umbrella\\charts\\sub-c"
[90m1:23AM[0m [33mWRN[0m [1mChart not in catalog – skipping[0m [36mchart=[0m"D:\\helm_clones_artifacthub\\norwoodj__helm-docs\\example-charts\\use-yaml-file"
[90m1:23AM[0m [33mWRN[0m [1mChart not in catalog – skipping[0m [36mchart=[0m"D:\\helm_clones_artifacthub\\norwoodj__helm-docs\\pkg\\helm\\test-fixtures\\full-template"
[90m1:23AM[0m [33mWRN[0m [1mChart not in catalog – skipping[0m [36mchart=[0m"D:\\helm_clones_artifacthub\\norwoodj__helm-docs\\pkg\\helm\\test-fixtures\\fully-documented"
[90m1:23AM[0m [32mINF[0m [1mProcessing repo[0m [36mrepo=[0mprometheus-msteams/prometheus-msteams [36mrepo_index=[0m214 [36mtotal=[0m486
[90m1:23AM[0m [32mINF[0m [1mAlready cloned – skipping[0m [36mdir=[0m"D:\\helm_clones_artifacthub\\prometheus-msteams__prometheus-msteams"
[90m1:23AM[0m [32mINF[0m [1mProcessing repo[0m [36mrepo=[0miovisor/bcc [36mrepo_index=[0m215 [36mtotal=[0m486
[90m1:23AM[0m [32mINF[0m [1mAlready cloned – skipping[0m [36mdir=[0m"D:\\helm_clones_artifacthub\\iovisor__bcc"
[90m1:23AM[0m [33mWRN[0m [1mNo charts found – skipping[0m [36mrepo=[0miovisor/bcc
[90m1:23AM[0m [32mINF[0m [1mProcessing repo[0m [36mrepo=[0mhomarr-labs/homarr [36mrepo_index=[0m216 [36mtotal=[0m486
[90m1:23AM[0m [32mINF[0m [1mAlready cloned – skipping[0m [36mdir=[0m"D:\\helm_clones_artifacthub\\homarr-labs__homarr"
[90m1:23AM[0m [33mWRN[0m [1mNo charts found – skipping[0m [36mrepo=[0mhomarr-labs/homarr
[90m1:23AM[0m [32mINF[0m [1mProcessing repo[0m [36mrepo=[0mhpe-storage/csi-driver [36mrepo_index=[0m217 [36mtotal=[0m486
[90m1:23AM[0m [32mINF[0m [1mAlready cloned – skipping[0m [36mdir=[0m"D:\\helm_clones_artifacthub\\hpe-storage__csi-driver"
[90m1:23AM[0m [33mWRN[0m [1mNo charts found – skipping[0m [36mrepo=[0mhpe-storage/csi-driver
[90m1:23AM[0m [32mINF[0m [1mProcessing repo[0m [36mrepo=[0mabahmed/kwatch [36mrepo_index=[0m218 [36mtotal=[0m486
[90m1:23AM[0m [32mINF[0m [1mAlready cloned – skipping[0m [36mdir=[0m"D:\\helm_clones_artifacthub\\abahmed__kwatch"
[90m1:23AM[0m [32mINF[0m [1mProcessing repo[0m [36mrepo=[0mprometheus/snmp_exporter [36mrepo_index=[0m219 [36mtotal=[0m486
[90m1:23AM[0m [32mINF[0m [1mAlready cloned – skipping[0m [36mdir=[0m"D:\\helm_clones_artifacthub\\prometheus__snmp_exporter"
[90m1:23AM[0m [33mWRN[0m [1mNo charts found – skipping[0m [36mrepo=[0mprometheus/snmp_exporter
[90m1:23AM[0m [32mINF[0m [1mProcessing repo[0m [36mrepo=[0mNetApp/trident [36mrepo_index=[0m220 [36mtotal=[0m486
[90m1:23AM[0m [32mINF[0m [1mAlready cloned – skipping[0m [36mdir=[0m"D:\\helm_clones_artifacthub\\NetApp__trident"
[90m1:23AM[0m [32mINF[0m [1mProcessing repo[0m [36mrepo=[0mweaviate/weaviate [36mrepo_index=[0m221 [36mtotal=[0m486
[90m1:23AM[0m [32mINF[0m [1mAlready cloned – skipping[0m [36mdir=[0m"D:\\helm_clones_artifacthub\\weaviate__weaviate"
[90m1:23AM[0m [33mWRN[0m [1mNo charts found – skipping[0m [36mrepo=[0mweaviate/weaviate
[90m1:23AM[0m [32mINF[0m [1mProcessing repo[0m [36mrepo=[0mchatwoot/charts [36mrepo_index=[0m222 [36mtotal=[0m486
[90m1:23AM[0m [32mINF[0m [1mAlready cloned – skipping[0m [36mdir=[0m"D:\\helm_clones_artifacthub\\chatwoot__charts"
[90m1:23AM[0m [32mINF[0m [1mProcessing repo[0m [36mrepo=[0mgobwas/glob [36mrepo_index=[0m223 [36mtotal=[0m486
[90m1:23AM[0m [32mINF[0m [1mAlready cloned – skipping[0m [36mdir=[0m"D:\\helm_clones_artifacthub\\gobwas__glob"
[90m1:23AM[0m [33mWRN[0m [1mNo charts found – skipping[0m [36mrepo=[0mgobwas/glob
[90m1:23AM[0m [32mINF[0m [1mProcessing repo[0m [36mrepo=[0mgeek-cookbook/charts [36mrepo_index=[0m224 [36mtotal=[0m486
[90m1:23AM[0m [32mINF[0m [1mAlready cloned – skipping[0m [36mdir=[0m"D:\\helm_clones_artifacthub\\geek-cookbook__charts"
[90m1:23AM[0m [32mINF[0m [1mProcessing repo[0m [36mrepo=[0mprymitive/karma [36mrepo_index=[0m225 [36mtotal=[0m486
[90m1:23AM[0m [32mINF[0m [1mAlready cloned – skipping[0m [36mdir=[0m"D:\\helm_clones_artifacthub\\prymitive__karma"
[90m1:23AM[0m [33mWRN[0m [1mNo charts found – skipping[0m [36mrepo=[0mprymitive/karma
[90m1:23AM[0m [32mINF[0m [1mProcessing repo[0m [36mrepo=[0mhirosystems/charts [36mrepo_index=[0m226 [36mtotal=[0m486
[90m1:23AM[0m [32mINF[0m [1mAlready cloned – skipping[0m [36mdir=[0m"D:\\helm_clones_artifacthub\\hirosystems__charts"
[90m1:23AM[0m [33mWRN[0m [1mChart not in catalog – skipping[0m [36mchart=[0m"D:\\helm_clones_artifacthub\\hirosystems__charts\\hirosystems\\stacks-blockchain"
[90m1:23AM[0m [33mWRN[0m [1mChart not in catalog – skipping[0m [36mchart=[0m"D:\\helm_clones_artifacthub\\hirosystems__charts\\hirosystems\\stacks-blockchain-api"
[90m1:23AM[0m [32mINF[0m [1mProcessing repo[0m [36mrepo=[0mmorgoved/wazuh-helm [36mrepo_index=[0m227 [36mtotal=[0m486
[90m1:23AM[0m [32mINF[0m [1mAlready cloned – skipping[0m [36mdir=[0m"D:\\helm_clones_artifacthub\\morgoved__wazuh-helm"
[90m1:23AM[0m [32mINF[0m [1mProcessing repo[0m [36mrepo=[0mapache/apisix-ingress-controller [36mrepo_index=[0m228 [36mtotal=[0m486
[90m1:23AM[0m [32mINF[0m [1mAlready cloned – skipping[0m [36mdir=[0m"D:\\helm_clones_artifacthub\\apache__apisix-ingress-controller"
[90m1:23AM[0m [33mWRN[0m [1mNo charts found – skipping[0m [36mrepo=[0mapache/apisix-ingress-controller
[90m1:23AM[0m [32mINF[0m [1mProcessing repo[0m [36mrepo=[0mdatawire/ambassador [36mrepo_index=[0m229 [36mtotal=[0m486
[90m1:23AM[0m [32mINF[0m [1mAlready cloned – skipping[0m [36mdir=[0m"D:\\helm_clones_artifacthub\\datawire__ambassador"
[90m1:23AM[0m [32mINF[0m [1mProcessing repo[0m [36mrepo=[0mrimusz/charts [36mrepo_index=[0m230 [36mtotal=[0m486
[90m1:23AM[0m [32mINF[0m [1mAlready cloned – skipping[0m [36mdir=[0m"D:\\helm_clones_artifacthub\\rimusz__charts"
[90m1:23AM[0m [32mINF[0m [1mProcessing repo[0m [36mrepo=[0mzalando/postgres-operator [36mrepo_index=[0m231 [36mtotal=[0m486
[90m1:23AM[0m [32mINF[0m [1mAlready cloned – skipping[0m [36mdir=[0m"D:\\helm_clones_artifacthub\\zalando__postgres-operator"
[90m1:23AM[0m [32mINF[0m [1mProcessing repo[0m [36mrepo=[0mcetic/helm-postgresql [36mrepo_index=[0m232 [36mtotal=[0m486
[90m1:23AM[0m [32mINF[0m [1mAlready cloned – skipping[0m [36mdir=[0m"D:\\helm_clones_artifacthub\\cetic__helm-postgresql"
[90m1:23AM[0m [32mINF[0m [1mProcessing repo[0m [36mrepo=[0mgetredash/redash [36mrepo_index=[0m233 [36mtotal=[0m486
[90m1:23AM[0m [32mINF[0m [1mAlready cloned – skipping[0m [36mdir=[0m"D:\\helm_clones_artifacthub\\getredash__redash"
[90m1:23AM[0m [33mWRN[0m [1mNo charts found – skipping[0m [36mrepo=[0mgetredash/redash
[90m1:23AM[0m [32mINF[0m [1mProcessing repo[0m [36mrepo=[0mmatrix-org/synapse [36mrepo_index=[0m234 [36mtotal=[0m486
[90m1:23AM[0m [32mINF[0m [1mAlready cloned – skipping[0m [36mdir=[0m"D:\\helm_clones_artifacthub\\matrix-org__synapse"
[90m1:23AM[0m [33mWRN[0m [1mNo charts found – skipping[0m [36mrepo=[0mmatrix-org/synapse
[90m1:23AM[0m [32mINF[0m [1mProcessing repo[0m [36mrepo=[0mguerzon/vaultwarden [36mrepo_index=[0m235 [36mtotal=[0m486
[90m1:23AM[0m [32mINF[0m [1mAlready cloned – skipping[0m [36mdir=[0m"D:\\helm_clones_artifacthub\\guerzon__vaultwarden"
[90m1:23AM[0m [32mINF[0m [1mProcessing repo[0m [36mrepo=[0mzabbix-community/helm-zabbix [36mrepo_index=[0m236 [36mtotal=[0m486
[90m1:23AM[0m [32mINF[0m [1mAlready cloned – skipping[0m [36mdir=[0m"D:\\helm_clones_artifacthub\\zabbix-community__helm-zabbix"
[90m1:23AM[0m [32mINF[0m [1mProcessing repo[0m [36mrepo=[0mStarRocks/starrocks-kubernetes-operator [36mrepo_index=[0m237 [36mtotal=[0m486
[90m1:23AM[0m [32mINF[0m [1mAlready cloned – skipping[0m [36mdir=[0m"D:\\helm_clones_artifacthub\\StarRocks__starrocks-kubernetes-operator"
[90m1:23AM[0m [32mINF[0m [1mProcessing repo[0m [36mrepo=[0mngrok/ngrok-operator [36mrepo_index=[0m238 [36mtotal=[0m486
[90m1:23AM[0m [32mINF[0m [1mAlready cloned – skipping[0m [36mdir=[0m"D:\\helm_clones_artifacthub\\ngrok__ngrok-operator"
[90m1:23AM[0m [32mINF[0m [1mProcessing repo[0m [36mrepo=[0mopen-feature/flagd [36mrepo_index=[0m239 [36mtotal=[0m486
[90m1:23AM[0m [32mINF[0m [1mAlready cloned – skipping[0m [36mdir=[0m"D:\\helm_clones_artifacthub\\open-feature__flagd"
[90m1:23AM[0m [33mWRN[0m [1mNo charts found – skipping[0m [36mrepo=[0mopen-feature/flagd
[90m1:23AM[0m [32mINF[0m [1mProcessing repo[0m [36mrepo=[0mtelepresenceio/telepresence [36mrepo_index=[0m240 [36mtotal=[0m486
[90m1:23AM[0m [32mINF[0m [1mAlready cloned – skipping[0m [36mdir=[0m"D:\\helm_clones_artifacthub\\telepresenceio__telepresence"
[90m1:23AM[0m [32mINF[0m [1mProcessing repo[0m [36mrepo=[0mevryfs/helm-charts [36mrepo_index=[0m241 [36mtotal=[0m486
[90m1:23AM[0m [32mINF[0m [1mAlready cloned – skipping[0m [36mdir=[0m"D:\\helm_clones_artifacthub\\evryfs__helm-charts"
[90m1:23AM[0m [33mWRN[0m [1mChart not in catalog – skipping[0m [36mchart=[0m"D:\\helm_clones_artifacthub\\evryfs__helm-charts\\charts\\ecr-proxy"
[90m1:23AM[0m [33mWRN[0m [1mChart not in catalog – skipping[0m [36mchart=[0m"D:\\helm_clones_artifacthub\\evryfs__helm-charts\\charts\\github-actions-runner-operator"
[90m1:23AM[0m [33mWRN[0m [1mChart not in catalog – skipping[0m [36mchart=[0m"D:\\helm_clones_artifacthub\\evryfs__helm-charts\\charts\\mcrouter"
[90m1:23AM[0m [33mWRN[0m [1mChart not in catalog – skipping[0m [36mchart=[0m"D:\\helm_clones_artifacthub\\evryfs__helm-charts\\charts\\spring-boot-admin"
[90m1:23AM[0m [32mINF[0m [1mProcessing repo[0m [36mrepo=[0mSQLJames/factorio-server-charts [36mrepo_index=[0m242 [36mtotal=[0m486
[90m1:23AM[0m [32mINF[0m [1mAlready cloned – skipping[0m [36mdir=[0m"D:\\helm_clones_artifacthub\\SQLJames__factorio-server-charts"
[90m1:23AM[0m [32mINF[0m [1mProcessing repo[0m [36mrepo=[0mCrowdStrike/falcon-helm [36mrepo_index=[0m243 [36mtotal=[0m486
[90m1:23AM[0m [32mINF[0m [1mAlready cloned – skipping[0m [36mdir=[0m"D:\\helm_clones_artifacthub\\CrowdStrike__falcon-helm"
[90m1:23AM[0m [32mINF[0m [1mProcessing repo[0m [36mrepo=[0mlinuxserver/docker-jellyfin [36mrepo_index=[0m244 [36mtotal=[0m486
[90m1:23AM[0m [32mINF[0m [1mAlready cloned – skipping[0m [36mdir=[0m"D:\\helm_clones_artifacthub\\linuxserver__docker-jellyfin"
[90m1:23AM[0m [33mWRN[0m [1mNo charts found – skipping[0m [36mrepo=[0mlinuxserver/docker-jellyfin
[90m1:23AM[0m [32mINF[0m [1mProcessing repo[0m [36mrepo=[0mk8gb-io/k8gb [36mrepo_index=[0m245 [36mtotal=[0m486
[90m1:23AM[0m [32mINF[0m [1mAlready cloned – skipping[0m [36mdir=[0m"D:\\helm_clones_artifacthub\\k8gb-io__k8gb"
[90m1:23AM[0m [32mINF[0m [1mProcessing repo[0m [36mrepo=[0mk8up-io/k8up [36mrepo_index=[0m246 [36mtotal=[0m486
[90m1:23AM[0m [32mINF[0m [1mAlready cloned – skipping[0m [36mdir=[0m"D:\\helm_clones_artifacthub\\k8up-io__k8up"
[90m1:23AM[0m [32mINF[0m [1mProcessing repo[0m [36mrepo=[0mneo4j/helm-charts [36mrepo_index=[0m247 [36mtotal=[0m486
[90m1:23AM[0m [32mINF[0m [1mAlready cloned – skipping[0m [36mdir=[0m"D:\\helm_clones_artifacthub\\neo4j__helm-charts"
[90m1:23AM[0m [32mINF[0m [1mProcessing repo[0m [36mrepo=[0mopenclaw/openclaw [36mrepo_index=[0m248 [36mtotal=[0m486
[90m1:23AM[0m [32mINF[0m [1mAlready cloned – skipping[0m [36mdir=[0m"D:\\helm_clones_artifacthub\\openclaw__openclaw"
[90m1:23AM[0m [33mWRN[0m [1mNo charts found – skipping[0m [36mrepo=[0mopenclaw/openclaw
[90m1:23AM[0m [32mINF[0m [1mProcessing repo[0m [36mrepo=[0mstenic/helm-charts [36mrepo_index=[0m249 [36mtotal=[0m486
[90m1:23AM[0m [32mINF[0m [1mAlready cloned – skipping[0m [36mdir=[0m"D:\\helm_clones_artifacthub\\stenic__helm-charts"
[90m1:23AM[0m [32mINF[0m [1mProcessing repo[0m [36mrepo=[0mprometheus/cloudwatch_exporter [36mrepo_index=[0m250 [36mtotal=[0m486
[90m1:23AM[0m [32mINF[0m [1mAlready cloned – skipping[0m [36mdir=[0m"D:\\helm_clones_artifacthub\\prometheus__cloudwatch_exporter"
[90m1:23AM[0m [33mWRN[0m [1mNo charts found – skipping[0m [36mrepo=[0mprometheus/cloudwatch_exporter
[90m1:23AM[0m [32mINF[0m [1mProcessing repo[0m [36mrepo=[0mpypiserver/pypiserver [36mrepo_index=[0m251 [36mtotal=[0m486
[90m1:23AM[0m [32mINF[0m [1mAlready cloned – skipping[0m [36mdir=[0m"D:\\helm_clones_artifacthub\\pypiserver__pypiserver"
[90m1:23AM[0m [33mWRN[0m [1mNo charts found – skipping[0m [36mrepo=[0mpypiserver/pypiserver
[90m1:23AM[0m [32mINF[0m [1mProcessing repo[0m [36mrepo=[0msmallstep/certificates [36mrepo_index=[0m252 [36mtotal=[0m486
[90m1:23AM[0m [32mINF[0m [1mAlready cloned – skipping[0m [36mdir=[0m"D:\\helm_clones_artifacthub\\smallstep__certificates"
[90m1:23AM[0m [33mWRN[0m [1mNo charts found – skipping[0m [36mrepo=[0msmallstep/certificates
[90m1:23AM[0m [32mINF[0m [1mProcessing repo[0m [36mrepo=[0mkubernetes-sigs/aws-ebs-csi-driver [36mrepo_index=[0m253 [36mtotal=[0m486
[90m1:23AM[0m [32mINF[0m [1mAlready cloned – skipping[0m [36mdir=[0m"D:\\helm_clones_artifacthub\\kubernetes-sigs__aws-ebs-csi-driver"
[90m1:23AM[0m [32mINF[0m [1mProcessing repo[0m [36mrepo=[0mdask/dask [36mrepo_index=[0m254 [36mtotal=[0m486
[90m1:23AM[0m [32mINF[0m [1mAlready cloned – skipping[0m [36mdir=[0m"D:\\helm_clones_artifacthub\\dask__dask"
[90m1:23AM[0m [33mWRN[0m [1mNo charts found – skipping[0m [36mrepo=[0mdask/dask
[90m1:23AM[0m [32mINF[0m [1mProcessing repo[0m [36mrepo=[0mdgraph-io/charts [36mrepo_index=[0m255 [36mtotal=[0m486
[90m1:23AM[0m [32mINF[0m [1mAlready cloned – skipping[0m [36mdir=[0m"D:\\helm_clones_artifacthub\\dgraph-io__charts"
[90m1:23AM[0m [32mINF[0m [1mProcessing repo[0m [36mrepo=[0mkiwigrid/helm-charts [36mrepo_index=[0m256 [36mtotal=[0m486
[90m1:23AM[0m [32mINF[0m [1mAlready cloned – skipping[0m [36mdir=[0m"D:\\helm_clones_artifacthub\\kiwigrid__helm-charts"
[90m1:23AM[0m [33mWRN[0m [1mChart not in catalog – skipping[0m [36mchart=[0m"D:\\helm_clones_artifacthub\\kiwigrid__helm-charts\\charts\\enmasse"
[90m1:23AM[0m [33mWRN[0m [1mChart not in catalog – skipping[0m [36mchart=[0m"D:\\helm_clones_artifacthub\\kiwigrid__helm-charts\\charts\\enmasse-crd"
[90m1:23AM[0m [33mWRN[0m [1mChart not in catalog – skipping[0m [36mchart=[0m"D:\\helm_clones_artifacthub\\kiwigrid__helm-charts\\charts\\error-pages"
[90m1:23AM[0m [33mWRN[0m [1mChart not in catalog – skipping[0m [36mchart=[0m"D:\\helm_clones_artifacthub\\kiwigrid__helm-charts\\charts\\fluentd-elasticsearch"
[90m1:23AM[0m [33mWRN[0m [1mChart not in catalog – skipping[0m [36mchart=[0m"D:\\helm_clones_artifacthub\\kiwigrid__helm-charts\\charts\\gcp-serviceaccount-controller"
[90m1:23AM[0m [33mWRN[0m [1mChart not in catalog – skipping[0m [36mchart=[0m"D:\\helm_clones_artifacthub\\kiwigrid__helm-charts\\charts\\grafana-dashboards"
[90m1:23AM[0m [33mWRN[0m [1mChart not in catalog – skipping[0m [36mchart=[0m"D:\\helm_clones_artifacthub\\kiwigrid__helm-charts\\charts\\graphite"
[90m1:23AM[0m [33mWRN[0m [1mChart not in catalog – skipping[0m [36mchart=[0m"D:\\helm_clones_artifacthub\\kiwigrid__helm-charts\\charts\\hawkbit-update-server"
[90m1:23AM[0m [33mWRN[0m [1mChart not in catalog – skipping[0m [36mchart=[0m"D:\\helm_clones_artifacthub\\kiwigrid__helm-charts\\charts\\influxdb-backup"
[90m1:23AM[0m [33mWRN[0m [1mChart not in catalog – skipping[0m [36mchart=[0m"D:\\helm_clones_artifacthub\\kiwigrid__helm-charts\\charts\\ingress-annotator"
[90m1:23AM[0m [33mWRN[0m [1mChart not in catalog – skipping[0m [36mchart=[0m"D:\\helm_clones_artifacthub\\kiwigrid__helm-charts\\charts\\keycloak-controller"
[90m1:23AM[0m [33mWRN[0m [1mChart not in catalog – skipping[0m [36mchart=[0m"D:\\helm_clones_artifacthub\\kiwigrid__helm-charts\\charts\\kubernetes-policy-controller"
[90m1:23AM[0m [33mWRN[0m [1mChart not in catalog – skipping[0m [36mchart=[0m"D:\\helm_clones_artifacthub\\kiwigrid__helm-charts\\charts\\prometheus-pingdom-exporter"
[90m1:23AM[0m [33mWRN[0m [1mChart not in catalog – skipping[0m [36mchart=[0m"D:\\helm_clones_artifacthub\\kiwigrid__helm-charts\\charts\\prometheus-thanos"
[90m1:23AM[0m [33mWRN[0m [1mChart not in catalog – skipping[0m [36mchart=[0m"D:\\helm_clones_artifacthub\\kiwigrid__helm-charts\\charts\\pull-secret-distributor"
[90m1:23AM[0m [33mWRN[0m [1mChart not in catalog – skipping[0m [36mchart=[0m"D:\\helm_clones_artifacthub\\kiwigrid__helm-charts\\charts\\secret-replicator"
[90m1:23AM[0m [33mWRN[0m [1mChart not in catalog – skipping[0m [36mchart=[0m"D:\\helm_clones_artifacthub\\kiwigrid__helm-charts\\charts\\spring-cloud-config-server"
[90m1:23AM[0m [33mWRN[0m [1mChart not in catalog – skipping[0m [36mchart=[0m"D:\\helm_clones_artifacthub\\kiwigrid__helm-charts\\charts\\stackdriver-exporter"
[90m1:23AM[0m [33mWRN[0m [1mChart not in catalog – skipping[0m [36mchart=[0m"D:\\helm_clones_artifacthub\\kiwigrid__helm-charts\\charts\\zipkin-stackdriver-proxy"
[90m1:23AM[0m [32mINF[0m [1mProcessing repo[0m [36mrepo=[0mlocalstack/localstack [36mrepo_index=[0m257 [36mtotal=[0m486
[90m1:23AM[0m [32mINF[0m [1mAlready cloned – skipping[0m [36mdir=[0m"D:\\helm_clones_artifacthub\\localstack__localstack"
[90m1:23AM[0m [33mWRN[0m [1mNo charts found – skipping[0m [36mrepo=[0mlocalstack/localstack
[90m1:23AM[0m [32mINF[0m [1mProcessing repo[0m [36mrepo=[0mbanzaicloud/logging-operator [36mrepo_index=[0m258 [36mtotal=[0m486
[90m1:23AM[0m [32mINF[0m [1mAlready cloned – skipping[0m [36mdir=[0m"D:\\helm_clones_artifacthub\\banzaicloud__logging-operator"
[90m1:23AM[0m [32mINF[0m [1mProcessing repo[0m [36mrepo=[0moutline/outline [36mrepo_index=[0m259 [36mtotal=[0m486
[90m1:23AM[0m [32mINF[0m [1mAlready cloned – skipping[0m [36mdir=[0m"D:\\helm_clones_artifacthub\\outline__outline"
[90m1:23AM[0m [33mWRN[0m [1mNo charts found – skipping[0m [36mrepo=[0moutline/outline
[90m1:23AM[0m [32mINF[0m [1mProcessing repo[0m [36mrepo=[0msergelogvinov/proxmox-csi-plugin [36mrepo_index=[0m260 [36mtotal=[0m486
[90m1:23AM[0m [32mINF[0m [1mAlready cloned – skipping[0m [36mdir=[0m"D:\\helm_clones_artifacthub\\sergelogvinov__proxmox-csi-plugin"
[90m1:23AM[0m [32mINF[0m [1mProcessing repo[0m [36mrepo=[0mpercona/percona-xtradb-cluster-operator [36mrepo_index=[0m261 [36mtotal=[0m486
[90m1:23AM[0m [32mINF[0m [1mAlready cloned – skipping[0m [36mdir=[0m"D:\\helm_clones_artifacthub\\percona__percona-xtradb-cluster-operator"
[90m1:23AM[0m [33mWRN[0m [1mNo charts found – skipping[0m [36mrepo=[0mpercona/percona-xtradb-cluster-operator
[90m1:23AM[0m [32mINF[0m [1mProcessing repo[0m [36mrepo=[0mjetstack/kube-lego [36mrepo_index=[0m262 [36mtotal=[0m486
[90m1:23AM[0m [32mINF[0m [1mAlready cloned – skipping[0m [36mdir=[0m"D:\\helm_clones_artifacthub\\jetstack__kube-lego"
[90m1:23AM[0m [33mWRN[0m [1mNo charts found – skipping[0m [36mrepo=[0mjetstack/kube-lego
[90m1:23AM[0m [32mINF[0m [1mProcessing repo[0m [36mrepo=[0mROCm/k8s-device-plugin [36mrepo_index=[0m263 [36mtotal=[0m486
[90m1:23AM[0m [32mINF[0m [1mAlready cloned – skipping[0m [36mdir=[0m"D:\\helm_clones_artifacthub\\ROCm__k8s-device-plugin"
[90m1:23AM[0m [32mINF[0m [1mProcessing repo[0m [36mrepo=[0mFlagsmith/flagsmith-charts [36mrepo_index=[0m264 [36mtotal=[0m486
[90m1:23AM[0m [32mINF[0m [1mAlready cloned – skipping[0m [36mdir=[0m"D:\\helm_clones_artifacthub\\Flagsmith__flagsmith-charts"
[90m1:23AM[0m [33mWRN[0m [1mChart not in catalog – skipping[0m [36mchart=[0m"D:\\helm_clones_artifacthub\\Flagsmith__flagsmith-charts\\charts\\graphite"
[90m1:23AM[0m [32mINF[0m [1mProcessing repo[0m [36mrepo=[0mglasskube/operator [36mrepo_index=[0m265 [36mtotal=[0m486
[90m1:23AM[0m [32mINF[0m [1mAlready cloned – skipping[0m [36mdir=[0m"D:\\helm_clones_artifacthub\\glasskube__operator"
[90m1:23AM[0m [32mINF[0m [1mProcessing repo[0m [36mrepo=[0mmakeplane/plane [36mrepo_index=[0m266 [36mtotal=[0m486
[90m1:23AM[0m [32mINF[0m [1mAlready cloned – skipping[0m [36mdir=[0m"D:\\helm_clones_artifacthub\\makeplane__plane"
[90m1:23AM[0m [33mWRN[0m [1mNo charts found – skipping[0m [36mrepo=[0mmakeplane/plane
[90m1:23AM[0m [32mINF[0m [1mProcessing repo[0m [36mrepo=[0mrancher/local-path-provisioner [36mrepo_index=[0m267 [36mtotal=[0m486
[90m1:23AM[0m [32mINF[0m [1mAlready cloned – skipping[0m [36mdir=[0m"D:\\helm_clones_artifacthub\\rancher__local-path-provisioner"
[90m1:23AM[0m [32mINF[0m [1mProcessing repo[0m [36mrepo=[0mbackube/scribe [36mrepo_index=[0m268 [36mtotal=[0m486
[90m1:23AM[0m [32mINF[0m [1mAlready cloned – skipping[0m [36mdir=[0m"D:\\helm_clones_artifacthub\\backube__scribe"
[90m1:23AM[0m [32mINF[0m [1mProcessing repo[0m [36mrepo=[0mapache/camel-k [36mrepo_index=[0m269 [36mtotal=[0m486
[90m1:23AM[0m [32mINF[0m [1mAlready cloned – skipping[0m [36mdir=[0m"D:\\helm_clones_artifacthub\\apache__camel-k"
[90m1:23AM[0m [32mINF[0m [1mProcessing repo[0m [36mrepo=[0maureq/cert-manager-webhook-ovh [36mrepo_index=[0m270 [36mtotal=[0m486
[90m1:23AM[0m [32mINF[0m [1mAlready cloned – skipping[0m [36mdir=[0m"D:\\helm_clones_artifacthub\\aureq__cert-manager-webhook-ovh"
[90m1:23AM[0m [32mINF[0m [1mProcessing repo[0m [36mrepo=[0mneuvector/neuvector [36mrepo_index=[0m271 [36mtotal=[0m486
[90m1:23AM[0m [32mINF[0m [1mAlready cloned – skipping[0m [36mdir=[0m"D:\\helm_clones_artifacthub\\neuvector__neuvector"
[90m1:23AM[0m [33mWRN[0m [1mNo charts found – skipping[0m [36mrepo=[0mneuvector/neuvector
[90m1:23AM[0m [32mINF[0m [1mProcessing repo[0m [36mrepo=[0moauth2-proxy/oauth2-proxy [36mrepo_index=[0m272 [36mtotal=[0m486
[90m1:23AM[0m [32mINF[0m [1mAlready cloned – skipping[0m [36mdir=[0m"D:\\helm_clones_artifacthub\\oauth2-proxy__oauth2-proxy"
[90m1:23AM[0m [32mINF[0m [1mProcessing repo[0m [36mrepo=[0maws/karpenter [36mrepo_index=[0m273 [36mtotal=[0m486
[90m1:23AM[0m [32mINF[0m [1mAlready cloned – skipping[0m [36mdir=[0m"D:\\helm_clones_artifacthub\\aws__karpenter"
[90m1:23AM[0m [33mWRN[0m [1mChart not in catalog – skipping[0m [36mchart=[0m"D:\\helm_clones_artifacthub\\aws__karpenter\\charts\\karpenter-crd"
[90m1:23AM[0m [32mINF[0m [1mProcessing repo[0m [36mrepo=[0mMicrosoft/mssql-docker [36mrepo_index=[0m274 [36mtotal=[0m486
[90m1:23AM[0m [32mINF[0m [1mAlready cloned – skipping[0m [36mdir=[0m"D:\\helm_clones_artifacthub\\Microsoft__mssql-docker"
[90m1:23AM[0m [32mINF[0m [1mProcessing repo[0m [36mrepo=[0mnetbirdio/netbird [36mrepo_index=[0m275 [36mtotal=[0m486
[90m1:23AM[0m [32mINF[0m [1mAlready cloned – skipping[0m [36mdir=[0m"D:\\helm_clones_artifacthub\\netbirdio__netbird"
[90m1:23AM[0m [33mWRN[0m [1mNo charts found – skipping[0m [36mrepo=[0mnetbirdio/netbird
[90m1:23AM[0m [32mINF[0m [1mProcessing repo[0m [36mrepo=[0moobeyaio/oobeya-helm-chart [36mrepo_index=[0m276 [36mtotal=[0m486
[90m1:23AM[0m [32mINF[0m [1mAlready cloned – skipping[0m [36mdir=[0m"D:\\helm_clones_artifacthub\\oobeyaio__oobeya-helm-chart"
[90m1:23AM[0m [32mINF[0m [1mProcessing repo[0m [36mrepo=[0mopen-policy-agent/opa [36mrepo_index=[0m277 [36mtotal=[0m486
[90m1:23AM[0m [32mINF[0m [1mAlready cloned – skipping[0m [36mdir=[0m"D:\\helm_clones_artifacthub\\open-policy-agent__opa"
[90m1:23AM[0m [33mWRN[0m [1mNo charts found – skipping[0m [36mrepo=[0mopen-policy-agent/opa
[90m1:23AM[0m [32mINF[0m [1mProcessing repo[0m [36mrepo=[0mopenbao/openbao-helm [36mrepo_index=[0m278 [36mtotal=[0m486
[90m1:23AM[0m [32mINF[0m [1mAlready cloned – skipping[0m [36mdir=[0m"D:\\helm_clones_artifacthub\\openbao__openbao-helm"
[90m1:23AM[0m [32mINF[0m [1mProcessing repo[0m [36mrepo=[0mkubitodev/helm [36mrepo_index=[0m279 [36mtotal=[0m486
[90m1:23AM[0m [32mINF[0m [1mAlready cloned – skipping[0m [36mdir=[0m"D:\\helm_clones_artifacthub\\kubitodev__helm"
[90m1:23AM[0m [32mINF[0m [1mProcessing repo[0m [36mrepo=[0mPrefectHQ/prefect-helm [36mrepo_index=[0m280 [36mtotal=[0m486
[90m1:23AM[0m [32mINF[0m [1mAlready cloned – skipping[0m [36mdir=[0m"D:\\helm_clones_artifacthub\\PrefectHQ__prefect-helm"
[90m1:23AM[0m [32mINF[0m [1mProcessing repo[0m [36mrepo=[0mbedag/helm-charts [36mrepo_index=[0m281 [36mtotal=[0m486
[90m1:23AM[0m [32mINF[0m [1mAlready cloned – skipping[0m [36mdir=[0m"D:\\helm_clones_artifacthub\\bedag__helm-charts"
[90m1:23AM[0m [32mINF[0m [1mProcessing repo[0m [36mrepo=[0moxyno-zeta/s3-proxy [36mrepo_index=[0m282 [36mtotal=[0m486
[90m1:23AM[0m [32mINF[0m [1mAlready cloned – skipping[0m [36mdir=[0m"D:\\helm_clones_artifacthub\\oxyno-zeta__s3-proxy"
[90m1:23AM[0m [33mWRN[0m [1mNo charts found – skipping[0m [36mrepo=[0moxyno-zeta/s3-proxy
[90m1:23AM[0m [32mINF[0m [1mProcessing repo[0m [36mrepo=[0mbryopsida/wireguard-chart [36mrepo_index=[0m283 [36mtotal=[0m486
[90m1:23AM[0m [32mINF[0m [1mAlready cloned – skipping[0m [36mdir=[0m"D:\\helm_clones_artifacthub\\bryopsida__wireguard-chart"
[90m1:23AM[0m [32mINF[0m [1mProcessing repo[0m [36mrepo=[0mdocker-mailserver/docker-mailserver-helm [36mrepo_index=[0m284 [36mtotal=[0m486
[90m1:23AM[0m [32mINF[0m [1mAlready cloned – skipping[0m [36mdir=[0m"D:\\helm_clones_artifacthub\\docker-mailserver__docker-mailserver-helm"
[90m1:23AM[0m [32mINF[0m [1mProcessing repo[0m [36mrepo=[0mdatawire/edge-stack [36mrepo_index=[0m285 [36mtotal=[0m486
[90m1:23AM[0m [32mINF[0m [1mAlready cloned – skipping[0m [36mdir=[0m"D:\\helm_clones_artifacthub\\datawire__edge-stack"
[90m1:23AM[0m [33mWRN[0m [1mNo charts found – skipping[0m [36mrepo=[0mdatawire/edge-stack
[90m1:23AM[0m [32mINF[0m [1mProcessing repo[0m [36mrepo=[0mfalcosecurity/falcosidekick [36mrepo_index=[0m286 [36mtotal=[0m486
[90m1:23AM[0m [32mINF[0m [1mAlready cloned – skipping[0m [36mdir=[0m"D:\\helm_clones_artifacthub\\falcosecurity__falcosidekick"
[90m1:23AM[0m [33mWRN[0m [1mNo charts found – skipping[0m [36mrepo=[0mfalcosecurity/falcosidekick
[90m1:23AM[0m [32mINF[0m [1mProcessing repo[0m [36mrepo=[0mAdguardTeam/AdGuardHome [36mrepo_index=[0m287 [36mtotal=[0m486
[90m1:23AM[0m [32mINF[0m [1mAlready cloned – skipping[0m [36mdir=[0m"D:\\helm_clones_artifacthub\\AdguardTeam__AdGuardHome"
[90m1:23AM[0m [33mWRN[0m [1mNo charts found – skipping[0m [36mrepo=[0mAdguardTeam/AdGuardHome
[90m1:23AM[0m [32mINF[0m [1mProcessing repo[0m [36mrepo=[0mmogenius/renovate-operator [36mrepo_index=[0m288 [36mtotal=[0m486
[90m1:23AM[0m [32mINF[0m [1mAlready cloned – skipping[0m [36mdir=[0m"D:\\helm_clones_artifacthub\\mogenius__renovate-operator"
[90m1:23AM[0m [32mINF[0m [1mProcessing repo[0m [36mrepo=[0mpree/helm-charts [36mrepo_index=[0m289 [36mtotal=[0m486
[90m1:23AM[0m [32mINF[0m [1mAlready cloned – skipping[0m [36mdir=[0m"D:\\helm_clones_artifacthub\\pree__helm-charts"
[90m1:23AM[0m [32mINF[0m [1mProcessing repo[0m [36mrepo=[0mspiffe/helm-charts-hardened [36mrepo_index=[0m290 [36mtotal=[0m486
[90m1:23AM[0m [32mINF[0m [1mAlready cloned – skipping[0m [36mdir=[0m"D:\\helm_clones_artifacthub\\spiffe__helm-charts-hardened"
[90m1:23AM[0m [32mINF[0m [1mProcessing repo[0m [36mrepo=[0msupabase-community/supabase-kubernetes [36mrepo_index=[0m291 [36mtotal=[0m486
[90m1:23AM[0m [32mINF[0m [1mAlready cloned – skipping[0m [36mdir=[0m"D:\\helm_clones_artifacthub\\supabase-community__supabase-kubernetes"
[90m1:23AM[0m [32mINF[0m [1mProcessing repo[0m [36mrepo=[0mhaugene/docker-transmission-openvpn [36mrepo_index=[0m292 [36mtotal=[0m486
[90m1:23AM[0m [32mINF[0m [1mAlready cloned – skipping[0m [36mdir=[0m"D:\\helm_clones_artifacthub\\haugene__docker-transmission-openvpn"
[90m1:23AM[0m [33mWRN[0m [1mNo charts found – skipping[0m [36mrepo=[0mhaugene/docker-transmission-openvpn
[90m1:23AM[0m [32mINF[0m [1mProcessing repo[0m [36mrepo=[0motwld/velero-ui [36mrepo_index=[0m293 [36mtotal=[0m486
[90m1:23AM[0m [32mINF[0m [1mAlready cloned – skipping[0m [36mdir=[0m"D:\\helm_clones_artifacthub\\otwld__velero-ui"
[90m1:23AM[0m [32mINF[0m [1mProcessing repo[0m [36mrepo=[0mwekan/wekan [36mrepo_index=[0m294 [36mtotal=[0m486
[90m1:23AM[0m [32mINF[0m [1mAlready cloned – skipping[0m [36mdir=[0m"D:\\helm_clones_artifacthub\\wekan__wekan"
[90m1:23AM[0m [33mWRN[0m [1mNo charts found – skipping[0m [36mrepo=[0mwekan/wekan
[90m1:23AM[0m [32mINF[0m [1mProcessing repo[0m [36mrepo=[0mbytebase/bytebase [36mrepo_index=[0m295 [36mtotal=[0m486
[90m1:23AM[0m [32mINF[0m [1mAlready cloned – skipping[0m [36mdir=[0m"D:\\helm_clones_artifacthub\\bytebase__bytebase"
[90m1:23AM[0m [32mINF[0m [1mProcessing repo[0m [36mrepo=[0muber/cadence [36mrepo_index=[0m296 [36mtotal=[0m486
[90m1:23AM[0m [32mINF[0m [1mAlready cloned – skipping[0m [36mdir=[0m"D:\\helm_clones_artifacthub\\uber__cadence"
[90m1:23AM[0m [33mWRN[0m [1mNo charts found – skipping[0m [36mrepo=[0muber/cadence
[90m1:23AM[0m [32mINF[0m [1mProcessing repo[0m [36mrepo=[0mdgraph-io/dgraph-lambda [36mrepo_index=[0m297 [36mtotal=[0m486
[90m1:23AM[0m [32mINF[0m [1mAlready cloned – skipping[0m [36mdir=[0m"D:\\helm_clones_artifacthub\\dgraph-io__dgraph-lambda"
[90m1:23AM[0m [33mWRN[0m [1mNo charts found – skipping[0m [36mrepo=[0mdgraph-io/dgraph-lambda
[90m1:23AM[0m [32mINF[0m [1mProcessing repo[0m [36mrepo=[0mcontrolplaneio-fluxcd/flux-operator [36mrepo_index=[0m298 [36mtotal=[0m486
[90m1:23AM[0m [32mINF[0m [1mAlready cloned – skipping[0m [36mdir=[0m"D:\\helm_clones_artifacthub\\controlplaneio-fluxcd__flux-operator"
[90m1:23AM[0m [33mWRN[0m [1mNo charts found – skipping[0m [36mrepo=[0mcontrolplaneio-fluxcd/flux-operator
[90m1:23AM[0m [32mINF[0m [1mProcessing repo[0m [36mrepo=[0mkube-vip/helm-charts [36mrepo_index=[0m299 [36mtotal=[0m486
[90m1:23AM[0m [32mINF[0m [1mAlready cloned – skipping[0m [36mdir=[0m"D:\\helm_clones_artifacthub\\kube-vip__helm-charts"
[90m1:23AM[0m [32mINF[0m [1mProcessing repo[0m [36mrepo=[0mNaPs/helm-charts [36mrepo_index=[0m300 [36mtotal=[0m486
[90m1:23AM[0m [32mINF[0m [1mAlready cloned – skipping[0m [36mdir=[0m"D:\\helm_clones_artifacthub\\NaPs__helm-charts"
[90m1:23AM[0m [32mINF[0m [1mProcessing repo[0m [36mrepo=[0mmysql/mysql-operator [36mrepo_index=[0m301 [36mtotal=[0m486
[90m1:23AM[0m [32mINF[0m [1mAlready cloned – skipping[0m [36mdir=[0m"D:\\helm_clones_artifacthub\\mysql__mysql-operator"
[90m1:23AM[0m [32mINF[0m [1mProcessing repo[0m [36mrepo=[0mthanos-io/thanos [36mrepo_index=[0m302 [36mtotal=[0m486
[90m1:23AM[0m [32mINF[0m [1mAlready cloned – skipping[0m [36mdir=[0m"D:\\helm_clones_artifacthub\\thanos-io__thanos"
[90m1:23AM[0m [33mWRN[0m [1mNo charts found – skipping[0m [36mrepo=[0mthanos-io/thanos
[90m1:23AM[0m [32mINF[0m [1mProcessing repo[0m [36mrepo=[0mot-container-kit/redis-operator [36mrepo_index=[0m303 [36mtotal=[0m486
[90m1:23AM[0m [32mINF[0m [1mAlready cloned – skipping[0m [36mdir=[0m"D:\\helm_clones_artifacthub\\ot-container-kit__redis-operator"
[90m1:23AM[0m [32mINF[0m [1mProcessing repo[0m [36mrepo=[0mitboon/rocketmq-helm [36mrepo_index=[0m304 [36mtotal=[0m486
[90m1:23AM[0m [32mINF[0m [1mAlready cloned – skipping[0m [36mdir=[0m"D:\\helm_clones_artifacthub\\itboon__rocketmq-helm"
[90m1:23AM[0m [32mINF[0m [1mProcessing repo[0m [36mrepo=[0mkubernetes-sigs/aws-efs-csi-driver [36mrepo_index=[0m305 [36mtotal=[0m486
[90m1:23AM[0m [32mINF[0m [1mAlready cloned – skipping[0m [36mdir=[0m"D:\\helm_clones_artifacthub\\kubernetes-sigs__aws-efs-csi-driver"
[90m1:23AM[0m [32mINF[0m [1mProcessing repo[0m [36mrepo=[0msmallstep/step-issuer [36mrepo_index=[0m306 [36mtotal=[0m486
[90m1:23AM[0m [32mINF[0m [1mAlready cloned – skipping[0m [36mdir=[0m"D:\\helm_clones_artifacthub\\smallstep__step-issuer"
[90m1:23AM[0m [33mWRN[0m [1mNo charts found – skipping[0m [36mrepo=[0msmallstep/step-issuer
[90m1:23AM[0m [32mINF[0m [1mProcessing repo[0m [36mrepo=[0mapache/incubator-superset [36mrepo_index=[0m307 [36mtotal=[0m486
[90m1:23AM[0m [32mINF[0m [1mAlready cloned – skipping[0m [36mdir=[0m"D:\\helm_clones_artifacthub\\apache__incubator-superset"
[90m1:23AM[0m [32mINF[0m [1mProcessing repo[0m [36mrepo=[0mtemporalio/temporal [36mrepo_index=[0m308 [36mtotal=[0m486
[90m1:23AM[0m [32mINF[0m [1mAlready cloned – skipping[0m [36mdir=[0m"D:\\helm_clones_artifacthub\\temporalio__temporal"
[90m1:23AM[0m [33mWRN[0m [1mNo charts found – skipping[0m [36mrepo=[0mtemporalio/temporal
[90m1:23AM[0m [32mINF[0m [1mProcessing repo[0m [36mrepo=[0maquasecurity/trivy [36mrepo_index=[0m309 [36mtotal=[0m486
[90m1:23AM[0m [32mINF[0m [1mAlready cloned – skipping[0m [36mdir=[0m"D:\\helm_clones_artifacthub\\aquasecurity__trivy"
[90m1:23AM[0m [32mINF[0m [1mProcessing repo[0m [36mrepo=[0mwoodpecker-ci/woodpecker [36mrepo_index=[0m310 [36mtotal=[0m486
[90m1:23AM[0m [32mINF[0m [1mAlready cloned – skipping[0m [36mdir=[0m"D:\\helm_clones_artifacthub\\woodpecker-ci__woodpecker"
[90m1:23AM[0m [33mWRN[0m [1mNo charts found – skipping[0m [36mrepo=[0mwoodpecker-ci/woodpecker
[90m1:23AM[0m [32mINF[0m [1mProcessing repo[0m [36mrepo=[0mopenzipkin/zipkin [36mrepo_index=[0m311 [36mtotal=[0m486
[90m1:23AM[0m [32mINF[0m [1mAlready cloned – skipping[0m [36mdir=[0m"D:\\helm_clones_artifacthub\\openzipkin__zipkin"
[90m1:23AM[0m [33mWRN[0m [1mNo charts found – skipping[0m [36mrepo=[0mopenzipkin/zipkin
[90m1:23AM[0m [32mINF[0m [1mProcessing repo[0m [36mrepo=[0mauthelia/chartrepo [36mrepo_index=[0m312 [36mtotal=[0m486
[90m1:23AM[0m [32mINF[0m [1mAlready cloned – skipping[0m [36mdir=[0m"D:\\helm_clones_artifacthub\\authelia__chartrepo"
[90m1:23AM[0m [32mINF[0m [1mProcessing repo[0m [36mrepo=[0mcodefresh-io/venona [36mrepo_index=[0m313 [36mtotal=[0m486
[90m1:23AM[0m [32mINF[0m [1mAlready cloned – skipping[0m [36mdir=[0m"D:\\helm_clones_artifacthub\\codefresh-io__venona"
[90m1:23AM[0m [32mINF[0m [1mProcessing repo[0m [36mrepo=[0mhivemq/helm-charts [36mrepo_index=[0m314 [36mtotal=[0m486
[90m1:23AM[0m [32mINF[0m [1mAlready cloned – skipping[0m [36mdir=[0m"D:\\helm_clones_artifacthub\\hivemq__helm-charts"
[90m1:23AM[0m [33mWRN[0m [1mChart not in catalog – skipping[0m [36mchart=[0m"D:\\helm_clones_artifacthub\\hivemq__helm-charts\\charts\\hivemq-platform"
[90m1:23AM[0m [33mWRN[0m [1mChart not in catalog – skipping[0m [36mchart=[0m"D:\\helm_clones_artifacthub\\hivemq__helm-charts\\charts\\hivemq-platform-operator"
[90m1:23AM[0m [33mWRN[0m [1mChart not in catalog – skipping[0m [36mchart=[0m"D:\\helm_clones_artifacthub\\hivemq__helm-charts\\charts\\hivemq-swarm"
[90m1:23AM[0m [32mINF[0m [1mProcessing repo[0m [36mrepo=[0mSumoLogic/tailing-sidecar [36mrepo_index=[0m315 [36mtotal=[0m486
[90m1:23AM[0m [32mINF[0m [1mAlready cloned – skipping[0m [36mdir=[0m"D:\\helm_clones_artifacthub\\SumoLogic__tailing-sidecar"
[90m1:23AM[0m [32mINF[0m [1mProcessing repo[0m [36mrepo=[0mhashicorp/waypoint [36mrepo_index=[0m316 [36mtotal=[0m486
[90m1:23AM[0m [32mINF[0m [1mAlready cloned – skipping[0m [36mdir=[0m"D:\\helm_clones_artifacthub\\hashicorp__waypoint"
[90m1:23AM[0m [33mWRN[0m [1mNo charts found – skipping[0m [36mrepo=[0mhashicorp/waypoint
[90m1:23AM[0m [32mINF[0m [1mProcessing repo[0m [36mrepo=[0mkubelauncher/docker [36mrepo_index=[0m317 [36mtotal=[0m486
[90m1:23AM[0m [32mINF[0m [1mAlready cloned – skipping[0m [36mdir=[0m"D:\\helm_clones_artifacthub\\kubelauncher__docker"
[90m1:23AM[0m [33mWRN[0m [1mNo charts found – skipping[0m [36mrepo=[0mkubelauncher/docker
[90m1:23AM[0m [32mINF[0m [1mProcessing repo[0m [36mrepo=[0mAureum-Cloud/Cloudflare-DDNS [36mrepo_index=[0m318 [36mtotal=[0m486
[90m1:23AM[0m [32mINF[0m [1mAlready cloned – skipping[0m [36mdir=[0m"D:\\helm_clones_artifacthub\\Aureum-Cloud__Cloudflare-DDNS"
[90m1:23AM[0m [32mINF[0m [1mProcessing repo[0m [36mrepo=[0mAzure/secrets-store-csi-driver-provider-azure [36mrepo_index=[0m319 [36mtotal=[0m486
[90m1:23AM[0m [32mINF[0m [1mAlready cloned – skipping[0m [36mdir=[0m"D:\\helm_clones_artifacthub\\Azure__secrets-store-csi-driver-provider-azure"
[90m1:23AM[0m [33mWRN[0m [1mChart not in catalog – skipping[0m [36mchart=[0m"D:\\helm_clones_artifacthub\\Azure__secrets-store-csi-driver-provider-azure\\manifest_staging\\charts\\csi-secrets-store-provider-azure"
[90m1:23AM[0m [32mINF[0m [1mProcessing repo[0m [36mrepo=[0mmintel/dex-k8s-authenticator [36mrepo_index=[0m320 [36mtotal=[0m486
[90m1:23AM[0m [32mINF[0m [1mAlready cloned – skipping[0m [36mdir=[0m"D:\\helm_clones_artifacthub\\mintel__dex-k8s-authenticator"
[90m1:23AM[0m [32mINF[0m [1mProcessing repo[0m [36mrepo=[0mJoxit/helm-charts [36mrepo_index=[0m321 [36mtotal=[0m486
[90m1:23AM[0m [32mINF[0m [1mAlready cloned – skipping[0m [36mdir=[0m"D:\\helm_clones_artifacthub\\Joxit__helm-charts"
[90m1:23AM[0m [32mINF[0m [1mProcessing repo[0m [36mrepo=[0masdf2014/druid-helm [36mrepo_index=[0m322 [36mtotal=[0m486
[90m1:23AM[0m [32mINF[0m [1mAlready cloned – skipping[0m [36mdir=[0m"D:\\helm_clones_artifacthub\\asdf2014__druid-helm"
[90m1:23AM[0m [32mINF[0m [1mProcessing repo[0m [36mrepo=[0mpmoscode-helm/excalidraw [36mrepo_index=[0m323 [36mtotal=[0m486
[90m1:23AM[0m [32mINF[0m [1mAlready cloned – skipping[0m [36mdir=[0m"D:\\helm_clones_artifacthub\\pmoscode-helm__excalidraw"
[90m1:23AM[0m [32mINF[0m [1mProcessing repo[0m [36mrepo=[0mhansehe/jaeger-all-in-one [36mrepo_index=[0m324 [36mtotal=[0m486
[90m1:23AM[0m [32mINF[0m [1mAlready cloned – skipping[0m [36mdir=[0m"D:\\helm_clones_artifacthub\\hansehe__jaeger-all-in-one"
[90m1:23AM[0m [32mINF[0m [1mProcessing repo[0m [36mrepo=[0mkubelauncher/charts [36mrepo_index=[0m325 [36mtotal=[0m486
[90m1:23AM[0m [32mINF[0m [1mAlready cloned – skipping[0m [36mdir=[0m"D:\\helm_clones_artifacthub\\kubelauncher__charts"
[90m1:23AM[0m [32mINF[0m [1mProcessing repo[0m [36mrepo=[0mapecloud/helm-charts [36mrepo_index=[0m326 [36mtotal=[0m486
[90m1:23AM[0m [32mINF[0m [1mAlready cloned – skipping[0m [36mdir=[0m"D:\\helm_clones_artifacthub\\apecloud__helm-charts"
[90m1:23AM[0m [32mINF[0m [1mProcessing repo[0m [36mrepo=[0mkumahq/kuma [36mrepo_index=[0m327 [36mtotal=[0m486
[90m1:23AM[0m [32mINF[0m [1mAlready cloned – skipping[0m [36mdir=[0m"D:\\helm_clones_artifacthub\\kumahq__kuma"
[90m1:23AM[0m [32mINF[0m [1mProcessing repo[0m [36mrepo=[0mone-acre-fund/oaf-public-charts [36mrepo_index=[0m328 [36mtotal=[0m486
[90m1:23AM[0m [32mINF[0m [1mAlready cloned – skipping[0m [36mdir=[0m"D:\\helm_clones_artifacthub\\one-acre-fund__oaf-public-charts"
[90m1:23AM[0m [33mWRN[0m [1mChart not in catalog – skipping[0m [36mchart=[0m"D:\\helm_clones_artifacthub\\one-acre-fund__oaf-public-charts\\archive\\metabase"
[90m1:23AM[0m [33mWRN[0m [1mChart not in catalog – skipping[0m [36mchart=[0m"D:\\helm_clones_artifacthub\\one-acre-fund__oaf-public-charts\\charts\\apicurio"
[90m1:23AM[0m [33mWRN[0m [1mChart not in catalog – skipping[0m [36mchart=[0m"D:\\helm_clones_artifacthub\\one-acre-fund__oaf-public-charts\\charts\\flagsmith"
[90m1:23AM[0m [33mWRN[0m [1mChart not in catalog – skipping[0m [36mchart=[0m"D:\\helm_clones_artifacthub\\one-acre-fund__oaf-public-charts\\charts\\growthbook"
[90m1:23AM[0m [33mWRN[0m [1mChart not in catalog – skipping[0m [36mchart=[0m"D:\\helm_clones_artifacthub\\one-acre-fund__oaf-public-charts\\charts\\kobotoolbox"
[90m1:23AM[0m [33mWRN[0m [1mChart not in catalog – skipping[0m [36mchart=[0m"D:\\helm_clones_artifacthub\\one-acre-fund__oaf-public-charts\\charts\\kutt"
[90m1:23AM[0m [33mWRN[0m [1mChart not in catalog – skipping[0m [36mchart=[0m"D:\\helm_clones_artifacthub\\one-acre-fund__oaf-public-charts\\charts\\mautic"
[90m1:23AM[0m [33mWRN[0m [1mChart not in catalog – skipping[0m [36mchart=[0m"D:\\helm_clones_artifacthub\\one-acre-fund__oaf-public-charts\\charts\\n8n"
[90m1:23AM[0m [33mWRN[0m [1mChart not in catalog – skipping[0m [36mchart=[0m"D:\\helm_clones_artifacthub\\one-acre-fund__oaf-public-charts\\charts\\nocodb"
[90m1:23AM[0m [33mWRN[0m [1mChart not in catalog – skipping[0m [36mchart=[0m"D:\\helm_clones_artifacthub\\one-acre-fund__oaf-public-charts\\charts\\pgbouncer"
[90m1:23AM[0m [33mWRN[0m [1mChart not in catalog – skipping[0m [36mchart=[0m"D:\\helm_clones_artifacthub\\one-acre-fund__oaf-public-charts\\charts\\sydent"
[90m1:23AM[0m [33mWRN[0m [1mChart not in catalog – skipping[0m [36mchart=[0m"D:\\helm_clones_artifacthub\\one-acre-fund__oaf-public-charts\\charts\\uptime-wrapper"
[90m1:23AM[0m [32mINF[0m [1mProcessing repo[0m [36mrepo=[0mkubernetes/helm [36mrepo_index=[0m329 [36mtotal=[0m486
[90m1:23AM[0m [32mINF[0m [1mAlready cloned – skipping[0m [36mdir=[0m"D:\\helm_clones_artifacthub\\kubernetes__helm"
[90m1:23AM[0m [33mWRN[0m [1mChart not in catalog – skipping[0m [36mchart=[0m"D:\\helm_clones_artifacthub\\kubernetes__helm\\internal\\chart\\v3\\lint\\rules\\testdata\\badchartfile"
[90m1:23AM[0m [33mWRN[0m [1mChart not in catalog – skipping[0m [36mchart=[0m"D:\\helm_clones_artifacthub\\kubernetes__helm\\internal\\chart\\v3\\lint\\rules\\testdata\\badchartname"
[90m1:23AM[0m [33mWRN[0m [1mChart not in catalog – skipping[0m [36mchart=[0m"D:\\helm_clones_artifacthub\\kubernetes__helm\\internal\\chart\\v3\\lint\\rules\\testdata\\badcrdfile"
[90m1:23AM[0m [33mWRN[0m [1mChart not in catalog – skipping[0m [36mchart=[0m"D:\\helm_clones_artifacthub\\kubernetes__helm\\internal\\chart\\v3\\lint\\rules\\testdata\\badvaluesfile"
[90m1:23AM[0m [33mWRN[0m [1mChart not in catalog – skipping[0m [36mchart=[0m"D:\\helm_clones_artifacthub\\kubernetes__helm\\internal\\chart\\v3\\lint\\rules\\testdata\\goodone"
[90m1:23AM[0m [33mWRN[0m [1mChart not in catalog – skipping[0m [36mchart=[0m"D:\\helm_clones_artifacthub\\kubernetes__helm\\internal\\chart\\v3\\lint\\rules\\testdata\\invalidchartfile"
[90m1:23AM[0m [33mWRN[0m [1mChart not in catalog – skipping[0m [36mchart=[0m"D:\\helm_clones_artifacthub\\kubernetes__helm\\internal\\chart\\v3\\lint\\rules\\testdata\\invalidcrdsdir"
[90m1:23AM[0m [33mWRN[0m [1mChart not in catalog – skipping[0m [36mchart=[0m"D:\\helm_clones_artifacthub\\kubernetes__helm\\internal\\chart\\v3\\lint\\rules\\testdata\\malformed-template"
[90m1:23AM[0m [33mWRN[0m [1mChart not in catalog – skipping[0m [36mchart=[0m"D:\\helm_clones_artifacthub\\kubernetes__helm\\internal\\chart\\v3\\lint\\rules\\testdata\\multi-template-fail"
[90m1:23AM[0m [33mWRN[0m [1mChart not in catalog – skipping[0m [36mchart=[0m"D:\\helm_clones_artifacthub\\kubernetes__helm\\internal\\chart\\v3\\lint\\rules\\testdata\\v3-fail"
[90m1:23AM[0m [33mWRN[0m [1mChart not in catalog – skipping[0m [36mchart=[0m"D:\\helm_clones_artifacthub\\kubernetes__helm\\internal\\chart\\v3\\lint\\rules\\testdata\\withsubchart"
[90m1:23AM[0m [33mWRN[0m [1mChart not in catalog – skipping[0m [36mchart=[0m"D:\\helm_clones_artifacthub\\kubernetes__helm\\internal\\chart\\v3\\lint\\rules\\testdata\\withsubchart\\charts\\subchart"
[90m1:23AM[0m [33mWRN[0m [1mChart not in catalog – skipping[0m [36mchart=[0m"D:\\helm_clones_artifacthub\\kubernetes__helm\\internal\\chart\\v3\\loader\\testdata\\albatross"
[90m1:23AM[0m [33mWRN[0m [1mChart not in catalog – skipping[0m [36mchart=[0m"D:\\helm_clones_artifacthub\\kubernetes__helm\\internal\\chart\\v3\\loader\\testdata\\frobnitz"
[90m1:23AM[0m [33mWRN[0m [1mChart not in catalog – skipping[0m [36mchart=[0m"D:\\helm_clones_artifacthub\\kubernetes__helm\\internal\\chart\\v3\\loader\\testdata\\frobnitz\\charts\\alpine"
[90m1:23AM[0m [33mWRN[0m [1mChart not in catalog – skipping[0m [36mchart=[0m"D:\\helm_clones_artifacthub\\kubernetes__helm\\internal\\chart\\v3\\loader\\testdata\\frobnitz\\charts\\alpine\\charts\\mast1"
[90m1:23AM[0m [33mWRN[0m [1mChart not in catalog – skipping[0m [36mchart=[0m"D:\\helm_clones_artifacthub\\kubernetes__helm\\internal\\chart\\v3\\loader\\testdata\\frobnitz.v3.reqs"
[90m1:23AM[0m [33mWRN[0m [1mChart not in catalog – skipping[0m [36mchart=[0m"D:\\helm_clones_artifacthub\\kubernetes__helm\\internal\\chart\\v3\\loader\\testdata\\frobnitz.v3.reqs\\charts\\alpine"
[90m1:23AM[0m [33mWRN[0m [1mChart not in catalog – skipping[0m [36mchart=[0m"D:\\helm_clones_artifacthub\\kubernetes__helm\\internal\\chart\\v3\\loader\\testdata\\frobnitz.v3.reqs\\charts\\alpine\\charts\\mast1"
[90m1:23AM[0m [33mWRN[0m [1mChart not in catalog – skipping[0m [36mchart=[0m"D:\\helm_clones_artifacthub\\kubernetes__helm\\internal\\chart\\v3\\loader\\testdata\\frobnitz_backslash"
[90m1:23AM[0m [33mWRN[0m [1mChart not in catalog – skipping[0m [36mchart=[0m"D:\\helm_clones_artifacthub\\kubernetes__helm\\internal\\chart\\v3\\loader\\testdata\\frobnitz_backslash\\charts\\alpine"
[90m1:23AM[0m [33mWRN[0m [1mChart not in catalog – skipping[0m [36mchart=[0m"D:\\helm_clones_artifacthub\\kubernetes__helm\\internal\\chart\\v3\\loader\\testdata\\frobnitz_backslash\\charts\\alpine\\charts\\mast1"
[90m1:23AM[0m [33mWRN[0m [1mChart not in catalog – skipping[0m [36mchart=[0m"D:\\helm_clones_artifacthub\\kubernetes__helm\\internal\\chart\\v3\\loader\\testdata\\frobnitz_with_bom"
[90m1:23AM[0m [33mWRN[0m [1mChart not in catalog – skipping[0m [36mchart=[0m"D:\\helm_clones_artifacthub\\kubernetes__helm\\internal\\chart\\v3\\loader\\testdata\\frobnitz_with_bom\\charts\\alpine"
[90m1:23AM[0m [33mWRN[0m [1mChart not in catalog – skipping[0m [36mchart=[0m"D:\\helm_clones_artifacthub\\kubernetes__helm\\internal\\chart\\v3\\loader\\testdata\\frobnitz_with_bom\\charts\\alpine\\charts\\mast1"
[90m1:23AM[0m [33mWRN[0m [1mChart not in catalog – skipping[0m [36mchart=[0m"D:\\helm_clones_artifacthub\\kubernetes__helm\\internal\\chart\\v3\\loader\\testdata\\frobnitz_with_dev_null"
[90m1:23AM[0m [33mWRN[0m [1mChart not in catalog – skipping[0m [36mchart=[0m"D:\\helm_clones_artifacthub\\kubernetes__helm\\internal\\chart\\v3\\loader\\testdata\\frobnitz_with_dev_null\\charts\\alpine"
[90m1:23AM[0m [33mWRN[0m [1mChart not in catalog – skipping[0m [36mchart=[0m"D:\\helm_clones_artifacthub\\kubernetes__helm\\internal\\chart\\v3\\loader\\testdata\\frobnitz_with_dev_null\\charts\\alpine\\charts\\mast1"
[90m1:23AM[0m [33mWRN[0m [1mChart not in catalog – skipping[0m [36mchart=[0m"D:\\helm_clones_artifacthub\\kubernetes__helm\\internal\\chart\\v3\\loader\\testdata\\frobnitz_with_symlink"
[90m1:23AM[0m [33mWRN[0m [1mChart not in catalog – skipping[0m [36mchart=[0m"D:\\helm_clones_artifacthub\\kubernetes__helm\\internal\\chart\\v3\\loader\\testdata\\frobnitz_with_symlink\\charts\\alpine"
[90m1:23AM[0m [33mWRN[0m [1mChart not in catalog – skipping[0m [36mchart=[0m"D:\\helm_clones_artifacthub\\kubernetes__helm\\internal\\chart\\v3\\loader\\testdata\\frobnitz_with_symlink\\charts\\alpine\\charts\\mast1"
[90m1:23AM[0m [33mWRN[0m [1mChart not in catalog – skipping[0m [36mchart=[0m"D:\\helm_clones_artifacthub\\kubernetes__helm\\internal\\chart\\v3\\loader\\testdata\\mariner"
[90m1:23AM[0m [33mWRN[0m [1mChart not in catalog – skipping[0m [36mchart=[0m"D:\\helm_clones_artifacthub\\kubernetes__helm\\internal\\chart\\v3\\util\\testdata\\chart-with-dependency-aliased-twice"
[90m1:23AM[0m [33mWRN[0m [1mChart not in catalog – skipping[0m [36mchart=[0m"D:\\helm_clones_artifacthub\\kubernetes__helm\\internal\\chart\\v3\\util\\testdata\\chart-with-dependency-aliased-twice\\charts\\child"
[90m1:23AM[0m [33mWRN[0m [1mChart not in catalog – skipping[0m [36mchart=[0m"D:\\helm_clones_artifacthub\\kubernetes__helm\\internal\\chart\\v3\\util\\testdata\\chart-with-dependency-aliased-twice\\charts\\child\\charts\\grandchild"
[90m1:23AM[0m [33mWRN[0m [1mChart not in catalog – skipping[0m [36mchart=[0m"D:\\helm_clones_artifacthub\\kubernetes__helm\\internal\\chart\\v3\\util\\testdata\\chart-with-import-from-aliased-dependencies"
[90m1:23AM[0m [33mWRN[0m [1mChart not in catalog – skipping[0m [36mchart=[0m"D:\\helm_clones_artifacthub\\kubernetes__helm\\internal\\chart\\v3\\util\\testdata\\chart-with-import-from-aliased-dependencies\\charts\\child"
[90m1:23AM[0m [33mWRN[0m [1mChart not in catalog – skipping[0m [36mchart=[0m"D:\\helm_clones_artifacthub\\kubernetes__helm\\internal\\chart\\v3\\util\\testdata\\chart-with-import-from-aliased-dependencies\\charts\\child\\charts\\grandchild"
[90m1:23AM[0m [33mWRN[0m [1mChart not in catalog – skipping[0m [36mchart=[0m"D:\\helm_clones_artifacthub\\kubernetes__helm\\internal\\chart\\v3\\util\\testdata\\dependent-chart-alias"
[90m1:23AM[0m [33mWRN[0m [1mChart not in catalog – skipping[0m [36mchart=[0m"D:\\helm_clones_artifacthub\\kubernetes__helm\\internal\\chart\\v3\\util\\testdata\\dependent-chart-alias\\charts\\alpine"
[90m1:23AM[0m [33mWRN[0m [1mChart not in catalog – skipping[0m [36mchart=[0m"D:\\helm_clones_artifacthub\\kubernetes__helm\\internal\\chart\\v3\\util\\testdata\\dependent-chart-alias\\charts\\alpine\\charts\\mast1"
[90m1:23AM[0m [33mWRN[0m [1mChart not in catalog – skipping[0m [36mchart=[0m"D:\\helm_clones_artifacthub\\kubernetes__helm\\internal\\chart\\v3\\util\\testdata\\dependent-chart-helmignore"
[90m1:23AM[0m [33mWRN[0m [1mChart not in catalog – skipping[0m [36mchart=[0m"D:\\helm_clones_artifacthub\\kubernetes__helm\\internal\\chart\\v3\\util\\testdata\\dependent-chart-helmignore\\charts\\alpine"
[90m1:23AM[0m [33mWRN[0m [1mChart not in catalog – skipping[0m [36mchart=[0m"D:\\helm_clones_artifacthub\\kubernetes__helm\\internal\\chart\\v3\\util\\testdata\\dependent-chart-helmignore\\charts\\alpine\\charts\\mast1"
[90m1:23AM[0m [33mWRN[0m [1mChart not in catalog – skipping[0m [36mchart=[0m"D:\\helm_clones_artifacthub\\kubernetes__helm\\internal\\chart\\v3\\util\\testdata\\dependent-chart-no-requirements-yaml"
[90m1:23AM[0m [33mWRN[0m [1mChart not in catalog – skipping[0m [36mchart=[0m"D:\\helm_clones_artifacthub\\kubernetes__helm\\internal\\chart\\v3\\util\\testdata\\dependent-chart-no-requirements-yaml\\charts\\alpine"
[90m1:23AM[0m [33mWRN[0m [1mChart not in catalog – skipping[0m [36mchart=[0m"D:\\helm_clones_artifacthub\\kubernetes__helm\\internal\\chart\\v3\\util\\testdata\\dependent-chart-no-requirements-yaml\\charts\\alpine\\charts\\mast1"
[90m1:23AM[0m [33mWRN[0m [1mChart not in catalog – skipping[0m [36mchart=[0m"D:\\helm_clones_artifacthub\\kubernetes__helm\\internal\\chart\\v3\\util\\testdata\\dependent-chart-with-all-in-requirements-yaml"
[90m1:23AM[0m [33mWRN[0m [1mChart not in catalog – skipping[0m [36mchart=[0m"D:\\helm_clones_artifacthub\\kubernetes__helm\\internal\\chart\\v3\\util\\testdata\\dependent-chart-with-all-in-requirements-yaml\\charts\\alpine"
[90m1:23AM[0m [33mWRN[0m [1mChart not in catalog – skipping[0m [36mchart=[0m"D:\\helm_clones_artifacthub\\kubernetes__helm\\internal\\chart\\v3\\util\\testdata\\dependent-chart-with-all-in-requirements-yaml\\charts\\alpine\\charts\\mast1"
[90m1:23AM[0m [33mWRN[0m [1mChart not in catalog – skipping[0m [36mchart=[0m"D:\\helm_clones_artifacthub\\kubernetes__helm\\internal\\chart\\v3\\util\\testdata\\dependent-chart-with-mixed-requirements-yaml"
[90m1:23AM[0m [33mWRN[0m [1mChart not in catalog – skipping[0m [36mchart=[0m"D:\\helm_clones_artifacthub\\kubernetes__helm\\internal\\chart\\v3\\util\\testdata\\dependent-chart-with-mixed-requirements-yaml\\charts\\alpine"
[90m1:23AM[0m [33mWRN[0m [1mChart not in catalog – skipping[0m [36mchart=[0m"D:\\helm_clones_artifacthub\\kubernetes__helm\\internal\\chart\\v3\\util\\testdata\\dependent-chart-with-mixed-requirements-yaml\\charts\\alpine\\charts\\mast1"
[90m1:23AM[0m [33mWRN[0m [1mChart not in catalog – skipping[0m [36mchart=[0m"D:\\helm_clones_artifacthub\\kubernetes__helm\\internal\\chart\\v3\\util\\testdata\\dotdotname"
[90m1:23AM[0m [33mWRN[0m [1mChart not in catalog – skipping[0m [36mchart=[0m"D:\\helm_clones_artifacthub\\kubernetes__helm\\internal\\chart\\v3\\util\\testdata\\dotname"
[90m1:23AM[0m [33mWRN[0m [1mChart not in catalog – skipping[0m [36mchart=[0m"D:\\helm_clones_artifacthub\\kubernetes__helm\\internal\\chart\\v3\\util\\testdata\\frobnitz"
[90m1:23AM[0m [33mWRN[0m [1mChart not in catalog – skipping[0m [36mchart=[0m"D:\\helm_clones_artifacthub\\kubernetes__helm\\internal\\chart\\v3\\util\\testdata\\frobnitz\\charts\\alpine"
[90m1:23AM[0m [33mWRN[0m [1mChart not in catalog – skipping[0m [36mchart=[0m"D:\\helm_clones_artifacthub\\kubernetes__helm\\internal\\chart\\v3\\util\\testdata\\frobnitz\\charts\\alpine\\charts\\mast1"
[90m1:23AM[0m [33mWRN[0m [1mChart not in catalog – skipping[0m [36mchart=[0m"D:\\helm_clones_artifacthub\\kubernetes__helm\\internal\\chart\\v3\\util\\testdata\\frobnitz\\charts\\mariner"
[90m1:23AM[0m [33mWRN[0m [1mChart not in catalog – skipping[0m [36mchart=[0m"D:\\helm_clones_artifacthub\\kubernetes__helm\\internal\\chart\\v3\\util\\testdata\\frobnitz\\charts\\mariner\\charts\\albatross"
[90m1:23AM[0m [33mWRN[0m [1mChart not in catalog – skipping[0m [36mchart=[0m"D:\\helm_clones_artifacthub\\kubernetes__helm\\internal\\chart\\v3\\util\\testdata\\import-values-from-enabled-subchart\\parent-chart"
[90m1:23AM[0m [33mWRN[0m [1mChart not in catalog – skipping[0m [36mchart=[0m"D:\\helm_clones_artifacthub\\kubernetes__helm\\internal\\chart\\v3\\util\\testdata\\import-values-from-enabled-subchart\\parent-chart\\envs\\dev"
[90m1:23AM[0m [33mWRN[0m [1mChart not in catalog – skipping[0m [36mchart=[0m"D:\\helm_clones_artifacthub\\kubernetes__helm\\internal\\chart\\v3\\util\\testdata\\import-values-from-enabled-subchart\\parent-chart\\envs\\prod"
[90m1:23AM[0m [33mWRN[0m [1mChart not in catalog – skipping[0m [36mchart=[0m"D:\\helm_clones_artifacthub\\kubernetes__helm\\internal\\chart\\v3\\util\\testdata\\joonix"
[90m1:23AM[0m [33mWRN[0m [1mChart not in catalog – skipping[0m [36mchart=[0m"D:\\helm_clones_artifacthub\\kubernetes__helm\\internal\\chart\\v3\\util\\testdata\\slashinname"
[90m1:23AM[0m [33mWRN[0m [1mChart not in catalog – skipping[0m [36mchart=[0m"D:\\helm_clones_artifacthub\\kubernetes__helm\\internal\\chart\\v3\\util\\testdata\\subpop"
[90m1:23AM[0m [33mWRN[0m [1mChart not in catalog – skipping[0m [36mchart=[0m"D:\\helm_clones_artifacthub\\kubernetes__helm\\internal\\chart\\v3\\util\\testdata\\subpop\\charts\\subchart1"
[90m1:23AM[0m [33mWRN[0m [1mChart not in catalog – skipping[0m [36mchart=[0m"D:\\helm_clones_artifacthub\\kubernetes__helm\\internal\\chart\\v3\\util\\testdata\\subpop\\charts\\subchart1\\charts\\subchartA"
[90m1:23AM[0m [33mWRN[0m [1mChart not in catalog – skipping[0m [36mchart=[0m"D:\\helm_clones_artifacthub\\kubernetes__helm\\internal\\chart\\v3\\util\\testdata\\subpop\\charts\\subchart1\\charts\\subchartB"
[90m1:23AM[0m [33mWRN[0m [1mChart not in catalog – skipping[0m [36mchart=[0m"D:\\helm_clones_artifacthub\\kubernetes__helm\\internal\\chart\\v3\\util\\testdata\\subpop\\charts\\subchart2"
[90m1:23AM[0m [33mWRN[0m [1mChart not in catalog – skipping[0m [36mchart=[0m"D:\\helm_clones_artifacthub\\kubernetes__helm\\internal\\chart\\v3\\util\\testdata\\subpop\\charts\\subchart2\\charts\\subchartB"
[90m1:23AM[0m [33mWRN[0m [1mChart not in catalog – skipping[0m [36mchart=[0m"D:\\helm_clones_artifacthub\\kubernetes__helm\\internal\\chart\\v3\\util\\testdata\\subpop\\charts\\subchart2\\charts\\subchartC"
[90m1:23AM[0m [33mWRN[0m [1mChart not in catalog – skipping[0m [36mchart=[0m"D:\\helm_clones_artifacthub\\kubernetes__helm\\internal\\chart\\v3\\util\\testdata\\subpop\\noreqs"
[90m1:23AM[0m [33mWRN[0m [1mChart not in catalog – skipping[0m [36mchart=[0m"D:\\helm_clones_artifacthub\\kubernetes__helm\\internal\\chart\\v3\\util\\testdata\\three-level-dependent-chart\\umbrella"
[90m1:23AM[0m [33mWRN[0m [1mChart not in catalog – skipping[0m [36mchart=[0m"D:\\helm_clones_artifacthub\\kubernetes__helm\\internal\\chart\\v3\\util\\testdata\\three-level-dependent-chart\\umbrella\\charts\\app1"
[90m1:23AM[0m [33mWRN[0m [1mChart not in catalog – skipping[0m [36mchart=[0m"D:\\helm_clones_artifacthub\\kubernetes__helm\\internal\\chart\\v3\\util\\testdata\\three-level-dependent-chart\\umbrella\\charts\\app1\\charts\\library"
[90m1:23AM[0m [33mWRN[0m [1mChart not in catalog – skipping[0m [36mchart=[0m"D:\\helm_clones_artifacthub\\kubernetes__helm\\internal\\chart\\v3\\util\\testdata\\three-level-dependent-chart\\umbrella\\charts\\app2"
[90m1:23AM[0m [33mWRN[0m [1mChart not in catalog – skipping[0m [36mchart=[0m"D:\\helm_clones_artifacthub\\kubernetes__helm\\internal\\chart\\v3\\util\\testdata\\three-level-dependent-chart\\umbrella\\charts\\app2\\charts\\library"
[90m1:23AM[0m [33mWRN[0m [1mChart not in catalog – skipping[0m [36mchart=[0m"D:\\helm_clones_artifacthub\\kubernetes__helm\\internal\\chart\\v3\\util\\testdata\\three-level-dependent-chart\\umbrella\\charts\\app3"
[90m1:23AM[0m [33mWRN[0m [1mChart not in catalog – skipping[0m [36mchart=[0m"D:\\helm_clones_artifacthub\\kubernetes__helm\\internal\\chart\\v3\\util\\testdata\\three-level-dependent-chart\\umbrella\\charts\\app3\\charts\\library"
[90m1:23AM[0m [33mWRN[0m [1mChart not in catalog – skipping[0m [36mchart=[0m"D:\\helm_clones_artifacthub\\kubernetes__helm\\internal\\chart\\v3\\util\\testdata\\three-level-dependent-chart\\umbrella\\charts\\app4"
[90m1:23AM[0m [33mWRN[0m [1mChart not in catalog – skipping[0m [36mchart=[0m"D:\\helm_clones_artifacthub\\kubernetes__helm\\internal\\chart\\v3\\util\\testdata\\three-level-dependent-chart\\umbrella\\charts\\app4\\charts\\library"
[90m1:23AM[0m [33mWRN[0m [1mChart not in catalog – skipping[0m [36mchart=[0m"D:\\helm_clones_artifacthub\\kubernetes__helm\\internal\\resolver\\testdata\\chartpath\\base"
[90m1:23AM[0m [33mWRN[0m [1mChart not in catalog – skipping[0m [36mchart=[0m"D:\\helm_clones_artifacthub\\kubernetes__helm\\internal\\resolver\\testdata\\chartpath\\charts\\localdependency"
[90m1:23AM[0m [33mWRN[0m [1mChart not in catalog – skipping[0m [36mchart=[0m"D:\\helm_clones_artifacthub\\kubernetes__helm\\pkg\\action\\testdata\\charts\\chart-missing-deps"
[90m1:23AM[0m [33mWRN[0m [1mChart not in catalog – skipping[0m [36mchart=[0m"D:\\helm_clones_artifacthub\\kubernetes__helm\\pkg\\action\\testdata\\charts\\chart-with-compressed-dependencies"
[90m1:23AM[0m [33mWRN[0m [1mChart not in catalog – skipping[0m [36mchart=[0m"D:\\helm_clones_artifacthub\\kubernetes__helm\\pkg\\action\\testdata\\charts\\chart-with-no-templates-dir"
[90m1:23AM[0m [33mWRN[0m [1mChart not in catalog – skipping[0m [36mchart=[0m"D:\\helm_clones_artifacthub\\kubernetes__helm\\pkg\\action\\testdata\\charts\\chart-with-schema"
[90m1:23AM[0m [33mWRN[0m [1mChart not in catalog – skipping[0m [36mchart=[0m"D:\\helm_clones_artifacthub\\kubernetes__helm\\pkg\\action\\testdata\\charts\\chart-with-schema-negative"
[90m1:23AM[0m [33mWRN[0m [1mChart not in catalog – skipping[0m [36mchart=[0m"D:\\helm_clones_artifacthub\\kubernetes__helm\\pkg\\action\\testdata\\charts\\chart-with-uncompressed-dependencies"
[90m1:23AM[0m [33mWRN[0m [1mChart not in catalog – skipping[0m [36mchart=[0m"D:\\helm_clones_artifacthub\\kubernetes__helm\\pkg\\action\\testdata\\charts\\chart-with-uncompressed-dependencies\\charts\\mariadb"
[90m1:23AM[0m [33mWRN[0m [1mChart not in catalog – skipping[0m [36mchart=[0m"D:\\helm_clones_artifacthub\\kubernetes__helm\\pkg\\action\\testdata\\charts\\decompressedchart"
[90m1:23AM[0m [33mWRN[0m [1mChart not in catalog – skipping[0m [36mchart=[0m"D:\\helm_clones_artifacthub\\kubernetes__helm\\pkg\\action\\testdata\\charts\\multiplecharts-lint-chart-1"
[90m1:23AM[0m [33mWRN[0m [1mChart not in catalog – skipping[0m [36mchart=[0m"D:\\helm_clones_artifacthub\\kubernetes__helm\\pkg\\action\\testdata\\charts\\multiplecharts-lint-chart-2"
[90m1:23AM[0m [33mWRN[0m [1mChart not in catalog – skipping[0m [36mchart=[0m"D:\\helm_clones_artifacthub\\kubernetes__helm\\pkg\\chart\\v2\\lint\\rules\\testdata\\albatross"
[90m1:23AM[0m [33mWRN[0m [1mChart not in catalog – skipping[0m [36mchart=[0m"D:\\helm_clones_artifacthub\\kubernetes__helm\\pkg\\chart\\v2\\lint\\rules\\testdata\\anotherbadchartfile"
[90m1:23AM[0m [33mWRN[0m [1mChart not in catalog – skipping[0m [36mchart=[0m"D:\\helm_clones_artifacthub\\kubernetes__helm\\pkg\\chart\\v2\\lint\\rules\\testdata\\badchartfile"
[90m1:23AM[0m [33mWRN[0m [1mChart not in catalog – skipping[0m [36mchart=[0m"D:\\helm_clones_artifacthub\\kubernetes__helm\\pkg\\chart\\v2\\lint\\rules\\testdata\\badchartname"
[90m1:23AM[0m [33mWRN[0m [1mChart not in catalog – skipping[0m [36mchart=[0m"D:\\helm_clones_artifacthub\\kubernetes__helm\\pkg\\chart\\v2\\lint\\rules\\testdata\\badcrdfile"
[90m1:23AM[0m [33mWRN[0m [1mChart not in catalog – skipping[0m [36mchart=[0m"D:\\helm_clones_artifacthub\\kubernetes__helm\\pkg\\chart\\v2\\lint\\rules\\testdata\\badvaluesfile"
[90m1:23AM[0m [33mWRN[0m [1mChart not in catalog – skipping[0m [36mchart=[0m"D:\\helm_clones_artifacthub\\kubernetes__helm\\pkg\\chart\\v2\\lint\\rules\\testdata\\goodone"
[90m1:23AM[0m [33mWRN[0m [1mChart not in catalog – skipping[0m [36mchart=[0m"D:\\helm_clones_artifacthub\\kubernetes__helm\\pkg\\chart\\v2\\lint\\rules\\testdata\\invalidchartfile"
[90m1:23AM[0m [33mWRN[0m [1mChart not in catalog – skipping[0m [36mchart=[0m"D:\\helm_clones_artifacthub\\kubernetes__helm\\pkg\\chart\\v2\\lint\\rules\\testdata\\invalidcrdsdir"
[90m1:23AM[0m [33mWRN[0m [1mChart not in catalog – skipping[0m [36mchart=[0m"D:\\helm_clones_artifacthub\\kubernetes__helm\\pkg\\chart\\v2\\lint\\rules\\testdata\\malformed-template"
[90m1:23AM[0m [33mWRN[0m [1mChart not in catalog – skipping[0m [36mchart=[0m"D:\\helm_clones_artifacthub\\kubernetes__helm\\pkg\\chart\\v2\\lint\\rules\\testdata\\multi-template-fail"
[90m1:23AM[0m [33mWRN[0m [1mChart not in catalog – skipping[0m [36mchart=[0m"D:\\helm_clones_artifacthub\\kubernetes__helm\\pkg\\chart\\v2\\lint\\rules\\testdata\\v3-fail"
[90m1:23AM[0m [33mWRN[0m [1mChart not in catalog – skipping[0m [36mchart=[0m"D:\\helm_clones_artifacthub\\kubernetes__helm\\pkg\\chart\\v2\\lint\\rules\\testdata\\withsubchart"
[90m1:23AM[0m [33mWRN[0m [1mChart not in catalog – skipping[0m [36mchart=[0m"D:\\helm_clones_artifacthub\\kubernetes__helm\\pkg\\chart\\v2\\lint\\rules\\testdata\\withsubchart\\charts\\subchart"
[90m1:23AM[0m [33mWRN[0m [1mChart not in catalog – skipping[0m [36mchart=[0m"D:\\helm_clones_artifacthub\\kubernetes__helm\\pkg\\chart\\v2\\loader\\testdata\\albatross"
[90m1:23AM[0m [33mWRN[0m [1mChart not in catalog – skipping[0m [36mchart=[0m"D:\\helm_clones_artifacthub\\kubernetes__helm\\pkg\\chart\\v2\\loader\\testdata\\frobnitz"
[90m1:23AM[0m [33mWRN[0m [1mChart not in catalog – skipping[0m [36mchart=[0m"D:\\helm_clones_artifacthub\\kubernetes__helm\\pkg\\chart\\v2\\loader\\testdata\\frobnitz\\charts\\alpine"
[90m1:23AM[0m [33mWRN[0m [1mChart not in catalog – skipping[0m [36mchart=[0m"D:\\helm_clones_artifacthub\\kubernetes__helm\\pkg\\chart\\v2\\loader\\testdata\\frobnitz\\charts\\alpine\\charts\\mast1"
[90m1:23AM[0m [33mWRN[0m [1mChart not in catalog – skipping[0m [36mchart=[0m"D:\\helm_clones_artifacthub\\kubernetes__helm\\pkg\\chart\\v2\\loader\\testdata\\frobnitz.v1"
[90m1:23AM[0m [33mWRN[0m [1mChart not in catalog – skipping[0m [36mchart=[0m"D:\\helm_clones_artifacthub\\kubernetes__helm\\pkg\\chart\\v2\\loader\\testdata\\frobnitz.v1\\charts\\alpine"
[90m1:23AM[0m [33mWRN[0m [1mChart not in catalog – skipping[0m [36mchart=[0m"D:\\helm_clones_artifacthub\\kubernetes__helm\\pkg\\chart\\v2\\loader\\testdata\\frobnitz.v1\\charts\\alpine\\charts\\mast1"
[90m1:23AM[0m [33mWRN[0m [1mChart not in catalog – skipping[0m [36mchart=[0m"D:\\helm_clones_artifacthub\\kubernetes__helm\\pkg\\chart\\v2\\loader\\testdata\\frobnitz.v2.reqs"
[90m1:23AM[0m [33mWRN[0m [1mChart not in catalog – skipping[0m [36mchart=[0m"D:\\helm_clones_artifacthub\\kubernetes__helm\\pkg\\chart\\v2\\loader\\testdata\\frobnitz.v2.reqs\\charts\\alpine"
[90m1:23AM[0m [33mWRN[0m [1mChart not in catalog – skipping[0m [36mchart=[0m"D:\\helm_clones_artifacthub\\kubernetes__helm\\pkg\\chart\\v2\\loader\\testdata\\frobnitz.v2.reqs\\charts\\alpine\\charts\\mast1"
[90m1:23AM[0m [33mWRN[0m [1mChart not in catalog – skipping[0m [36mchart=[0m"D:\\helm_clones_artifacthub\\kubernetes__helm\\pkg\\chart\\v2\\loader\\testdata\\frobnitz_backslash"
[90m1:23AM[0m [33mWRN[0m [1mChart not in catalog – skipping[0m [36mchart=[0m"D:\\helm_clones_artifacthub\\kubernetes__helm\\pkg\\chart\\v2\\loader\\testdata\\frobnitz_backslash\\charts\\alpine"
[90m1:23AM[0m [33mWRN[0m [1mChart not in catalog – skipping[0m [36mchart=[0m"D:\\helm_clones_artifacthub\\kubernetes__helm\\pkg\\chart\\v2\\loader\\testdata\\frobnitz_backslash\\charts\\alpine\\charts\\mast1"
[90m1:23AM[0m [33mWRN[0m [1mChart not in catalog – skipping[0m [36mchart=[0m"D:\\helm_clones_artifacthub\\kubernetes__helm\\pkg\\chart\\v2\\loader\\testdata\\frobnitz_with_bom"
[90m1:23AM[0m [33mWRN[0m [1mChart not in catalog – skipping[0m [36mchart=[0m"D:\\helm_clones_artifacthub\\kubernetes__helm\\pkg\\chart\\v2\\loader\\testdata\\frobnitz_with_bom\\charts\\alpine"
[90m1:23AM[0m [33mWRN[0m [1mChart not in catalog – skipping[0m [36mchart=[0m"D:\\helm_clones_artifacthub\\kubernetes__helm\\pkg\\chart\\v2\\loader\\testdata\\frobnitz_with_bom\\charts\\alpine\\charts\\mast1"
[90m1:23AM[0m [33mWRN[0m [1mChart not in catalog – skipping[0m [36mchart=[0m"D:\\helm_clones_artifacthub\\kubernetes__helm\\pkg\\chart\\v2\\loader\\testdata\\frobnitz_with_dev_null"
[90m1:23AM[0m [33mWRN[0m [1mChart not in catalog – skipping[0m [36mchart=[0m"D:\\helm_clones_artifacthub\\kubernetes__helm\\pkg\\chart\\v2\\loader\\testdata\\frobnitz_with_dev_null\\charts\\alpine"
[90m1:23AM[0m [33mWRN[0m [1mChart not in catalog – skipping[0m [36mchart=[0m"D:\\helm_clones_artifacthub\\kubernetes__helm\\pkg\\chart\\v2\\loader\\testdata\\frobnitz_with_dev_null\\charts\\alpine\\charts\\mast1"
[90m1:23AM[0m [33mWRN[0m [1mChart not in catalog – skipping[0m [36mchart=[0m"D:\\helm_clones_artifacthub\\kubernetes__helm\\pkg\\chart\\v2\\loader\\testdata\\frobnitz_with_symlink"
[90m1:23AM[0m [33mWRN[0m [1mChart not in catalog – skipping[0m [36mchart=[0m"D:\\helm_clones_artifacthub\\kubernetes__helm\\pkg\\chart\\v2\\loader\\testdata\\frobnitz_with_symlink\\charts\\alpine"
[90m1:23AM[0m [33mWRN[0m [1mChart not in catalog – skipping[0m [36mchart=[0m"D:\\helm_clones_artifacthub\\kubernetes__helm\\pkg\\chart\\v2\\loader\\testdata\\frobnitz_with_symlink\\charts\\alpine\\charts\\mast1"
[90m1:23AM[0m [33mWRN[0m [1mChart not in catalog – skipping[0m [36mchart=[0m"D:\\helm_clones_artifacthub\\kubernetes__helm\\pkg\\chart\\v2\\loader\\testdata\\mariner"
[90m1:23AM[0m [33mWRN[0m [1mChart not in catalog – skipping[0m [36mchart=[0m"D:\\helm_clones_artifacthub\\kubernetes__helm\\pkg\\chart\\v2\\util\\testdata\\chart-with-dependency-aliased-twice"
[90m1:23AM[0m [33mWRN[0m [1mChart not in catalog – skipping[0m [36mchart=[0m"D:\\helm_clones_artifacthub\\kubernetes__helm\\pkg\\chart\\v2\\util\\testdata\\chart-with-dependency-aliased-twice\\charts\\child"
[90m1:23AM[0m [33mWRN[0m [1mChart not in catalog – skipping[0m [36mchart=[0m"D:\\helm_clones_artifacthub\\kubernetes__helm\\pkg\\chart\\v2\\util\\testdata\\chart-with-dependency-aliased-twice\\charts\\child\\charts\\grandchild"
[90m1:23AM[0m [33mWRN[0m [1mChart not in catalog – skipping[0m [36mchart=[0m"D:\\helm_clones_artifacthub\\kubernetes__helm\\pkg\\chart\\v2\\util\\testdata\\chart-with-import-from-aliased-dependencies"
[90m1:23AM[0m [33mWRN[0m [1mChart not in catalog – skipping[0m [36mchart=[0m"D:\\helm_clones_artifacthub\\kubernetes__helm\\pkg\\chart\\v2\\util\\testdata\\chart-with-import-from-aliased-dependencies\\charts\\child"
[90m1:23AM[0m [33mWRN[0m [1mChart not in catalog – skipping[0m [36mchart=[0m"D:\\helm_clones_artifacthub\\kubernetes__helm\\pkg\\chart\\v2\\util\\testdata\\chart-with-import-from-aliased-dependencies\\charts\\child\\charts\\grandchild"
[90m1:23AM[0m [33mWRN[0m [1mChart not in catalog – skipping[0m [36mchart=[0m"D:\\helm_clones_artifacthub\\kubernetes__helm\\pkg\\chart\\v2\\util\\testdata\\dependent-chart-alias"
[90m1:23AM[0m [33mWRN[0m [1mChart not in catalog – skipping[0m [36mchart=[0m"D:\\helm_clones_artifacthub\\kubernetes__helm\\pkg\\chart\\v2\\util\\testdata\\dependent-chart-alias\\charts\\alpine"
[90m1:23AM[0m [33mWRN[0m [1mChart not in catalog – skipping[0m [36mchart=[0m"D:\\helm_clones_artifacthub\\kubernetes__helm\\pkg\\chart\\v2\\util\\testdata\\dependent-chart-alias\\charts\\alpine\\charts\\mast1"
[90m1:23AM[0m [33mWRN[0m [1mChart not in catalog – skipping[0m [36mchart=[0m"D:\\helm_clones_artifacthub\\kubernetes__helm\\pkg\\chart\\v2\\util\\testdata\\dependent-chart-helmignore"
[90m1:23AM[0m [33mWRN[0m [1mChart not in catalog – skipping[0m [36mchart=[0m"D:\\helm_clones_artifacthub\\kubernetes__helm\\pkg\\chart\\v2\\util\\testdata\\dependent-chart-helmignore\\charts\\alpine"
[90m1:23AM[0m [33mWRN[0m [1mChart not in catalog – skipping[0m [36mchart=[0m"D:\\helm_clones_artifacthub\\kubernetes__helm\\pkg\\chart\\v2\\util\\testdata\\dependent-chart-helmignore\\charts\\alpine\\charts\\mast1"
[90m1:23AM[0m [33mWRN[0m [1mChart not in catalog – skipping[0m [36mchart=[0m"D:\\helm_clones_artifacthub\\kubernetes__helm\\pkg\\chart\\v2\\util\\testdata\\dependent-chart-no-requirements-yaml"
[90m1:23AM[0m [33mWRN[0m [1mChart not in catalog – skipping[0m [36mchart=[0m"D:\\helm_clones_artifacthub\\kubernetes__helm\\pkg\\chart\\v2\\util\\testdata\\dependent-chart-no-requirements-yaml\\charts\\alpine"
[90m1:23AM[0m [33mWRN[0m [1mChart not in catalog – skipping[0m [36mchart=[0m"D:\\helm_clones_artifacthub\\kubernetes__helm\\pkg\\chart\\v2\\util\\testdata\\dependent-chart-no-requirements-yaml\\charts\\alpine\\charts\\mast1"
[90m1:23AM[0m [33mWRN[0m [1mChart not in catalog – skipping[0m [36mchart=[0m"D:\\helm_clones_artifacthub\\kubernetes__helm\\pkg\\chart\\v2\\util\\testdata\\dependent-chart-with-all-in-requirements-yaml"
[90m1:23AM[0m [33mWRN[0m [1mChart not in catalog – skipping[0m [36mchart=[0m"D:\\helm_clones_artifacthub\\kubernetes__helm\\pkg\\chart\\v2\\util\\testdata\\dependent-chart-with-all-in-requirements-yaml\\charts\\alpine"
[90m1:23AM[0m [33mWRN[0m [1mChart not in catalog – skipping[0m [36mchart=[0m"D:\\helm_clones_artifacthub\\kubernetes__helm\\pkg\\chart\\v2\\util\\testdata\\dependent-chart-with-all-in-requirements-yaml\\charts\\alpine\\charts\\mast1"
[90m1:23AM[0m [33mWRN[0m [1mChart not in catalog – skipping[0m [36mchart=[0m"D:\\helm_clones_artifacthub\\kubernetes__helm\\pkg\\chart\\v2\\util\\testdata\\dependent-chart-with-mixed-requirements-yaml"
[90m1:23AM[0m [33mWRN[0m [1mChart not in catalog – skipping[0m [36mchart=[0m"D:\\helm_clones_artifacthub\\kubernetes__helm\\pkg\\chart\\v2\\util\\testdata\\dependent-chart-with-mixed-requirements-yaml\\charts\\alpine"
[90m1:23AM[0m [33mWRN[0m [1mChart not in catalog – skipping[0m [36mchart=[0m"D:\\helm_clones_artifacthub\\kubernetes__helm\\pkg\\chart\\v2\\util\\testdata\\dependent-chart-with-mixed-requirements-yaml\\charts\\alpine\\charts\\mast1"
[90m1:23AM[0m [33mWRN[0m [1mChart not in catalog – skipping[0m [36mchart=[0m"D:\\helm_clones_artifacthub\\kubernetes__helm\\pkg\\chart\\v2\\util\\testdata\\dotdotname"
[90m1:23AM[0m [33mWRN[0m [1mChart not in catalog – skipping[0m [36mchart=[0m"D:\\helm_clones_artifacthub\\kubernetes__helm\\pkg\\chart\\v2\\util\\testdata\\dotname"
[90m1:23AM[0m [33mWRN[0m [1mChart not in catalog – skipping[0m [36mchart=[0m"D:\\helm_clones_artifacthub\\kubernetes__helm\\pkg\\chart\\v2\\util\\testdata\\frobnitz"
[90m1:23AM[0m [33mWRN[0m [1mChart not in catalog – skipping[0m [36mchart=[0m"D:\\helm_clones_artifacthub\\kubernetes__helm\\pkg\\chart\\v2\\util\\testdata\\frobnitz\\charts\\alpine"
[90m1:23AM[0m [33mWRN[0m [1mChart not in catalog – skipping[0m [36mchart=[0m"D:\\helm_clones_artifacthub\\kubernetes__helm\\pkg\\chart\\v2\\util\\testdata\\frobnitz\\charts\\alpine\\charts\\mast1"
[90m1:23AM[0m [33mWRN[0m [1mChart not in catalog – skipping[0m [36mchart=[0m"D:\\helm_clones_artifacthub\\kubernetes__helm\\pkg\\chart\\v2\\util\\testdata\\frobnitz\\charts\\mariner"
[90m1:23AM[0m [33mWRN[0m [1mChart not in catalog – skipping[0m [36mchart=[0m"D:\\helm_clones_artifacthub\\kubernetes__helm\\pkg\\chart\\v2\\util\\testdata\\frobnitz\\charts\\mariner\\charts\\albatross"
[90m1:23AM[0m [33mWRN[0m [1mChart not in catalog – skipping[0m [36mchart=[0m"D:\\helm_clones_artifacthub\\kubernetes__helm\\pkg\\chart\\v2\\util\\testdata\\import-values-from-enabled-subchart\\parent-chart"
[90m1:23AM[0m [33mWRN[0m [1mChart not in catalog – skipping[0m [36mchart=[0m"D:\\helm_clones_artifacthub\\kubernetes__helm\\pkg\\chart\\v2\\util\\testdata\\import-values-from-enabled-subchart\\parent-chart\\envs\\dev"
[90m1:23AM[0m [33mWRN[0m [1mChart not in catalog – skipping[0m [36mchart=[0m"D:\\helm_clones_artifacthub\\kubernetes__helm\\pkg\\chart\\v2\\util\\testdata\\import-values-from-enabled-subchart\\parent-chart\\envs\\prod"
[90m1:23AM[0m [33mWRN[0m [1mChart not in catalog – skipping[0m [36mchart=[0m"D:\\helm_clones_artifacthub\\kubernetes__helm\\pkg\\chart\\v2\\util\\testdata\\joonix"
[90m1:23AM[0m [33mWRN[0m [1mChart not in catalog – skipping[0m [36mchart=[0m"D:\\helm_clones_artifacthub\\kubernetes__helm\\pkg\\chart\\v2\\util\\testdata\\slashinname"
[90m1:23AM[0m [33mWRN[0m [1mChart not in catalog – skipping[0m [36mchart=[0m"D:\\helm_clones_artifacthub\\kubernetes__helm\\pkg\\chart\\v2\\util\\testdata\\subpop"
[90m1:23AM[0m [33mWRN[0m [1mChart not in catalog – skipping[0m [36mchart=[0m"D:\\helm_clones_artifacthub\\kubernetes__helm\\pkg\\chart\\v2\\util\\testdata\\subpop\\charts\\subchart1"
[90m1:23AM[0m [33mWRN[0m [1mChart not in catalog – skipping[0m [36mchart=[0m"D:\\helm_clones_artifacthub\\kubernetes__helm\\pkg\\chart\\v2\\util\\testdata\\subpop\\charts\\subchart1\\charts\\subchartA"
[90m1:23AM[0m [33mWRN[0m [1mChart not in catalog – skipping[0m [36mchart=[0m"D:\\helm_clones_artifacthub\\kubernetes__helm\\pkg\\chart\\v2\\util\\testdata\\subpop\\charts\\subchart1\\charts\\subchartB"
[90m1:23AM[0m [33mWRN[0m [1mChart not in catalog – skipping[0m [36mchart=[0m"D:\\helm_clones_artifacthub\\kubernetes__helm\\pkg\\chart\\v2\\util\\testdata\\subpop\\charts\\subchart2"
[90m1:23AM[0m [33mWRN[0m [1mChart not in catalog – skipping[0m [36mchart=[0m"D:\\helm_clones_artifacthub\\kubernetes__helm\\pkg\\chart\\v2\\util\\testdata\\subpop\\charts\\subchart2\\charts\\subchartB"
[90m1:23AM[0m [33mWRN[0m [1mChart not in catalog – skipping[0m [36mchart=[0m"D:\\helm_clones_artifacthub\\kubernetes__helm\\pkg\\chart\\v2\\util\\testdata\\subpop\\charts\\subchart2\\charts\\subchartC"
[90m1:23AM[0m [33mWRN[0m [1mChart not in catalog – skipping[0m [36mchart=[0m"D:\\helm_clones_artifacthub\\kubernetes__helm\\pkg\\chart\\v2\\util\\testdata\\subpop\\noreqs"
[90m1:23AM[0m [33mWRN[0m [1mChart not in catalog – skipping[0m [36mchart=[0m"D:\\helm_clones_artifacthub\\kubernetes__helm\\pkg\\chart\\v2\\util\\testdata\\three-level-dependent-chart\\umbrella"
[90m1:23AM[0m [33mWRN[0m [1mChart not in catalog – skipping[0m [36mchart=[0m"D:\\helm_clones_artifacthub\\kubernetes__helm\\pkg\\chart\\v2\\util\\testdata\\three-level-dependent-chart\\umbrella\\charts\\app1"
[90m1:23AM[0m [33mWRN[0m [1mChart not in catalog – skipping[0m [36mchart=[0m"D:\\helm_clones_artifacthub\\kubernetes__helm\\pkg\\chart\\v2\\util\\testdata\\three-level-dependent-chart\\umbrella\\charts\\app1\\charts\\library"
[90m1:23AM[0m [33mWRN[0m [1mChart not in catalog – skipping[0m [36mchart=[0m"D:\\helm_clones_artifacthub\\kubernetes__helm\\pkg\\chart\\v2\\util\\testdata\\three-level-dependent-chart\\umbrella\\charts\\app2"
[90m1:23AM[0m [33mWRN[0m [1mChart not in catalog – skipping[0m [36mchart=[0m"D:\\helm_clones_artifacthub\\kubernetes__helm\\pkg\\chart\\v2\\util\\testdata\\three-level-dependent-chart\\umbrella\\charts\\app2\\charts\\library"
[90m1:23AM[0m [33mWRN[0m [1mChart not in catalog – skipping[0m [36mchart=[0m"D:\\helm_clones_artifacthub\\kubernetes__helm\\pkg\\chart\\v2\\util\\testdata\\three-level-dependent-chart\\umbrella\\charts\\app3"
[90m1:23AM[0m [33mWRN[0m [1mChart not in catalog – skipping[0m [36mchart=[0m"D:\\helm_clones_artifacthub\\kubernetes__helm\\pkg\\chart\\v2\\util\\testdata\\three-level-dependent-chart\\umbrella\\charts\\app3\\charts\\library"
[90m1:23AM[0m [33mWRN[0m [1mChart not in catalog – skipping[0m [36mchart=[0m"D:\\helm_clones_artifacthub\\kubernetes__helm\\pkg\\chart\\v2\\util\\testdata\\three-level-dependent-chart\\umbrella\\charts\\app4"
[90m1:23AM[0m [33mWRN[0m [1mChart not in catalog – skipping[0m [36mchart=[0m"D:\\helm_clones_artifacthub\\kubernetes__helm\\pkg\\chart\\v2\\util\\testdata\\three-level-dependent-chart\\umbrella\\charts\\app4\\charts\\library"
[90m1:23AM[0m [33mWRN[0m [1mChart not in catalog – skipping[0m [36mchart=[0m"D:\\helm_clones_artifacthub\\kubernetes__helm\\pkg\\cmd\\testdata\\testcharts\\alpine"
[90m1:23AM[0m [33mWRN[0m [1mChart not in catalog – skipping[0m [36mchart=[0m"D:\\helm_clones_artifacthub\\kubernetes__helm\\pkg\\cmd\\testdata\\testcharts\\chart-bad-requirements"
[90m1:23AM[0m [33mWRN[0m [1mChart not in catalog – skipping[0m [36mchart=[0m"D:\\helm_clones_artifacthub\\kubernetes__helm\\pkg\\cmd\\testdata\\testcharts\\chart-bad-requirements\\charts\\reqsubchart"
[90m1:23AM[0m [33mWRN[0m [1mChart not in catalog – skipping[0m [36mchart=[0m"D:\\helm_clones_artifacthub\\kubernetes__helm\\pkg\\cmd\\testdata\\testcharts\\chart-bad-type"
[90m1:23AM[0m [33mWRN[0m [1mChart not in catalog – skipping[0m [36mchart=[0m"D:\\helm_clones_artifacthub\\kubernetes__helm\\pkg\\cmd\\testdata\\testcharts\\chart-missing-deps"
[90m1:23AM[0m [33mWRN[0m [1mChart not in catalog – skipping[0m [36mchart=[0m"D:\\helm_clones_artifacthub\\kubernetes__helm\\pkg\\cmd\\testdata\\testcharts\\chart-missing-deps\\charts\\reqsubchart"
[90m1:23AM[0m [33mWRN[0m [1mChart not in catalog – skipping[0m [36mchart=[0m"D:\\helm_clones_artifacthub\\kubernetes__helm\\pkg\\cmd\\testdata\\testcharts\\chart-with-bad-subcharts"
[90m1:23AM[0m [33mWRN[0m [1mChart not in catalog – skipping[0m [36mchart=[0m"D:\\helm_clones_artifacthub\\kubernetes__helm\\pkg\\cmd\\testdata\\testcharts\\chart-with-bad-subcharts\\charts\\bad-subchart"
[90m1:23AM[0m [33mWRN[0m [1mChart not in catalog – skipping[0m [36mchart=[0m"D:\\helm_clones_artifacthub\\kubernetes__helm\\pkg\\cmd\\testdata\\testcharts\\chart-with-bad-subcharts\\charts\\good-subchart"
[90m1:23AM[0m [33mWRN[0m [1mChart not in catalog – skipping[0m [36mchart=[0m"D:\\helm_clones_artifacthub\\kubernetes__helm\\pkg\\cmd\\testdata\\testcharts\\chart-with-deprecated-api"
[90m1:23AM[0m [33mWRN[0m [1mChart not in catalog – skipping[0m [36mchart=[0m"D:\\helm_clones_artifacthub\\kubernetes__helm\\pkg\\cmd\\testdata\\testcharts\\chart-with-lib-dep"
[90m1:23AM[0m [33mWRN[0m [1mChart not in catalog – skipping[0m [36mchart=[0m"D:\\helm_clones_artifacthub\\kubernetes__helm\\pkg\\cmd\\testdata\\testcharts\\chart-with-only-crds"
[90m1:23AM[0m [33mWRN[0m [1mChart not in catalog – skipping[0m [36mchart=[0m"D:\\helm_clones_artifacthub\\kubernetes__helm\\pkg\\cmd\\testdata\\testcharts\\chart-with-schema"
[90m1:23AM[0m [33mWRN[0m [1mChart not in catalog – skipping[0m [36mchart=[0m"D:\\helm_clones_artifacthub\\kubernetes__helm\\pkg\\cmd\\testdata\\testcharts\\chart-with-schema-and-subchart"
[90m1:23AM[0m [33mWRN[0m [1mChart not in catalog – skipping[0m [36mchart=[0m"D:\\helm_clones_artifacthub\\kubernetes__helm\\pkg\\cmd\\testdata\\testcharts\\chart-with-schema-and-subchart\\charts\\subchart-with-schema"
[90m1:23AM[0m [33mWRN[0m [1mChart not in catalog – skipping[0m [36mchart=[0m"D:\\helm_clones_artifacthub\\kubernetes__helm\\pkg\\cmd\\testdata\\testcharts\\chart-with-schema-negative"
[90m1:23AM[0m [33mWRN[0m [1mChart not in catalog – skipping[0m [36mchart=[0m"D:\\helm_clones_artifacthub\\kubernetes__helm\\pkg\\cmd\\testdata\\testcharts\\chart-with-schema-negative-skip-validation"
[90m1:23AM[0m [33mWRN[0m [1mChart not in catalog – skipping[0m [36mchart=[0m"D:\\helm_clones_artifacthub\\kubernetes__helm\\pkg\\cmd\\testdata\\testcharts\\chart-with-secret"
[90m1:23AM[0m [33mWRN[0m [1mChart not in catalog – skipping[0m [36mchart=[0m"D:\\helm_clones_artifacthub\\kubernetes__helm\\pkg\\cmd\\testdata\\testcharts\\chart-with-subchart-notes"
[90m1:23AM[0m [33mWRN[0m [1mChart not in catalog – skipping[0m [36mchart=[0m"D:\\helm_clones_artifacthub\\kubernetes__helm\\pkg\\cmd\\testdata\\testcharts\\chart-with-subchart-notes\\charts\\subchart-with-notes"
[90m1:23AM[0m [33mWRN[0m [1mChart not in catalog – skipping[0m [36mchart=[0m"D:\\helm_clones_artifacthub\\kubernetes__helm\\pkg\\cmd\\testdata\\testcharts\\chart-with-subchart-update"
[90m1:23AM[0m [33mWRN[0m [1mChart not in catalog – skipping[0m [36mchart=[0m"D:\\helm_clones_artifacthub\\kubernetes__helm\\pkg\\cmd\\testdata\\testcharts\\chart-with-subchart-update\\charts\\subchart-with-notes"
[90m1:23AM[0m [33mWRN[0m [1mChart not in catalog – skipping[0m [36mchart=[0m"D:\\helm_clones_artifacthub\\kubernetes__helm\\pkg\\cmd\\testdata\\testcharts\\chart-with-template-lib-archive-dep"
[90m1:23AM[0m [33mWRN[0m [1mChart not in catalog – skipping[0m [36mchart=[0m"D:\\helm_clones_artifacthub\\kubernetes__helm\\pkg\\cmd\\testdata\\testcharts\\chart-with-template-lib-dep"
[90m1:23AM[0m [33mWRN[0m [1mChart not in catalog – skipping[0m [36mchart=[0m"D:\\helm_clones_artifacthub\\kubernetes__helm\\pkg\\cmd\\testdata\\testcharts\\chart-with-template-lib-dep\\charts\\common"
[90m1:23AM[0m [33mWRN[0m [1mChart not in catalog – skipping[0m [36mchart=[0m"D:\\helm_clones_artifacthub\\kubernetes__helm\\pkg\\cmd\\testdata\\testcharts\\chart-with-template-with-invalid-yaml"
[90m1:23AM[0m [33mWRN[0m [1mChart not in catalog – skipping[0m [36mchart=[0m"D:\\helm_clones_artifacthub\\kubernetes__helm\\pkg\\cmd\\testdata\\testcharts\\deprecated"
[90m1:23AM[0m [33mWRN[0m [1mChart not in catalog – skipping[0m [36mchart=[0m"D:\\helm_clones_artifacthub\\kubernetes__helm\\pkg\\cmd\\testdata\\testcharts\\empty"
[90m1:23AM[0m [33mWRN[0m [1mChart not in catalog – skipping[0m [36mchart=[0m"D:\\helm_clones_artifacthub\\kubernetes__helm\\pkg\\cmd\\testdata\\testcharts\\issue-7233"
[90m1:23AM[0m [33mWRN[0m [1mChart not in catalog – skipping[0m [36mchart=[0m"D:\\helm_clones_artifacthub\\kubernetes__helm\\pkg\\cmd\\testdata\\testcharts\\issue-9027"
[90m1:23AM[0m [33mWRN[0m [1mChart not in catalog – skipping[0m [36mchart=[0m"D:\\helm_clones_artifacthub\\kubernetes__helm\\pkg\\cmd\\testdata\\testcharts\\issue-9027\\charts\\subchart"
[90m1:23AM[0m [33mWRN[0m [1mChart not in catalog – skipping[0m [36mchart=[0m"D:\\helm_clones_artifacthub\\kubernetes__helm\\pkg\\cmd\\testdata\\testcharts\\issue1979"
[90m1:23AM[0m [33mWRN[0m [1mChart not in catalog – skipping[0m [36mchart=[0m"D:\\helm_clones_artifacthub\\kubernetes__helm\\pkg\\cmd\\testdata\\testcharts\\lib-chart"
[90m1:23AM[0m [33mWRN[0m [1mChart not in catalog – skipping[0m [36mchart=[0m"D:\\helm_clones_artifacthub\\kubernetes__helm\\pkg\\cmd\\testdata\\testcharts\\object-order"
[90m1:23AM[0m [33mWRN[0m [1mChart not in catalog – skipping[0m [36mchart=[0m"D:\\helm_clones_artifacthub\\kubernetes__helm\\pkg\\cmd\\testdata\\testcharts\\reqtest"
[90m1:23AM[0m [33mWRN[0m [1mChart not in catalog – skipping[0m [36mchart=[0m"D:\\helm_clones_artifacthub\\kubernetes__helm\\pkg\\cmd\\testdata\\testcharts\\reqtest\\charts\\reqsubchart"
[90m1:23AM[0m [33mWRN[0m [1mChart not in catalog – skipping[0m [36mchart=[0m"D:\\helm_clones_artifacthub\\kubernetes__helm\\pkg\\cmd\\testdata\\testcharts\\reqtest\\charts\\reqsubchart2"
[90m1:23AM[0m [33mWRN[0m [1mChart not in catalog – skipping[0m [36mchart=[0m"D:\\helm_clones_artifacthub\\kubernetes__helm\\pkg\\cmd\\testdata\\testcharts\\signtest"
[90m1:23AM[0m [33mWRN[0m [1mChart not in catalog – skipping[0m [36mchart=[0m"D:\\helm_clones_artifacthub\\kubernetes__helm\\pkg\\cmd\\testdata\\testcharts\\signtest\\alpine"
[90m1:23AM[0m [33mWRN[0m [1mChart not in catalog – skipping[0m [36mchart=[0m"D:\\helm_clones_artifacthub\\kubernetes__helm\\pkg\\cmd\\testdata\\testcharts\\subchart"
[90m1:23AM[0m [33mWRN[0m [1mChart not in catalog – skipping[0m [36mchart=[0m"D:\\helm_clones_artifacthub\\kubernetes__helm\\pkg\\cmd\\testdata\\testcharts\\subchart\\charts\\subchartA"
[90m1:23AM[0m [33mWRN[0m [1mChart not in catalog – skipping[0m [36mchart=[0m"D:\\helm_clones_artifacthub\\kubernetes__helm\\pkg\\cmd\\testdata\\testcharts\\subchart\\charts\\subchartB"
[90m1:23AM[0m [33mWRN[0m [1mChart not in catalog – skipping[0m [36mchart=[0m"D:\\helm_clones_artifacthub\\kubernetes__helm\\pkg\\cmd\\testdata\\testcharts\\test"
[90m1:23AM[0m [33mWRN[0m [1mChart not in catalog – skipping[0m [36mchart=[0m"D:\\helm_clones_artifacthub\\kubernetes__helm\\pkg\\cmd\\testdata\\testcharts\\test1"
[90m1:23AM[0m [33mWRN[0m [1mChart not in catalog – skipping[0m [36mchart=[0m"D:\\helm_clones_artifacthub\\kubernetes__helm\\pkg\\downloader\\testdata\\local-subchart"
[90m1:23AM[0m [33mWRN[0m [1mChart not in catalog – skipping[0m [36mchart=[0m"D:\\helm_clones_artifacthub\\kubernetes__helm\\pkg\\downloader\\testdata\\signtest"
[90m1:23AM[0m [33mWRN[0m [1mChart not in catalog – skipping[0m [36mchart=[0m"D:\\helm_clones_artifacthub\\kubernetes__helm\\pkg\\downloader\\testdata\\signtest\\alpine"
[90m1:23AM[0m [33mWRN[0m [1mChart not in catalog – skipping[0m [36mchart=[0m"D:\\helm_clones_artifacthub\\kubernetes__helm\\pkg\\provenance\\testdata\\hashtest"
[90m1:23AM[0m [33mWRN[0m [1mChart not in catalog – skipping[0m [36mchart=[0m"D:\\helm_clones_artifacthub\\kubernetes__helm\\pkg\\repo\\v1\\repotest\\testdata\\examplechart"
[90m1:23AM[0m [32mINF[0m [1mProcessing repo[0m [36mrepo=[0mlinuxserver/docker-plex [36mrepo_index=[0m330 [36mtotal=[0m486
[90m1:23AM[0m [32mINF[0m [1mAlready cloned – skipping[0m [36mdir=[0m"D:\\helm_clones_artifacthub\\linuxserver__docker-plex"
[90m1:23AM[0m [33mWRN[0m [1mNo charts found – skipping[0m [36mrepo=[0mlinuxserver/docker-plex
[90m1:23AM[0m [32mINF[0m [1mProcessing repo[0m [36mrepo=[0mpocket-id/pocket-id [36mrepo_index=[0m331 [36mtotal=[0m486
[90m1:23AM[0m [32mINF[0m [1mAlready cloned – skipping[0m [36mdir=[0m"D:\\helm_clones_artifacthub\\pocket-id__pocket-id"
[90m1:23AM[0m [33mWRN[0m [1mNo charts found – skipping[0m [36mrepo=[0mpocket-id/pocket-id
[90m1:23AM[0m [32mINF[0m [1mProcessing repo[0m [36mrepo=[0mjetstack/cert-manager [36mrepo_index=[0m332 [36mtotal=[0m486
[90m1:23AM[0m [32mINF[0m [1mAlready cloned – skipping[0m [36mdir=[0m"D:\\helm_clones_artifacthub\\jetstack__cert-manager"
[90m1:23AM[0m [32mINF[0m [1mProcessing repo[0m [36mrepo=[0mprometheus-community/stackdriver_exporter [36mrepo_index=[0m333 [36mtotal=[0m486
[90m1:23AM[0m [32mINF[0m [1mAlready cloned – skipping[0m [36mdir=[0m"D:\\helm_clones_artifacthub\\prometheus-community__stackdriver_exporter"
[90m1:23AM[0m [33mWRN[0m [1mNo charts found – skipping[0m [36mrepo=[0mprometheus-community/stackdriver_exporter
[90m1:23AM[0m [32mINF[0m [1mProcessing repo[0m [36mrepo=[0msorry-cypress/sorry-cypress [36mrepo_index=[0m334 [36mtotal=[0m486
[90m1:23AM[0m [32mINF[0m [1mAlready cloned – skipping[0m [36mdir=[0m"D:\\helm_clones_artifacthub\\sorry-cypress__sorry-cypress"
[90m1:23AM[0m [33mWRN[0m [1mNo charts found – skipping[0m [36mrepo=[0msorry-cypress/sorry-cypress
[90m1:23AM[0m [32mINF[0m [1mProcessing repo[0m [36mrepo=[0mAltinity/clickhouse-operator [36mrepo_index=[0m335 [36mtotal=[0m486
[90m1:23AM[0m [32mINF[0m [1mAlready cloned – skipping[0m [36mdir=[0m"D:\\helm_clones_artifacthub\\Altinity__clickhouse-operator"
[90m1:23AM[0m [32mINF[0m [1mProcessing repo[0m [36mrepo=[0mapache/couchdb-helm [36mrepo_index=[0m336 [36mtotal=[0m486
[90m1:23AM[0m [32mINF[0m [1mAlready cloned – skipping[0m [36mdir=[0m"D:\\helm_clones_artifacthub\\apache__couchdb-helm"
[90m1:23AM[0m [32mINF[0m [1mProcessing repo[0m [36mrepo=[0mhelm/helm [36mrepo_index=[0m337 [36mtotal=[0m486
[90m1:23AM[0m [32mINF[0m [1mAlready cloned – skipping[0m [36mdir=[0m"D:\\helm_clones_artifacthub\\helm__helm"
[90m1:23AM[0m [33mWRN[0m [1mChart not in catalog – skipping[0m [36mchart=[0m"D:\\helm_clones_artifacthub\\helm__helm\\internal\\chart\\v3\\lint\\rules\\testdata\\badchartfile"
[90m1:23AM[0m [33mWRN[0m [1mChart not in catalog – skipping[0m [36mchart=[0m"D:\\helm_clones_artifacthub\\helm__helm\\internal\\chart\\v3\\lint\\rules\\testdata\\badchartname"
[90m1:23AM[0m [33mWRN[0m [1mChart not in catalog – skipping[0m [36mchart=[0m"D:\\helm_clones_artifacthub\\helm__helm\\internal\\chart\\v3\\lint\\rules\\testdata\\badcrdfile"
[90m1:23AM[0m [33mWRN[0m [1mChart not in catalog – skipping[0m [36mchart=[0m"D:\\helm_clones_artifacthub\\helm__helm\\internal\\chart\\v3\\lint\\rules\\testdata\\badvaluesfile"
[90m1:23AM[0m [33mWRN[0m [1mChart not in catalog – skipping[0m [36mchart=[0m"D:\\helm_clones_artifacthub\\helm__helm\\internal\\chart\\v3\\lint\\rules\\testdata\\goodone"
[90m1:23AM[0m [33mWRN[0m [1mChart not in catalog – skipping[0m [36mchart=[0m"D:\\helm_clones_artifacthub\\helm__helm\\internal\\chart\\v3\\lint\\rules\\testdata\\invalidchartfile"
[90m1:23AM[0m [33mWRN[0m [1mChart not in catalog – skipping[0m [36mchart=[0m"D:\\helm_clones_artifacthub\\helm__helm\\internal\\chart\\v3\\lint\\rules\\testdata\\invalidcrdsdir"
[90m1:23AM[0m [33mWRN[0m [1mChart not in catalog – skipping[0m [36mchart=[0m"D:\\helm_clones_artifacthub\\helm__helm\\internal\\chart\\v3\\lint\\rules\\testdata\\malformed-template"
[90m1:23AM[0m [33mWRN[0m [1mChart not in catalog – skipping[0m [36mchart=[0m"D:\\helm_clones_artifacthub\\helm__helm\\internal\\chart\\v3\\lint\\rules\\testdata\\multi-template-fail"
[90m1:23AM[0m [33mWRN[0m [1mChart not in catalog – skipping[0m [36mchart=[0m"D:\\helm_clones_artifacthub\\helm__helm\\internal\\chart\\v3\\lint\\rules\\testdata\\v3-fail"
[90m1:23AM[0m [33mWRN[0m [1mChart not in catalog – skipping[0m [36mchart=[0m"D:\\helm_clones_artifacthub\\helm__helm\\internal\\chart\\v3\\lint\\rules\\testdata\\withsubchart"
[90m1:23AM[0m [33mWRN[0m [1mChart not in catalog – skipping[0m [36mchart=[0m"D:\\helm_clones_artifacthub\\helm__helm\\internal\\chart\\v3\\lint\\rules\\testdata\\withsubchart\\charts\\subchart"
[90m1:23AM[0m [33mWRN[0m [1mChart not in catalog – skipping[0m [36mchart=[0m"D:\\helm_clones_artifacthub\\helm__helm\\internal\\chart\\v3\\loader\\testdata\\albatross"
[90m1:23AM[0m [33mWRN[0m [1mChart not in catalog – skipping[0m [36mchart=[0m"D:\\helm_clones_artifacthub\\helm__helm\\internal\\chart\\v3\\loader\\testdata\\frobnitz"
[90m1:23AM[0m [33mWRN[0m [1mChart not in catalog – skipping[0m [36mchart=[0m"D:\\helm_clones_artifacthub\\helm__helm\\internal\\chart\\v3\\loader\\testdata\\frobnitz\\charts\\alpine"
[90m1:23AM[0m [33mWRN[0m [1mChart not in catalog – skipping[0m [36mchart=[0m"D:\\helm_clones_artifacthub\\helm__helm\\internal\\chart\\v3\\loader\\testdata\\frobnitz\\charts\\alpine\\charts\\mast1"
[90m1:23AM[0m [33mWRN[0m [1mChart not in catalog – skipping[0m [36mchart=[0m"D:\\helm_clones_artifacthub\\helm__helm\\internal\\chart\\v3\\loader\\testdata\\frobnitz.v3.reqs"
[90m1:23AM[0m [33mWRN[0m [1mChart not in catalog – skipping[0m [36mchart=[0m"D:\\helm_clones_artifacthub\\helm__helm\\internal\\chart\\v3\\loader\\testdata\\frobnitz.v3.reqs\\charts\\alpine"
[90m1:23AM[0m [33mWRN[0m [1mChart not in catalog – skipping[0m [36mchart=[0m"D:\\helm_clones_artifacthub\\helm__helm\\internal\\chart\\v3\\loader\\testdata\\frobnitz.v3.reqs\\charts\\alpine\\charts\\mast1"
[90m1:23AM[0m [33mWRN[0m [1mChart not in catalog – skipping[0m [36mchart=[0m"D:\\helm_clones_artifacthub\\helm__helm\\internal\\chart\\v3\\loader\\testdata\\frobnitz_backslash"
[90m1:23AM[0m [33mWRN[0m [1mChart not in catalog – skipping[0m [36mchart=[0m"D:\\helm_clones_artifacthub\\helm__helm\\internal\\chart\\v3\\loader\\testdata\\frobnitz_backslash\\charts\\alpine"
[90m1:23AM[0m [33mWRN[0m [1mChart not in catalog – skipping[0m [36mchart=[0m"D:\\helm_clones_artifacthub\\helm__helm\\internal\\chart\\v3\\loader\\testdata\\frobnitz_backslash\\charts\\alpine\\charts\\mast1"
[90m1:23AM[0m [33mWRN[0m [1mChart not in catalog – skipping[0m [36mchart=[0m"D:\\helm_clones_artifacthub\\helm__helm\\internal\\chart\\v3\\loader\\testdata\\frobnitz_with_bom"
[90m1:23AM[0m [33mWRN[0m [1mChart not in catalog – skipping[0m [36mchart=[0m"D:\\helm_clones_artifacthub\\helm__helm\\internal\\chart\\v3\\loader\\testdata\\frobnitz_with_bom\\charts\\alpine"
[90m1:23AM[0m [33mWRN[0m [1mChart not in catalog – skipping[0m [36mchart=[0m"D:\\helm_clones_artifacthub\\helm__helm\\internal\\chart\\v3\\loader\\testdata\\frobnitz_with_bom\\charts\\alpine\\charts\\mast1"
[90m1:23AM[0m [33mWRN[0m [1mChart not in catalog – skipping[0m [36mchart=[0m"D:\\helm_clones_artifacthub\\helm__helm\\internal\\chart\\v3\\loader\\testdata\\frobnitz_with_dev_null"
[90m1:23AM[0m [33mWRN[0m [1mChart not in catalog – skipping[0m [36mchart=[0m"D:\\helm_clones_artifacthub\\helm__helm\\internal\\chart\\v3\\loader\\testdata\\frobnitz_with_dev_null\\charts\\alpine"
[90m1:23AM[0m [33mWRN[0m [1mChart not in catalog – skipping[0m [36mchart=[0m"D:\\helm_clones_artifacthub\\helm__helm\\internal\\chart\\v3\\loader\\testdata\\frobnitz_with_dev_null\\charts\\alpine\\charts\\mast1"
[90m1:23AM[0m [33mWRN[0m [1mChart not in catalog – skipping[0m [36mchart=[0m"D:\\helm_clones_artifacthub\\helm__helm\\internal\\chart\\v3\\loader\\testdata\\frobnitz_with_symlink"
[90m1:23AM[0m [33mWRN[0m [1mChart not in catalog – skipping[0m [36mchart=[0m"D:\\helm_clones_artifacthub\\helm__helm\\internal\\chart\\v3\\loader\\testdata\\frobnitz_with_symlink\\charts\\alpine"
[90m1:23AM[0m [33mWRN[0m [1mChart not in catalog – skipping[0m [36mchart=[0m"D:\\helm_clones_artifacthub\\helm__helm\\internal\\chart\\v3\\loader\\testdata\\frobnitz_with_symlink\\charts\\alpine\\charts\\mast1"
[90m1:23AM[0m [33mWRN[0m [1mChart not in catalog – skipping[0m [36mchart=[0m"D:\\helm_clones_artifacthub\\helm__helm\\internal\\chart\\v3\\loader\\testdata\\mariner"
[90m1:23AM[0m [33mWRN[0m [1mChart not in catalog – skipping[0m [36mchart=[0m"D:\\helm_clones_artifacthub\\helm__helm\\internal\\chart\\v3\\util\\testdata\\chart-with-dependency-aliased-twice"
[90m1:23AM[0m [33mWRN[0m [1mChart not in catalog – skipping[0m [36mchart=[0m"D:\\helm_clones_artifacthub\\helm__helm\\internal\\chart\\v3\\util\\testdata\\chart-with-dependency-aliased-twice\\charts\\child"
[90m1:23AM[0m [33mWRN[0m [1mChart not in catalog – skipping[0m [36mchart=[0m"D:\\helm_clones_artifacthub\\helm__helm\\internal\\chart\\v3\\util\\testdata\\chart-with-dependency-aliased-twice\\charts\\child\\charts\\grandchild"
[90m1:23AM[0m [33mWRN[0m [1mChart not in catalog – skipping[0m [36mchart=[0m"D:\\helm_clones_artifacthub\\helm__helm\\internal\\chart\\v3\\util\\testdata\\chart-with-import-from-aliased-dependencies"
[90m1:23AM[0m [33mWRN[0m [1mChart not in catalog – skipping[0m [36mchart=[0m"D:\\helm_clones_artifacthub\\helm__helm\\internal\\chart\\v3\\util\\testdata\\chart-with-import-from-aliased-dependencies\\charts\\child"
[90m1:23AM[0m [33mWRN[0m [1mChart not in catalog – skipping[0m [36mchart=[0m"D:\\helm_clones_artifacthub\\helm__helm\\internal\\chart\\v3\\util\\testdata\\chart-with-import-from-aliased-dependencies\\charts\\child\\charts\\grandchild"
[90m1:23AM[0m [33mWRN[0m [1mChart not in catalog – skipping[0m [36mchart=[0m"D:\\helm_clones_artifacthub\\helm__helm\\internal\\chart\\v3\\util\\testdata\\dependent-chart-alias"
[90m1:23AM[0m [33mWRN[0m [1mChart not in catalog – skipping[0m [36mchart=[0m"D:\\helm_clones_artifacthub\\helm__helm\\internal\\chart\\v3\\util\\testdata\\dependent-chart-alias\\charts\\alpine"
[90m1:23AM[0m [33mWRN[0m [1mChart not in catalog – skipping[0m [36mchart=[0m"D:\\helm_clones_artifacthub\\helm__helm\\internal\\chart\\v3\\util\\testdata\\dependent-chart-alias\\charts\\alpine\\charts\\mast1"
[90m1:23AM[0m [33mWRN[0m [1mChart not in catalog – skipping[0m [36mchart=[0m"D:\\helm_clones_artifacthub\\helm__helm\\internal\\chart\\v3\\util\\testdata\\dependent-chart-helmignore"
[90m1:23AM[0m [33mWRN[0m [1mChart not in catalog – skipping[0m [36mchart=[0m"D:\\helm_clones_artifacthub\\helm__helm\\internal\\chart\\v3\\util\\testdata\\dependent-chart-helmignore\\charts\\alpine"
[90m1:23AM[0m [33mWRN[0m [1mChart not in catalog – skipping[0m [36mchart=[0m"D:\\helm_clones_artifacthub\\helm__helm\\internal\\chart\\v3\\util\\testdata\\dependent-chart-helmignore\\charts\\alpine\\charts\\mast1"
[90m1:23AM[0m [33mWRN[0m [1mChart not in catalog – skipping[0m [36mchart=[0m"D:\\helm_clones_artifacthub\\helm__helm\\internal\\chart\\v3\\util\\testdata\\dependent-chart-no-requirements-yaml"
[90m1:23AM[0m [33mWRN[0m [1mChart not in catalog – skipping[0m [36mchart=[0m"D:\\helm_clones_artifacthub\\helm__helm\\internal\\chart\\v3\\util\\testdata\\dependent-chart-no-requirements-yaml\\charts\\alpine"
[90m1:23AM[0m [33mWRN[0m [1mChart not in catalog – skipping[0m [36mchart=[0m"D:\\helm_clones_artifacthub\\helm__helm\\internal\\chart\\v3\\util\\testdata\\dependent-chart-no-requirements-yaml\\charts\\alpine\\charts\\mast1"
[90m1:23AM[0m [33mWRN[0m [1mChart not in catalog – skipping[0m [36mchart=[0m"D:\\helm_clones_artifacthub\\helm__helm\\internal\\chart\\v3\\util\\testdata\\dependent-chart-with-all-in-requirements-yaml"
[90m1:23AM[0m [33mWRN[0m [1mChart not in catalog – skipping[0m [36mchart=[0m"D:\\helm_clones_artifacthub\\helm__helm\\internal\\chart\\v3\\util\\testdata\\dependent-chart-with-all-in-requirements-yaml\\charts\\alpine"
[90m1:23AM[0m [33mWRN[0m [1mChart not in catalog – skipping[0m [36mchart=[0m"D:\\helm_clones_artifacthub\\helm__helm\\internal\\chart\\v3\\util\\testdata\\dependent-chart-with-all-in-requirements-yaml\\charts\\alpine\\charts\\mast1"
[90m1:23AM[0m [33mWRN[0m [1mChart not in catalog – skipping[0m [36mchart=[0m"D:\\helm_clones_artifacthub\\helm__helm\\internal\\chart\\v3\\util\\testdata\\dependent-chart-with-mixed-requirements-yaml"
[90m1:23AM[0m [33mWRN[0m [1mChart not in catalog – skipping[0m [36mchart=[0m"D:\\helm_clones_artifacthub\\helm__helm\\internal\\chart\\v3\\util\\testdata\\dependent-chart-with-mixed-requirements-yaml\\charts\\alpine"
[90m1:23AM[0m [33mWRN[0m [1mChart not in catalog – skipping[0m [36mchart=[0m"D:\\helm_clones_artifacthub\\helm__helm\\internal\\chart\\v3\\util\\testdata\\dependent-chart-with-mixed-requirements-yaml\\charts\\alpine\\charts\\mast1"
[90m1:23AM[0m [33mWRN[0m [1mChart not in catalog – skipping[0m [36mchart=[0m"D:\\helm_clones_artifacthub\\helm__helm\\internal\\chart\\v3\\util\\testdata\\dotdotname"
[90m1:23AM[0m [33mWRN[0m [1mChart not in catalog – skipping[0m [36mchart=[0m"D:\\helm_clones_artifacthub\\helm__helm\\internal\\chart\\v3\\util\\testdata\\dotname"
[90m1:23AM[0m [33mWRN[0m [1mChart not in catalog – skipping[0m [36mchart=[0m"D:\\helm_clones_artifacthub\\helm__helm\\internal\\chart\\v3\\util\\testdata\\frobnitz"
[90m1:23AM[0m [33mWRN[0m [1mChart not in catalog – skipping[0m [36mchart=[0m"D:\\helm_clones_artifacthub\\helm__helm\\internal\\chart\\v3\\util\\testdata\\frobnitz\\charts\\alpine"
[90m1:23AM[0m [33mWRN[0m [1mChart not in catalog – skipping[0m [36mchart=[0m"D:\\helm_clones_artifacthub\\helm__helm\\internal\\chart\\v3\\util\\testdata\\frobnitz\\charts\\alpine\\charts\\mast1"
[90m1:23AM[0m [33mWRN[0m [1mChart not in catalog – skipping[0m [36mchart=[0m"D:\\helm_clones_artifacthub\\helm__helm\\internal\\chart\\v3\\util\\testdata\\frobnitz\\charts\\mariner"
[90m1:23AM[0m [33mWRN[0m [1mChart not in catalog – skipping[0m [36mchart=[0m"D:\\helm_clones_artifacthub\\helm__helm\\internal\\chart\\v3\\util\\testdata\\frobnitz\\charts\\mariner\\charts\\albatross"
[90m1:23AM[0m [33mWRN[0m [1mChart not in catalog – skipping[0m [36mchart=[0m"D:\\helm_clones_artifacthub\\helm__helm\\internal\\chart\\v3\\util\\testdata\\import-values-from-enabled-subchart\\parent-chart"
[90m1:23AM[0m [33mWRN[0m [1mChart not in catalog – skipping[0m [36mchart=[0m"D:\\helm_clones_artifacthub\\helm__helm\\internal\\chart\\v3\\util\\testdata\\import-values-from-enabled-subchart\\parent-chart\\envs\\dev"
[90m1:23AM[0m [33mWRN[0m [1mChart not in catalog – skipping[0m [36mchart=[0m"D:\\helm_clones_artifacthub\\helm__helm\\internal\\chart\\v3\\util\\testdata\\import-values-from-enabled-subchart\\parent-chart\\envs\\prod"
[90m1:23AM[0m [33mWRN[0m [1mChart not in catalog – skipping[0m [36mchart=[0m"D:\\helm_clones_artifacthub\\helm__helm\\internal\\chart\\v3\\util\\testdata\\joonix"
[90m1:23AM[0m [33mWRN[0m [1mChart not in catalog – skipping[0m [36mchart=[0m"D:\\helm_clones_artifacthub\\helm__helm\\internal\\chart\\v3\\util\\testdata\\slashinname"
[90m1:23AM[0m [33mWRN[0m [1mChart not in catalog – skipping[0m [36mchart=[0m"D:\\helm_clones_artifacthub\\helm__helm\\internal\\chart\\v3\\util\\testdata\\subpop"
[90m1:23AM[0m [33mWRN[0m [1mChart not in catalog – skipping[0m [36mchart=[0m"D:\\helm_clones_artifacthub\\helm__helm\\internal\\chart\\v3\\util\\testdata\\subpop\\charts\\subchart1"
[90m1:23AM[0m [33mWRN[0m [1mChart not in catalog – skipping[0m [36mchart=[0m"D:\\helm_clones_artifacthub\\helm__helm\\internal\\chart\\v3\\util\\testdata\\subpop\\charts\\subchart1\\charts\\subchartA"
[90m1:23AM[0m [33mWRN[0m [1mChart not in catalog – skipping[0m [36mchart=[0m"D:\\helm_clones_artifacthub\\helm__helm\\internal\\chart\\v3\\util\\testdata\\subpop\\charts\\subchart1\\charts\\subchartB"
[90m1:23AM[0m [33mWRN[0m [1mChart not in catalog – skipping[0m [36mchart=[0m"D:\\helm_clones_artifacthub\\helm__helm\\internal\\chart\\v3\\util\\testdata\\subpop\\charts\\subchart2"
[90m1:23AM[0m [33mWRN[0m [1mChart not in catalog – skipping[0m [36mchart=[0m"D:\\helm_clones_artifacthub\\helm__helm\\internal\\chart\\v3\\util\\testdata\\subpop\\charts\\subchart2\\charts\\subchartB"
[90m1:23AM[0m [33mWRN[0m [1mChart not in catalog – skipping[0m [36mchart=[0m"D:\\helm_clones_artifacthub\\helm__helm\\internal\\chart\\v3\\util\\testdata\\subpop\\charts\\subchart2\\charts\\subchartC"
[90m1:23AM[0m [33mWRN[0m [1mChart not in catalog – skipping[0m [36mchart=[0m"D:\\helm_clones_artifacthub\\helm__helm\\internal\\chart\\v3\\util\\testdata\\subpop\\noreqs"
[90m1:23AM[0m [33mWRN[0m [1mChart not in catalog – skipping[0m [36mchart=[0m"D:\\helm_clones_artifacthub\\helm__helm\\internal\\chart\\v3\\util\\testdata\\three-level-dependent-chart\\umbrella"
[90m1:23AM[0m [33mWRN[0m [1mChart not in catalog – skipping[0m [36mchart=[0m"D:\\helm_clones_artifacthub\\helm__helm\\internal\\chart\\v3\\util\\testdata\\three-level-dependent-chart\\umbrella\\charts\\app1"
[90m1:23AM[0m [33mWRN[0m [1mChart not in catalog – skipping[0m [36mchart=[0m"D:\\helm_clones_artifacthub\\helm__helm\\internal\\chart\\v3\\util\\testdata\\three-level-dependent-chart\\umbrella\\charts\\app1\\charts\\library"
[90m1:23AM[0m [33mWRN[0m [1mChart not in catalog – skipping[0m [36mchart=[0m"D:\\helm_clones_artifacthub\\helm__helm\\internal\\chart\\v3\\util\\testdata\\three-level-dependent-chart\\umbrella\\charts\\app2"
[90m1:23AM[0m [33mWRN[0m [1mChart not in catalog – skipping[0m [36mchart=[0m"D:\\helm_clones_artifacthub\\helm__helm\\internal\\chart\\v3\\util\\testdata\\three-level-dependent-chart\\umbrella\\charts\\app2\\charts\\library"
[90m1:23AM[0m [33mWRN[0m [1mChart not in catalog – skipping[0m [36mchart=[0m"D:\\helm_clones_artifacthub\\helm__helm\\internal\\chart\\v3\\util\\testdata\\three-level-dependent-chart\\umbrella\\charts\\app3"
[90m1:23AM[0m [33mWRN[0m [1mChart not in catalog – skipping[0m [36mchart=[0m"D:\\helm_clones_artifacthub\\helm__helm\\internal\\chart\\v3\\util\\testdata\\three-level-dependent-chart\\umbrella\\charts\\app3\\charts\\library"
[90m1:23AM[0m [33mWRN[0m [1mChart not in catalog – skipping[0m [36mchart=[0m"D:\\helm_clones_artifacthub\\helm__helm\\internal\\chart\\v3\\util\\testdata\\three-level-dependent-chart\\umbrella\\charts\\app4"
[90m1:23AM[0m [33mWRN[0m [1mChart not in catalog – skipping[0m [36mchart=[0m"D:\\helm_clones_artifacthub\\helm__helm\\internal\\chart\\v3\\util\\testdata\\three-level-dependent-chart\\umbrella\\charts\\app4\\charts\\library"
[90m1:23AM[0m [33mWRN[0m [1mChart not in catalog – skipping[0m [36mchart=[0m"D:\\helm_clones_artifacthub\\helm__helm\\internal\\resolver\\testdata\\chartpath\\base"
[90m1:23AM[0m [33mWRN[0m [1mChart not in catalog – skipping[0m [36mchart=[0m"D:\\helm_clones_artifacthub\\helm__helm\\internal\\resolver\\testdata\\chartpath\\charts\\localdependency"
[90m1:23AM[0m [33mWRN[0m [1mChart not in catalog – skipping[0m [36mchart=[0m"D:\\helm_clones_artifacthub\\helm__helm\\pkg\\action\\testdata\\charts\\chart-missing-deps"
[90m1:23AM[0m [33mWRN[0m [1mChart not in catalog – skipping[0m [36mchart=[0m"D:\\helm_clones_artifacthub\\helm__helm\\pkg\\action\\testdata\\charts\\chart-with-compressed-dependencies"
[90m1:23AM[0m [33mWRN[0m [1mChart not in catalog – skipping[0m [36mchart=[0m"D:\\helm_clones_artifacthub\\helm__helm\\pkg\\action\\testdata\\charts\\chart-with-no-templates-dir"
[90m1:23AM[0m [33mWRN[0m [1mChart not in catalog – skipping[0m [36mchart=[0m"D:\\helm_clones_artifacthub\\helm__helm\\pkg\\action\\testdata\\charts\\chart-with-schema"
[90m1:23AM[0m [33mWRN[0m [1mChart not in catalog – skipping[0m [36mchart=[0m"D:\\helm_clones_artifacthub\\helm__helm\\pkg\\action\\testdata\\charts\\chart-with-schema-negative"
[90m1:23AM[0m [33mWRN[0m [1mChart not in catalog – skipping[0m [36mchart=[0m"D:\\helm_clones_artifacthub\\helm__helm\\pkg\\action\\testdata\\charts\\chart-with-uncompressed-dependencies"
[90m1:23AM[0m [33mWRN[0m [1mChart not in catalog – skipping[0m [36mchart=[0m"D:\\helm_clones_artifacthub\\helm__helm\\pkg\\action\\testdata\\charts\\chart-with-uncompressed-dependencies\\charts\\mariadb"
[90m1:23AM[0m [33mWRN[0m [1mChart not in catalog – skipping[0m [36mchart=[0m"D:\\helm_clones_artifacthub\\helm__helm\\pkg\\action\\testdata\\charts\\decompressedchart"
[90m1:23AM[0m [33mWRN[0m [1mChart not in catalog – skipping[0m [36mchart=[0m"D:\\helm_clones_artifacthub\\helm__helm\\pkg\\action\\testdata\\charts\\multiplecharts-lint-chart-1"
[90m1:23AM[0m [33mWRN[0m [1mChart not in catalog – skipping[0m [36mchart=[0m"D:\\helm_clones_artifacthub\\helm__helm\\pkg\\action\\testdata\\charts\\multiplecharts-lint-chart-2"
[90m1:23AM[0m [33mWRN[0m [1mChart not in catalog – skipping[0m [36mchart=[0m"D:\\helm_clones_artifacthub\\helm__helm\\pkg\\chart\\v2\\lint\\rules\\testdata\\albatross"
[90m1:23AM[0m [33mWRN[0m [1mChart not in catalog – skipping[0m [36mchart=[0m"D:\\helm_clones_artifacthub\\helm__helm\\pkg\\chart\\v2\\lint\\rules\\testdata\\anotherbadchartfile"
[90m1:23AM[0m [33mWRN[0m [1mChart not in catalog – skipping[0m [36mchart=[0m"D:\\helm_clones_artifacthub\\helm__helm\\pkg\\chart\\v2\\lint\\rules\\testdata\\badchartfile"
[90m1:23AM[0m [33mWRN[0m [1mChart not in catalog – skipping[0m [36mchart=[0m"D:\\helm_clones_artifacthub\\helm__helm\\pkg\\chart\\v2\\lint\\rules\\testdata\\badchartname"
[90m1:23AM[0m [33mWRN[0m [1mChart not in catalog – skipping[0m [36mchart=[0m"D:\\helm_clones_artifacthub\\helm__helm\\pkg\\chart\\v2\\lint\\rules\\testdata\\badcrdfile"
[90m1:23AM[0m [33mWRN[0m [1mChart not in catalog – skipping[0m [36mchart=[0m"D:\\helm_clones_artifacthub\\helm__helm\\pkg\\chart\\v2\\lint\\rules\\testdata\\badvaluesfile"
[90m1:23AM[0m [33mWRN[0m [1mChart not in catalog – skipping[0m [36mchart=[0m"D:\\helm_clones_artifacthub\\helm__helm\\pkg\\chart\\v2\\lint\\rules\\testdata\\goodone"
[90m1:23AM[0m [33mWRN[0m [1mChart not in catalog – skipping[0m [36mchart=[0m"D:\\helm_clones_artifacthub\\helm__helm\\pkg\\chart\\v2\\lint\\rules\\testdata\\invalidchartfile"
[90m1:23AM[0m [33mWRN[0m [1mChart not in catalog – skipping[0m [36mchart=[0m"D:\\helm_clones_artifacthub\\helm__helm\\pkg\\chart\\v2\\lint\\rules\\testdata\\invalidcrdsdir"
[90m1:23AM[0m [33mWRN[0m [1mChart not in catalog – skipping[0m [36mchart=[0m"D:\\helm_clones_artifacthub\\helm__helm\\pkg\\chart\\v2\\lint\\rules\\testdata\\malformed-template"
[90m1:23AM[0m [33mWRN[0m [1mChart not in catalog – skipping[0m [36mchart=[0m"D:\\helm_clones_artifacthub\\helm__helm\\pkg\\chart\\v2\\lint\\rules\\testdata\\multi-template-fail"
[90m1:23AM[0m [33mWRN[0m [1mChart not in catalog – skipping[0m [36mchart=[0m"D:\\helm_clones_artifacthub\\helm__helm\\pkg\\chart\\v2\\lint\\rules\\testdata\\v3-fail"
[90m1:23AM[0m [33mWRN[0m [1mChart not in catalog – skipping[0m [36mchart=[0m"D:\\helm_clones_artifacthub\\helm__helm\\pkg\\chart\\v2\\lint\\rules\\testdata\\withsubchart"
[90m1:23AM[0m [33mWRN[0m [1mChart not in catalog – skipping[0m [36mchart=[0m"D:\\helm_clones_artifacthub\\helm__helm\\pkg\\chart\\v2\\lint\\rules\\testdata\\withsubchart\\charts\\subchart"
[90m1:23AM[0m [33mWRN[0m [1mChart not in catalog – skipping[0m [36mchart=[0m"D:\\helm_clones_artifacthub\\helm__helm\\pkg\\chart\\v2\\loader\\testdata\\albatross"
[90m1:23AM[0m [33mWRN[0m [1mChart not in catalog – skipping[0m [36mchart=[0m"D:\\helm_clones_artifacthub\\helm__helm\\pkg\\chart\\v2\\loader\\testdata\\frobnitz"
[90m1:23AM[0m [33mWRN[0m [1mChart not in catalog – skipping[0m [36mchart=[0m"D:\\helm_clones_artifacthub\\helm__helm\\pkg\\chart\\v2\\loader\\testdata\\frobnitz\\charts\\alpine"
[90m1:23AM[0m [33mWRN[0m [1mChart not in catalog – skipping[0m [36mchart=[0m"D:\\helm_clones_artifacthub\\helm__helm\\pkg\\chart\\v2\\loader\\testdata\\frobnitz\\charts\\alpine\\charts\\mast1"
[90m1:23AM[0m [33mWRN[0m [1mChart not in catalog – skipping[0m [36mchart=[0m"D:\\helm_clones_artifacthub\\helm__helm\\pkg\\chart\\v2\\loader\\testdata\\frobnitz.v1"
[90m1:23AM[0m [33mWRN[0m [1mChart not in catalog – skipping[0m [36mchart=[0m"D:\\helm_clones_artifacthub\\helm__helm\\pkg\\chart\\v2\\loader\\testdata\\frobnitz.v1\\charts\\alpine"
[90m1:23AM[0m [33mWRN[0m [1mChart not in catalog – skipping[0m [36mchart=[0m"D:\\helm_clones_artifacthub\\helm__helm\\pkg\\chart\\v2\\loader\\testdata\\frobnitz.v1\\charts\\alpine\\charts\\mast1"
[90m1:23AM[0m [33mWRN[0m [1mChart not in catalog – skipping[0m [36mchart=[0m"D:\\helm_clones_artifacthub\\helm__helm\\pkg\\chart\\v2\\loader\\testdata\\frobnitz.v2.reqs"
[90m1:23AM[0m [33mWRN[0m [1mChart not in catalog – skipping[0m [36mchart=[0m"D:\\helm_clones_artifacthub\\helm__helm\\pkg\\chart\\v2\\loader\\testdata\\frobnitz.v2.reqs\\charts\\alpine"
[90m1:23AM[0m [33mWRN[0m [1mChart not in catalog – skipping[0m [36mchart=[0m"D:\\helm_clones_artifacthub\\helm__helm\\pkg\\chart\\v2\\loader\\testdata\\frobnitz.v2.reqs\\charts\\alpine\\charts\\mast1"
[90m1:23AM[0m [33mWRN[0m [1mChart not in catalog – skipping[0m [36mchart=[0m"D:\\helm_clones_artifacthub\\helm__helm\\pkg\\chart\\v2\\loader\\testdata\\frobnitz_backslash"
[90m1:23AM[0m [33mWRN[0m [1mChart not in catalog – skipping[0m [36mchart=[0m"D:\\helm_clones_artifacthub\\helm__helm\\pkg\\chart\\v2\\loader\\testdata\\frobnitz_backslash\\charts\\alpine"
[90m1:23AM[0m [33mWRN[0m [1mChart not in catalog – skipping[0m [36mchart=[0m"D:\\helm_clones_artifacthub\\helm__helm\\pkg\\chart\\v2\\loader\\testdata\\frobnitz_backslash\\charts\\alpine\\charts\\mast1"
[90m1:23AM[0m [33mWRN[0m [1mChart not in catalog – skipping[0m [36mchart=[0m"D:\\helm_clones_artifacthub\\helm__helm\\pkg\\chart\\v2\\loader\\testdata\\frobnitz_with_bom"
[90m1:23AM[0m [33mWRN[0m [1mChart not in catalog – skipping[0m [36mchart=[0m"D:\\helm_clones_artifacthub\\helm__helm\\pkg\\chart\\v2\\loader\\testdata\\frobnitz_with_bom\\charts\\alpine"
[90m1:23AM[0m [33mWRN[0m [1mChart not in catalog – skipping[0m [36mchart=[0m"D:\\helm_clones_artifacthub\\helm__helm\\pkg\\chart\\v2\\loader\\testdata\\frobnitz_with_bom\\charts\\alpine\\charts\\mast1"
[90m1:23AM[0m [33mWRN[0m [1mChart not in catalog – skipping[0m [36mchart=[0m"D:\\helm_clones_artifacthub\\helm__helm\\pkg\\chart\\v2\\loader\\testdata\\frobnitz_with_dev_null"
[90m1:23AM[0m [33mWRN[0m [1mChart not in catalog – skipping[0m [36mchart=[0m"D:\\helm_clones_artifacthub\\helm__helm\\pkg\\chart\\v2\\loader\\testdata\\frobnitz_with_dev_null\\charts\\alpine"
[90m1:23AM[0m [33mWRN[0m [1mChart not in catalog – skipping[0m [36mchart=[0m"D:\\helm_clones_artifacthub\\helm__helm\\pkg\\chart\\v2\\loader\\testdata\\frobnitz_with_dev_null\\charts\\alpine\\charts\\mast1"
[90m1:23AM[0m [33mWRN[0m [1mChart not in catalog – skipping[0m [36mchart=[0m"D:\\helm_clones_artifacthub\\helm__helm\\pkg\\chart\\v2\\loader\\testdata\\frobnitz_with_symlink"
[90m1:23AM[0m [33mWRN[0m [1mChart not in catalog – skipping[0m [36mchart=[0m"D:\\helm_clones_artifacthub\\helm__helm\\pkg\\chart\\v2\\loader\\testdata\\frobnitz_with_symlink\\charts\\alpine"
[90m1:23AM[0m [33mWRN[0m [1mChart not in catalog – skipping[0m [36mchart=[0m"D:\\helm_clones_artifacthub\\helm__helm\\pkg\\chart\\v2\\loader\\testdata\\frobnitz_with_symlink\\charts\\alpine\\charts\\mast1"
[90m1:23AM[0m [33mWRN[0m [1mChart not in catalog – skipping[0m [36mchart=[0m"D:\\helm_clones_artifacthub\\helm__helm\\pkg\\chart\\v2\\loader\\testdata\\mariner"
[90m1:23AM[0m [33mWRN[0m [1mChart not in catalog – skipping[0m [36mchart=[0m"D:\\helm_clones_artifacthub\\helm__helm\\pkg\\chart\\v2\\util\\testdata\\chart-with-dependency-aliased-twice"
[90m1:23AM[0m [33mWRN[0m [1mChart not in catalog – skipping[0m [36mchart=[0m"D:\\helm_clones_artifacthub\\helm__helm\\pkg\\chart\\v2\\util\\testdata\\chart-with-dependency-aliased-twice\\charts\\child"
[90m1:23AM[0m [33mWRN[0m [1mChart not in catalog – skipping[0m [36mchart=[0m"D:\\helm_clones_artifacthub\\helm__helm\\pkg\\chart\\v2\\util\\testdata\\chart-with-dependency-aliased-twice\\charts\\child\\charts\\grandchild"
[90m1:23AM[0m [33mWRN[0m [1mChart not in catalog – skipping[0m [36mchart=[0m"D:\\helm_clones_artifacthub\\helm__helm\\pkg\\chart\\v2\\util\\testdata\\chart-with-import-from-aliased-dependencies"
[90m1:23AM[0m [33mWRN[0m [1mChart not in catalog – skipping[0m [36mchart=[0m"D:\\helm_clones_artifacthub\\helm__helm\\pkg\\chart\\v2\\util\\testdata\\chart-with-import-from-aliased-dependencies\\charts\\child"
[90m1:23AM[0m [33mWRN[0m [1mChart not in catalog – skipping[0m [36mchart=[0m"D:\\helm_clones_artifacthub\\helm__helm\\pkg\\chart\\v2\\util\\testdata\\chart-with-import-from-aliased-dependencies\\charts\\child\\charts\\grandchild"
[90m1:23AM[0m [33mWRN[0m [1mChart not in catalog – skipping[0m [36mchart=[0m"D:\\helm_clones_artifacthub\\helm__helm\\pkg\\chart\\v2\\util\\testdata\\dependent-chart-alias"
[90m1:23AM[0m [33mWRN[0m [1mChart not in catalog – skipping[0m [36mchart=[0m"D:\\helm_clones_artifacthub\\helm__helm\\pkg\\chart\\v2\\util\\testdata\\dependent-chart-alias\\charts\\alpine"
[90m1:23AM[0m [33mWRN[0m [1mChart not in catalog – skipping[0m [36mchart=[0m"D:\\helm_clones_artifacthub\\helm__helm\\pkg\\chart\\v2\\util\\testdata\\dependent-chart-alias\\charts\\alpine\\charts\\mast1"
[90m1:23AM[0m [33mWRN[0m [1mChart not in catalog – skipping[0m [36mchart=[0m"D:\\helm_clones_artifacthub\\helm__helm\\pkg\\chart\\v2\\util\\testdata\\dependent-chart-helmignore"
[90m1:23AM[0m [33mWRN[0m [1mChart not in catalog – skipping[0m [36mchart=[0m"D:\\helm_clones_artifacthub\\helm__helm\\pkg\\chart\\v2\\util\\testdata\\dependent-chart-helmignore\\charts\\alpine"
[90m1:23AM[0m [33mWRN[0m [1mChart not in catalog – skipping[0m [36mchart=[0m"D:\\helm_clones_artifacthub\\helm__helm\\pkg\\chart\\v2\\util\\testdata\\dependent-chart-helmignore\\charts\\alpine\\charts\\mast1"
[90m1:23AM[0m [33mWRN[0m [1mChart not in catalog – skipping[0m [36mchart=[0m"D:\\helm_clones_artifacthub\\helm__helm\\pkg\\chart\\v2\\util\\testdata\\dependent-chart-no-requirements-yaml"
[90m1:23AM[0m [33mWRN[0m [1mChart not in catalog – skipping[0m [36mchart=[0m"D:\\helm_clones_artifacthub\\helm__helm\\pkg\\chart\\v2\\util\\testdata\\dependent-chart-no-requirements-yaml\\charts\\alpine"
[90m1:23AM[0m [33mWRN[0m [1mChart not in catalog – skipping[0m [36mchart=[0m"D:\\helm_clones_artifacthub\\helm__helm\\pkg\\chart\\v2\\util\\testdata\\dependent-chart-no-requirements-yaml\\charts\\alpine\\charts\\mast1"
[90m1:23AM[0m [33mWRN[0m [1mChart not in catalog – skipping[0m [36mchart=[0m"D:\\helm_clones_artifacthub\\helm__helm\\pkg\\chart\\v2\\util\\testdata\\dependent-chart-with-all-in-requirements-yaml"
[90m1:23AM[0m [33mWRN[0m [1mChart not in catalog – skipping[0m [36mchart=[0m"D:\\helm_clones_artifacthub\\helm__helm\\pkg\\chart\\v2\\util\\testdata\\dependent-chart-with-all-in-requirements-yaml\\charts\\alpine"
[90m1:23AM[0m [33mWRN[0m [1mChart not in catalog – skipping[0m [36mchart=[0m"D:\\helm_clones_artifacthub\\helm__helm\\pkg\\chart\\v2\\util\\testdata\\dependent-chart-with-all-in-requirements-yaml\\charts\\alpine\\charts\\mast1"
[90m1:23AM[0m [33mWRN[0m [1mChart not in catalog – skipping[0m [36mchart=[0m"D:\\helm_clones_artifacthub\\helm__helm\\pkg\\chart\\v2\\util\\testdata\\dependent-chart-with-mixed-requirements-yaml"
[90m1:23AM[0m [33mWRN[0m [1mChart not in catalog – skipping[0m [36mchart=[0m"D:\\helm_clones_artifacthub\\helm__helm\\pkg\\chart\\v2\\util\\testdata\\dependent-chart-with-mixed-requirements-yaml\\charts\\alpine"
[90m1:23AM[0m [33mWRN[0m [1mChart not in catalog – skipping[0m [36mchart=[0m"D:\\helm_clones_artifacthub\\helm__helm\\pkg\\chart\\v2\\util\\testdata\\dependent-chart-with-mixed-requirements-yaml\\charts\\alpine\\charts\\mast1"
[90m1:23AM[0m [33mWRN[0m [1mChart not in catalog – skipping[0m [36mchart=[0m"D:\\helm_clones_artifacthub\\helm__helm\\pkg\\chart\\v2\\util\\testdata\\dotdotname"
[90m1:23AM[0m [33mWRN[0m [1mChart not in catalog – skipping[0m [36mchart=[0m"D:\\helm_clones_artifacthub\\helm__helm\\pkg\\chart\\v2\\util\\testdata\\dotname"
[90m1:23AM[0m [33mWRN[0m [1mChart not in catalog – skipping[0m [36mchart=[0m"D:\\helm_clones_artifacthub\\helm__helm\\pkg\\chart\\v2\\util\\testdata\\frobnitz"
[90m1:23AM[0m [33mWRN[0m [1mChart not in catalog – skipping[0m [36mchart=[0m"D:\\helm_clones_artifacthub\\helm__helm\\pkg\\chart\\v2\\util\\testdata\\frobnitz\\charts\\alpine"
[90m1:23AM[0m [33mWRN[0m [1mChart not in catalog – skipping[0m [36mchart=[0m"D:\\helm_clones_artifacthub\\helm__helm\\pkg\\chart\\v2\\util\\testdata\\frobnitz\\charts\\alpine\\charts\\mast1"
[90m1:23AM[0m [33mWRN[0m [1mChart not in catalog – skipping[0m [36mchart=[0m"D:\\helm_clones_artifacthub\\helm__helm\\pkg\\chart\\v2\\util\\testdata\\frobnitz\\charts\\mariner"
[90m1:23AM[0m [33mWRN[0m [1mChart not in catalog – skipping[0m [36mchart=[0m"D:\\helm_clones_artifacthub\\helm__helm\\pkg\\chart\\v2\\util\\testdata\\frobnitz\\charts\\mariner\\charts\\albatross"
[90m1:23AM[0m [33mWRN[0m [1mChart not in catalog – skipping[0m [36mchart=[0m"D:\\helm_clones_artifacthub\\helm__helm\\pkg\\chart\\v2\\util\\testdata\\import-values-from-enabled-subchart\\parent-chart"
[90m1:23AM[0m [33mWRN[0m [1mChart not in catalog – skipping[0m [36mchart=[0m"D:\\helm_clones_artifacthub\\helm__helm\\pkg\\chart\\v2\\util\\testdata\\import-values-from-enabled-subchart\\parent-chart\\envs\\dev"
[90m1:23AM[0m [33mWRN[0m [1mChart not in catalog – skipping[0m [36mchart=[0m"D:\\helm_clones_artifacthub\\helm__helm\\pkg\\chart\\v2\\util\\testdata\\import-values-from-enabled-subchart\\parent-chart\\envs\\prod"
[90m1:23AM[0m [33mWRN[0m [1mChart not in catalog – skipping[0m [36mchart=[0m"D:\\helm_clones_artifacthub\\helm__helm\\pkg\\chart\\v2\\util\\testdata\\joonix"
[90m1:23AM[0m [33mWRN[0m [1mChart not in catalog – skipping[0m [36mchart=[0m"D:\\helm_clones_artifacthub\\helm__helm\\pkg\\chart\\v2\\util\\testdata\\slashinname"
[90m1:23AM[0m [33mWRN[0m [1mChart not in catalog – skipping[0m [36mchart=[0m"D:\\helm_clones_artifacthub\\helm__helm\\pkg\\chart\\v2\\util\\testdata\\subpop"
[90m1:23AM[0m [33mWRN[0m [1mChart not in catalog – skipping[0m [36mchart=[0m"D:\\helm_clones_artifacthub\\helm__helm\\pkg\\chart\\v2\\util\\testdata\\subpop\\charts\\subchart1"
[90m1:23AM[0m [33mWRN[0m [1mChart not in catalog – skipping[0m [36mchart=[0m"D:\\helm_clones_artifacthub\\helm__helm\\pkg\\chart\\v2\\util\\testdata\\subpop\\charts\\subchart1\\charts\\subchartA"
[90m1:23AM[0m [33mWRN[0m [1mChart not in catalog – skipping[0m [36mchart=[0m"D:\\helm_clones_artifacthub\\helm__helm\\pkg\\chart\\v2\\util\\testdata\\subpop\\charts\\subchart1\\charts\\subchartB"
[90m1:23AM[0m [33mWRN[0m [1mChart not in catalog – skipping[0m [36mchart=[0m"D:\\helm_clones_artifacthub\\helm__helm\\pkg\\chart\\v2\\util\\testdata\\subpop\\charts\\subchart2"
[90m1:23AM[0m [33mWRN[0m [1mChart not in catalog – skipping[0m [36mchart=[0m"D:\\helm_clones_artifacthub\\helm__helm\\pkg\\chart\\v2\\util\\testdata\\subpop\\charts\\subchart2\\charts\\subchartB"
[90m1:23AM[0m [33mWRN[0m [1mChart not in catalog – skipping[0m [36mchart=[0m"D:\\helm_clones_artifacthub\\helm__helm\\pkg\\chart\\v2\\util\\testdata\\subpop\\charts\\subchart2\\charts\\subchartC"
[90m1:23AM[0m [33mWRN[0m [1mChart not in catalog – skipping[0m [36mchart=[0m"D:\\helm_clones_artifacthub\\helm__helm\\pkg\\chart\\v2\\util\\testdata\\subpop\\noreqs"
[90m1:23AM[0m [33mWRN[0m [1mChart not in catalog – skipping[0m [36mchart=[0m"D:\\helm_clones_artifacthub\\helm__helm\\pkg\\chart\\v2\\util\\testdata\\three-level-dependent-chart\\umbrella"
[90m1:23AM[0m [33mWRN[0m [1mChart not in catalog – skipping[0m [36mchart=[0m"D:\\helm_clones_artifacthub\\helm__helm\\pkg\\chart\\v2\\util\\testdata\\three-level-dependent-chart\\umbrella\\charts\\app1"
[90m1:23AM[0m [33mWRN[0m [1mChart not in catalog – skipping[0m [36mchart=[0m"D:\\helm_clones_artifacthub\\helm__helm\\pkg\\chart\\v2\\util\\testdata\\three-level-dependent-chart\\umbrella\\charts\\app1\\charts\\library"
[90m1:23AM[0m [33mWRN[0m [1mChart not in catalog – skipping[0m [36mchart=[0m"D:\\helm_clones_artifacthub\\helm__helm\\pkg\\chart\\v2\\util\\testdata\\three-level-dependent-chart\\umbrella\\charts\\app2"
[90m1:23AM[0m [33mWRN[0m [1mChart not in catalog – skipping[0m [36mchart=[0m"D:\\helm_clones_artifacthub\\helm__helm\\pkg\\chart\\v2\\util\\testdata\\three-level-dependent-chart\\umbrella\\charts\\app2\\charts\\library"
[90m1:23AM[0m [33mWRN[0m [1mChart not in catalog – skipping[0m [36mchart=[0m"D:\\helm_clones_artifacthub\\helm__helm\\pkg\\chart\\v2\\util\\testdata\\three-level-dependent-chart\\umbrella\\charts\\app3"
[90m1:23AM[0m [33mWRN[0m [1mChart not in catalog – skipping[0m [36mchart=[0m"D:\\helm_clones_artifacthub\\helm__helm\\pkg\\chart\\v2\\util\\testdata\\three-level-dependent-chart\\umbrella\\charts\\app3\\charts\\library"
[90m1:23AM[0m [33mWRN[0m [1mChart not in catalog – skipping[0m [36mchart=[0m"D:\\helm_clones_artifacthub\\helm__helm\\pkg\\chart\\v2\\util\\testdata\\three-level-dependent-chart\\umbrella\\charts\\app4"
[90m1:23AM[0m [33mWRN[0m [1mChart not in catalog – skipping[0m [36mchart=[0m"D:\\helm_clones_artifacthub\\helm__helm\\pkg\\chart\\v2\\util\\testdata\\three-level-dependent-chart\\umbrella\\charts\\app4\\charts\\library"
[90m1:23AM[0m [33mWRN[0m [1mChart not in catalog – skipping[0m [36mchart=[0m"D:\\helm_clones_artifacthub\\helm__helm\\pkg\\cmd\\testdata\\testcharts\\alpine"
[90m1:23AM[0m [33mWRN[0m [1mChart not in catalog – skipping[0m [36mchart=[0m"D:\\helm_clones_artifacthub\\helm__helm\\pkg\\cmd\\testdata\\testcharts\\chart-bad-requirements"
[90m1:23AM[0m [33mWRN[0m [1mChart not in catalog – skipping[0m [36mchart=[0m"D:\\helm_clones_artifacthub\\helm__helm\\pkg\\cmd\\testdata\\testcharts\\chart-bad-requirements\\charts\\reqsubchart"
[90m1:23AM[0m [33mWRN[0m [1mChart not in catalog – skipping[0m [36mchart=[0m"D:\\helm_clones_artifacthub\\helm__helm\\pkg\\cmd\\testdata\\testcharts\\chart-bad-type"
[90m1:23AM[0m [33mWRN[0m [1mChart not in catalog – skipping[0m [36mchart=[0m"D:\\helm_clones_artifacthub\\helm__helm\\pkg\\cmd\\testdata\\testcharts\\chart-missing-deps"
[90m1:23AM[0m [33mWRN[0m [1mChart not in catalog – skipping[0m [36mchart=[0m"D:\\helm_clones_artifacthub\\helm__helm\\pkg\\cmd\\testdata\\testcharts\\chart-missing-deps\\charts\\reqsubchart"
[90m1:23AM[0m [33mWRN[0m [1mChart not in catalog – skipping[0m [36mchart=[0m"D:\\helm_clones_artifacthub\\helm__helm\\pkg\\cmd\\testdata\\testcharts\\chart-with-bad-subcharts"
[90m1:23AM[0m [33mWRN[0m [1mChart not in catalog – skipping[0m [36mchart=[0m"D:\\helm_clones_artifacthub\\helm__helm\\pkg\\cmd\\testdata\\testcharts\\chart-with-bad-subcharts\\charts\\bad-subchart"
[90m1:23AM[0m [33mWRN[0m [1mChart not in catalog – skipping[0m [36mchart=[0m"D:\\helm_clones_artifacthub\\helm__helm\\pkg\\cmd\\testdata\\testcharts\\chart-with-bad-subcharts\\charts\\good-subchart"
[90m1:23AM[0m [33mWRN[0m [1mChart not in catalog – skipping[0m [36mchart=[0m"D:\\helm_clones_artifacthub\\helm__helm\\pkg\\cmd\\testdata\\testcharts\\chart-with-deprecated-api"
[90m1:23AM[0m [33mWRN[0m [1mChart not in catalog – skipping[0m [36mchart=[0m"D:\\helm_clones_artifacthub\\helm__helm\\pkg\\cmd\\testdata\\testcharts\\chart-with-lib-dep"
[90m1:23AM[0m [33mWRN[0m [1mChart not in catalog – skipping[0m [36mchart=[0m"D:\\helm_clones_artifacthub\\helm__helm\\pkg\\cmd\\testdata\\testcharts\\chart-with-only-crds"
[90m1:23AM[0m [33mWRN[0m [1mChart not in catalog – skipping[0m [36mchart=[0m"D:\\helm_clones_artifacthub\\helm__helm\\pkg\\cmd\\testdata\\testcharts\\chart-with-schema"
[90m1:23AM[0m [33mWRN[0m [1mChart not in catalog – skipping[0m [36mchart=[0m"D:\\helm_clones_artifacthub\\helm__helm\\pkg\\cmd\\testdata\\testcharts\\chart-with-schema-and-subchart"
[90m1:23AM[0m [33mWRN[0m [1mChart not in catalog – skipping[0m [36mchart=[0m"D:\\helm_clones_artifacthub\\helm__helm\\pkg\\cmd\\testdata\\testcharts\\chart-with-schema-and-subchart\\charts\\subchart-with-schema"
[90m1:23AM[0m [33mWRN[0m [1mChart not in catalog – skipping[0m [36mchart=[0m"D:\\helm_clones_artifacthub\\helm__helm\\pkg\\cmd\\testdata\\testcharts\\chart-with-schema-negative"
[90m1:23AM[0m [33mWRN[0m [1mChart not in catalog – skipping[0m [36mchart=[0m"D:\\helm_clones_artifacthub\\helm__helm\\pkg\\cmd\\testdata\\testcharts\\chart-with-schema-negative-skip-validation"
[90m1:23AM[0m [33mWRN[0m [1mChart not in catalog – skipping[0m [36mchart=[0m"D:\\helm_clones_artifacthub\\helm__helm\\pkg\\cmd\\testdata\\testcharts\\chart-with-secret"
[90m1:23AM[0m [33mWRN[0m [1mChart not in catalog – skipping[0m [36mchart=[0m"D:\\helm_clones_artifacthub\\helm__helm\\pkg\\cmd\\testdata\\testcharts\\chart-with-subchart-notes"
[90m1:23AM[0m [33mWRN[0m [1mChart not in catalog – skipping[0m [36mchart=[0m"D:\\helm_clones_artifacthub\\helm__helm\\pkg\\cmd\\testdata\\testcharts\\chart-with-subchart-notes\\charts\\subchart-with-notes"
[90m1:23AM[0m [33mWRN[0m [1mChart not in catalog – skipping[0m [36mchart=[0m"D:\\helm_clones_artifacthub\\helm__helm\\pkg\\cmd\\testdata\\testcharts\\chart-with-subchart-update"
[90m1:23AM[0m [33mWRN[0m [1mChart not in catalog – skipping[0m [36mchart=[0m"D:\\helm_clones_artifacthub\\helm__helm\\pkg\\cmd\\testdata\\testcharts\\chart-with-subchart-update\\charts\\subchart-with-notes"
[90m1:23AM[0m [33mWRN[0m [1mChart not in catalog – skipping[0m [36mchart=[0m"D:\\helm_clones_artifacthub\\helm__helm\\pkg\\cmd\\testdata\\testcharts\\chart-with-template-lib-archive-dep"
[90m1:23AM[0m [33mWRN[0m [1mChart not in catalog – skipping[0m [36mchart=[0m"D:\\helm_clones_artifacthub\\helm__helm\\pkg\\cmd\\testdata\\testcharts\\chart-with-template-lib-dep"
[90m1:23AM[0m [33mWRN[0m [1mChart not in catalog – skipping[0m [36mchart=[0m"D:\\helm_clones_artifacthub\\helm__helm\\pkg\\cmd\\testdata\\testcharts\\chart-with-template-lib-dep\\charts\\common"
[90m1:23AM[0m [33mWRN[0m [1mChart not in catalog – skipping[0m [36mchart=[0m"D:\\helm_clones_artifacthub\\helm__helm\\pkg\\cmd\\testdata\\testcharts\\chart-with-template-with-invalid-yaml"
[90m1:23AM[0m [33mWRN[0m [1mChart not in catalog – skipping[0m [36mchart=[0m"D:\\helm_clones_artifacthub\\helm__helm\\pkg\\cmd\\testdata\\testcharts\\deprecated"
[90m1:23AM[0m [33mWRN[0m [1mChart not in catalog – skipping[0m [36mchart=[0m"D:\\helm_clones_artifacthub\\helm__helm\\pkg\\cmd\\testdata\\testcharts\\empty"
[90m1:23AM[0m [33mWRN[0m [1mChart not in catalog – skipping[0m [36mchart=[0m"D:\\helm_clones_artifacthub\\helm__helm\\pkg\\cmd\\testdata\\testcharts\\issue-7233"
[90m1:23AM[0m [33mWRN[0m [1mChart not in catalog – skipping[0m [36mchart=[0m"D:\\helm_clones_artifacthub\\helm__helm\\pkg\\cmd\\testdata\\testcharts\\issue-9027"
[90m1:23AM[0m [33mWRN[0m [1mChart not in catalog – skipping[0m [36mchart=[0m"D:\\helm_clones_artifacthub\\helm__helm\\pkg\\cmd\\testdata\\testcharts\\issue-9027\\charts\\subchart"
[90m1:23AM[0m [33mWRN[0m [1mChart not in catalog – skipping[0m [36mchart=[0m"D:\\helm_clones_artifacthub\\helm__helm\\pkg\\cmd\\testdata\\testcharts\\issue1979"
[90m1:23AM[0m [33mWRN[0m [1mChart not in catalog – skipping[0m [36mchart=[0m"D:\\helm_clones_artifacthub\\helm__helm\\pkg\\cmd\\testdata\\testcharts\\lib-chart"
[90m1:23AM[0m [33mWRN[0m [1mChart not in catalog – skipping[0m [36mchart=[0m"D:\\helm_clones_artifacthub\\helm__helm\\pkg\\cmd\\testdata\\testcharts\\object-order"
[90m1:23AM[0m [33mWRN[0m [1mChart not in catalog – skipping[0m [36mchart=[0m"D:\\helm_clones_artifacthub\\helm__helm\\pkg\\cmd\\testdata\\testcharts\\reqtest"
[90m1:23AM[0m [33mWRN[0m [1mChart not in catalog – skipping[0m [36mchart=[0m"D:\\helm_clones_artifacthub\\helm__helm\\pkg\\cmd\\testdata\\testcharts\\reqtest\\charts\\reqsubchart"
[90m1:23AM[0m [33mWRN[0m [1mChart not in catalog – skipping[0m [36mchart=[0m"D:\\helm_clones_artifacthub\\helm__helm\\pkg\\cmd\\testdata\\testcharts\\reqtest\\charts\\reqsubchart2"
[90m1:23AM[0m [33mWRN[0m [1mChart not in catalog – skipping[0m [36mchart=[0m"D:\\helm_clones_artifacthub\\helm__helm\\pkg\\cmd\\testdata\\testcharts\\signtest"
[90m1:23AM[0m [33mWRN[0m [1mChart not in catalog – skipping[0m [36mchart=[0m"D:\\helm_clones_artifacthub\\helm__helm\\pkg\\cmd\\testdata\\testcharts\\signtest\\alpine"
[90m1:23AM[0m [33mWRN[0m [1mChart not in catalog – skipping[0m [36mchart=[0m"D:\\helm_clones_artifacthub\\helm__helm\\pkg\\cmd\\testdata\\testcharts\\subchart"
[90m1:23AM[0m [33mWRN[0m [1mChart not in catalog – skipping[0m [36mchart=[0m"D:\\helm_clones_artifacthub\\helm__helm\\pkg\\cmd\\testdata\\testcharts\\subchart\\charts\\subchartA"
[90m1:23AM[0m [33mWRN[0m [1mChart not in catalog – skipping[0m [36mchart=[0m"D:\\helm_clones_artifacthub\\helm__helm\\pkg\\cmd\\testdata\\testcharts\\subchart\\charts\\subchartB"
[90m1:23AM[0m [33mWRN[0m [1mChart not in catalog – skipping[0m [36mchart=[0m"D:\\helm_clones_artifacthub\\helm__helm\\pkg\\cmd\\testdata\\testcharts\\test"
[90m1:23AM[0m [33mWRN[0m [1mChart not in catalog – skipping[0m [36mchart=[0m"D:\\helm_clones_artifacthub\\helm__helm\\pkg\\cmd\\testdata\\testcharts\\test1"
[90m1:23AM[0m [33mWRN[0m [1mChart not in catalog – skipping[0m [36mchart=[0m"D:\\helm_clones_artifacthub\\helm__helm\\pkg\\downloader\\testdata\\local-subchart"
[90m1:23AM[0m [33mWRN[0m [1mChart not in catalog – skipping[0m [36mchart=[0m"D:\\helm_clones_artifacthub\\helm__helm\\pkg\\downloader\\testdata\\signtest"
[90m1:23AM[0m [33mWRN[0m [1mChart not in catalog – skipping[0m [36mchart=[0m"D:\\helm_clones_artifacthub\\helm__helm\\pkg\\downloader\\testdata\\signtest\\alpine"
[90m1:23AM[0m [33mWRN[0m [1mChart not in catalog – skipping[0m [36mchart=[0m"D:\\helm_clones_artifacthub\\helm__helm\\pkg\\provenance\\testdata\\hashtest"
[90m1:23AM[0m [33mWRN[0m [1mChart not in catalog – skipping[0m [36mchart=[0m"D:\\helm_clones_artifacthub\\helm__helm\\pkg\\repo\\v1\\repotest\\testdata\\examplechart"
[90m1:23AM[0m [32mINF[0m [1mProcessing repo[0m [36mrepo=[0mvector-im/element-web [36mrepo_index=[0m338 [36mtotal=[0m486
[90m1:23AM[0m [32mINF[0m [1mAlready cloned – skipping[0m [36mdir=[0m"D:\\helm_clones_artifacthub\\vector-im__element-web"
[90m1:23AM[0m [33mWRN[0m [1mNo charts found – skipping[0m [36mrepo=[0mvector-im/element-web
[90m1:23AM[0m [32mINF[0m [1mProcessing repo[0m [36mrepo=[0mblakeblackshear/blakeshome-charts [36mrepo_index=[0m339 [36mtotal=[0m486
[90m1:23AM[0m [32mINF[0m [1mAlready cloned – skipping[0m [36mdir=[0m"D:\\helm_clones_artifacthub\\blakeblackshear__blakeshome-charts"
[90m1:23AM[0m [32mINF[0m [1mProcessing repo[0m [36mrepo=[0mapache/hive [36mrepo_index=[0m340 [36mtotal=[0m486
[90m1:23AM[0m [32mINF[0m [1mAlready cloned – skipping[0m [36mdir=[0m"D:\\helm_clones_artifacthub\\apache__hive"
[90m1:23AM[0m [32mINF[0m [1mProcessing repo[0m [36mrepo=[0mMaastrichtU-IDS/dsri-helm-charts [36mrepo_index=[0m341 [36mtotal=[0m486
[90m1:23AM[0m [32mINF[0m [1mAlready cloned – skipping[0m [36mdir=[0m"D:\\helm_clones_artifacthub\\MaastrichtU-IDS__dsri-helm-charts"
[90m1:23AM[0m [32mINF[0m [1mProcessing repo[0m [36mrepo=[0mcoreos/prometheus-operator [36mrepo_index=[0m342 [36mtotal=[0m486
[90m1:23AM[0m [32mINF[0m [1mAlready cloned – skipping[0m [36mdir=[0m"D:\\helm_clones_artifacthub\\coreos__prometheus-operator"
[90m1:23AM[0m [33mWRN[0m [1mNo charts found – skipping[0m [36mrepo=[0mcoreos/prometheus-operator
[90m1:23AM[0m [32mINF[0m [1mProcessing repo[0m [36mrepo=[0mneo4j-contrib/neo4j-helm [36mrepo_index=[0m343 [36mtotal=[0m486
[90m1:23AM[0m [32mINF[0m [1mAlready cloned – skipping[0m [36mdir=[0m"D:\\helm_clones_artifacthub\\neo4j-contrib__neo4j-helm"
[90m1:23AM[0m [32mINF[0m [1mProcessing repo[0m [36mrepo=[0mkubernetes-incubator/external-storage [36mrepo_index=[0m344 [36mtotal=[0m486
[90m1:23AM[0m [32mINF[0m [1mAlready cloned – skipping[0m [36mdir=[0m"D:\\helm_clones_artifacthub\\kubernetes-incubator__external-storage"
[90m1:23AM[0m [32mINF[0m [1mProcessing repo[0m [36mrepo=[0mbanzaicloud/banzai-charts [36mrepo_index=[0m345 [36mtotal=[0m486
[90m1:23AM[0m [32mINF[0m [1mAlready cloned – skipping[0m [36mdir=[0m"D:\\helm_clones_artifacthub\\banzaicloud__banzai-charts"
[90m1:23AM[0m [33mWRN[0m [1mChart not in catalog – skipping[0m [36mchart=[0m"D:\\helm_clones_artifacthub\\banzaicloud__banzai-charts\\ark"
[90m1:23AM[0m [33mWRN[0m [1mChart not in catalog – skipping[0m [36mchart=[0m"D:\\helm_clones_artifacthub\\banzaicloud__banzai-charts\\aws-autoscaling-exporter"
[90m1:23AM[0m [33mWRN[0m [1mChart not in catalog – skipping[0m [36mchart=[0m"D:\\helm_clones_artifacthub\\banzaicloud__banzai-charts\\aws-spot-price-history-poller"
[90m1:23AM[0m [33mWRN[0m [1mChart not in catalog – skipping[0m [36mchart=[0m"D:\\helm_clones_artifacthub\\banzaicloud__banzai-charts\\banzaicloud-docs"
[90m1:23AM[0m [33mWRN[0m [1mChart not in catalog – skipping[0m [36mchart=[0m"D:\\helm_clones_artifacthub\\banzaicloud__banzai-charts\\cadence"
[90m1:23AM[0m [33mWRN[0m [1mChart not in catalog – skipping[0m [36mchart=[0m"D:\\helm_clones_artifacthub\\banzaicloud__banzai-charts\\cluster-autoscaler"
[90m1:23AM[0m [33mWRN[0m [1mChart not in catalog – skipping[0m [36mchart=[0m"D:\\helm_clones_artifacthub\\banzaicloud__banzai-charts\\dex"
[90m1:23AM[0m [33mWRN[0m [1mChart not in catalog – skipping[0m [36mchart=[0m"D:\\helm_clones_artifacthub\\banzaicloud__banzai-charts\\efs-provisioner"
[90m1:23AM[0m [33mWRN[0m [1mChart not in catalog – skipping[0m [36mchart=[0m"D:\\helm_clones_artifacthub\\banzaicloud__banzai-charts\\etcd"
[90m1:23AM[0m [33mWRN[0m [1mChart not in catalog – skipping[0m [36mchart=[0m"D:\\helm_clones_artifacthub\\banzaicloud__banzai-charts\\etcd-operator"
[90m1:23AM[0m [33mWRN[0m [1mChart not in catalog – skipping[0m [36mchart=[0m"D:\\helm_clones_artifacthub\\banzaicloud__banzai-charts\\external-dns"
[90m1:23AM[0m [33mWRN[0m [1mChart not in catalog – skipping[0m [36mchart=[0m"D:\\helm_clones_artifacthub\\banzaicloud__banzai-charts\\grafana-operator"
[90m1:23AM[0m [33mWRN[0m [1mChart not in catalog – skipping[0m [36mchart=[0m"D:\\helm_clones_artifacthub\\banzaicloud__banzai-charts\\hollowtrees"
[90m1:23AM[0m [33mWRN[0m [1mChart not in catalog – skipping[0m [36mchart=[0m"D:\\helm_clones_artifacthub\\banzaicloud__banzai-charts\\ht-aws-asg-action-plugin"
[90m1:23AM[0m [33mWRN[0m [1mChart not in catalog – skipping[0m [36mchart=[0m"D:\\helm_clones_artifacthub\\banzaicloud__banzai-charts\\ht-k8s-action-plugin"
[90m1:23AM[0m [33mWRN[0m [1mChart not in catalog – skipping[0m [36mchart=[0m"D:\\helm_clones_artifacthub\\banzaicloud__banzai-charts\\ingressauthgenerator"
[90m1:23AM[0m [33mWRN[0m [1mChart not in catalog – skipping[0m [36mchart=[0m"D:\\helm_clones_artifacthub\\banzaicloud__banzai-charts\\kafka"
[90m1:23AM[0m [33mWRN[0m [1mChart not in catalog – skipping[0m [36mchart=[0m"D:\\helm_clones_artifacthub\\banzaicloud__banzai-charts\\keel"
[90m1:23AM[0m [33mWRN[0m [1mChart not in catalog – skipping[0m [36mchart=[0m"D:\\helm_clones_artifacthub\\banzaicloud__banzai-charts\\kube-secrets-init"
[90m1:23AM[0m [33mWRN[0m [1mChart not in catalog – skipping[0m [36mchart=[0m"D:\\helm_clones_artifacthub\\banzaicloud__banzai-charts\\kubeless"
[90m1:23AM[0m [33mWRN[0m [1mChart not in catalog – skipping[0m [36mchart=[0m"D:\\helm_clones_artifacthub\\banzaicloud__banzai-charts\\kubernetes-dashboard"
[90m1:23AM[0m [33mWRN[0m [1mChart not in catalog – skipping[0m [36mchart=[0m"D:\\helm_clones_artifacthub\\banzaicloud__banzai-charts\\loki"
[90m1:23AM[0m [33mWRN[0m [1mChart not in catalog – skipping[0m [36mchart=[0m"D:\\helm_clones_artifacthub\\banzaicloud__banzai-charts\\metrics-server"
[90m1:23AM[0m [33mWRN[0m [1mChart not in catalog – skipping[0m [36mchart=[0m"D:\\helm_clones_artifacthub\\banzaicloud__banzai-charts\\mysql-operator"
[90m1:23AM[0m [33mWRN[0m [1mChart not in catalog – skipping[0m [36mchart=[0m"D:\\helm_clones_artifacthub\\banzaicloud__banzai-charts\\nodejs"
[90m1:23AM[0m [33mWRN[0m [1mChart not in catalog – skipping[0m [36mchart=[0m"D:\\helm_clones_artifacthub\\banzaicloud__banzai-charts\\pipeline-cluster-ingress"
[90m1:23AM[0m [33mWRN[0m [1mChart not in catalog – skipping[0m [36mchart=[0m"D:\\helm_clones_artifacthub\\banzaicloud__banzai-charts\\pipeline-cp-monitor"
[90m1:23AM[0m [33mWRN[0m [1mChart not in catalog – skipping[0m [36mchart=[0m"D:\\helm_clones_artifacthub\\banzaicloud__banzai-charts\\pipeline-ui"
[90m1:23AM[0m [33mWRN[0m [1mChart not in catalog – skipping[0m [36mchart=[0m"D:\\helm_clones_artifacthub\\banzaicloud__banzai-charts\\prometheus-mysql-exporter"
[90m1:23AM[0m [33mWRN[0m [1mChart not in catalog – skipping[0m [36mchart=[0m"D:\\helm_clones_artifacthub\\banzaicloud__banzai-charts\\prometheus-operator-standalone"
[90m1:23AM[0m [33mWRN[0m [1mChart not in catalog – skipping[0m [36mchart=[0m"D:\\helm_clones_artifacthub\\banzaicloud__banzai-charts\\pvc-operator"
[90m1:23AM[0m [33mWRN[0m [1mChart not in catalog – skipping[0m [36mchart=[0m"D:\\helm_clones_artifacthub\\banzaicloud__banzai-charts\\satellite"
[90m1:23AM[0m [33mWRN[0m [1mChart not in catalog – skipping[0m [36mchart=[0m"D:\\helm_clones_artifacthub\\banzaicloud__banzai-charts\\spark"
[90m1:23AM[0m [33mWRN[0m [1mChart not in catalog – skipping[0m [36mchart=[0m"D:\\helm_clones_artifacthub\\banzaicloud__banzai-charts\\spark-hs"
[90m1:23AM[0m [33mWRN[0m [1mChart not in catalog – skipping[0m [36mchart=[0m"D:\\helm_clones_artifacthub\\banzaicloud__banzai-charts\\spark-rss"
[90m1:23AM[0m [33mWRN[0m [1mChart not in catalog – skipping[0m [36mchart=[0m"D:\\helm_clones_artifacthub\\banzaicloud__banzai-charts\\spark-shuffle"
[90m1:23AM[0m [33mWRN[0m [1mChart not in catalog – skipping[0m [36mchart=[0m"D:\\helm_clones_artifacthub\\banzaicloud__banzai-charts\\spot-config-webhook"
[90m1:23AM[0m [33mWRN[0m [1mChart not in catalog – skipping[0m [36mchart=[0m"D:\\helm_clones_artifacthub\\banzaicloud__banzai-charts\\spot-price-exporter"
[90m1:23AM[0m [33mWRN[0m [1mChart not in catalog – skipping[0m [36mchart=[0m"D:\\helm_clones_artifacthub\\banzaicloud__banzai-charts\\spot-recommender"
[90m1:23AM[0m [33mWRN[0m [1mChart not in catalog – skipping[0m [36mchart=[0m"D:\\helm_clones_artifacthub\\banzaicloud__banzai-charts\\spot-scheduler"
[90m1:23AM[0m [33mWRN[0m [1mChart not in catalog – skipping[0m [36mchart=[0m"D:\\helm_clones_artifacthub\\banzaicloud__banzai-charts\\spot-termination-exporter"
[90m1:23AM[0m [33mWRN[0m [1mChart not in catalog – skipping[0m [36mchart=[0m"D:\\helm_clones_artifacthub\\banzaicloud__banzai-charts\\spot-termination-handler"
[90m1:23AM[0m [33mWRN[0m [1mChart not in catalog – skipping[0m [36mchart=[0m"D:\\helm_clones_artifacthub\\banzaicloud__banzai-charts\\spring-boot"
[90m1:23AM[0m [33mWRN[0m [1mChart not in catalog – skipping[0m [36mchart=[0m"D:\\helm_clones_artifacthub\\banzaicloud__banzai-charts\\thanos"
[90m1:23AM[0m [33mWRN[0m [1mChart not in catalog – skipping[0m [36mchart=[0m"D:\\helm_clones_artifacthub\\banzaicloud__banzai-charts\\zeppelin"
[90m1:23AM[0m [33mWRN[0m [1mChart not in catalog – skipping[0m [36mchart=[0m"D:\\helm_clones_artifacthub\\banzaicloud__banzai-charts\\zeppelin-spark"
[90m1:23AM[0m [33mWRN[0m [1mChart not in catalog – skipping[0m [36mchart=[0m"D:\\helm_clones_artifacthub\\banzaicloud__banzai-charts\\zetcd"
[90m1:23AM[0m [33mWRN[0m [1mChart not in catalog – skipping[0m [36mchart=[0m"D:\\helm_clones_artifacthub\\banzaicloud__banzai-charts\\zookeeper-operator"
[90m1:23AM[0m [32mINF[0m [1mProcessing repo[0m [36mrepo=[0mbeeinventor/charts [36mrepo_index=[0m346 [36mtotal=[0m486
[90m1:23AM[0m [32mINF[0m [1mAlready cloned – skipping[0m [36mdir=[0m"D:\\helm_clones_artifacthub\\beeinventor__charts"
[90m1:23AM[0m [33mWRN[0m [1mChart not in catalog – skipping[0m [36mchart=[0m"D:\\helm_clones_artifacthub\\beeinventor__charts\\beeinventor\\keycloak\\charts\\common"
[90m1:23AM[0m [33mWRN[0m [1mChart not in catalog – skipping[0m [36mchart=[0m"D:\\helm_clones_artifacthub\\beeinventor__charts\\beeinventor\\nsq"
[90m1:23AM[0m [33mWRN[0m [1mChart not in catalog – skipping[0m [36mchart=[0m"D:\\helm_clones_artifacthub\\beeinventor__charts\\beeinventor\\open-elevation"
[90m1:23AM[0m [33mWRN[0m [1mChart not in catalog – skipping[0m [36mchart=[0m"D:\\helm_clones_artifacthub\\beeinventor__charts\\beeinventor\\opendistro-es"
[90m1:23AM[0m [32mINF[0m [1mProcessing repo[0m [36mrepo=[0mfmjstudios/helm [36mrepo_index=[0m347 [36mtotal=[0m486
[90m1:23AM[0m [32mINF[0m [1mAlready cloned – skipping[0m [36mdir=[0m"D:\\helm_clones_artifacthub\\fmjstudios__helm"
[90m1:23AM[0m [32mINF[0m [1mProcessing repo[0m [36mrepo=[0mquestdb/questdb-kubernetes [36mrepo_index=[0m348 [36mtotal=[0m486
[90m1:23AM[0m [32mINF[0m [1mAlready cloned – skipping[0m [36mdir=[0m"D:\\helm_clones_artifacthub\\questdb__questdb-kubernetes"
[90m1:23AM[0m [32mINF[0m [1mProcessing repo[0m [36mrepo=[0mquickwit-oss/quickwit [36mrepo_index=[0m349 [36mtotal=[0m486
[90m1:23AM[0m [32mINF[0m [1mAlready cloned – skipping[0m [36mdir=[0m"D:\\helm_clones_artifacthub\\quickwit-oss__quickwit"
[90m1:23AM[0m [33mWRN[0m [1mNo charts found – skipping[0m [36mrepo=[0mquickwit-oss/quickwit
[90m1:23AM[0m [32mINF[0m [1mProcessing repo[0m [36mrepo=[0mimprobable-eng/thanos [36mrepo_index=[0m350 [36mtotal=[0m486
[90m1:23AM[0m [32mINF[0m [1mAlready cloned – skipping[0m [36mdir=[0m"D:\\helm_clones_artifacthub\\improbable-eng__thanos"
[90m1:23AM[0m [33mWRN[0m [1mNo charts found – skipping[0m [36mrepo=[0mimprobable-eng/thanos
[90m1:23AM[0m [32mINF[0m [1mProcessing repo[0m [36mrepo=[0mdrone-runners/drone-runner-kube [36mrepo_index=[0m351 [36mtotal=[0m486
[90m1:23AM[0m [32mINF[0m [1mAlready cloned – skipping[0m [36mdir=[0m"D:\\helm_clones_artifacthub\\drone-runners__drone-runner-kube"
[90m1:23AM[0m [33mWRN[0m [1mNo charts found – skipping[0m [36mrepo=[0mdrone-runners/drone-runner-kube
[90m1:23AM[0m [32mINF[0m [1mProcessing repo[0m [36mrepo=[0mcloudfoundry/korifi [36mrepo_index=[0m352 [36mtotal=[0m486
[90m1:23AM[0m [32mINF[0m [1mAlready cloned – skipping[0m [36mdir=[0m"D:\\helm_clones_artifacthub\\cloudfoundry__korifi"
[90m1:23AM[0m [32mINF[0m [1mProcessing repo[0m [36mrepo=[0mkube-green/helm-charts [36mrepo_index=[0m353 [36mtotal=[0m486
[90m1:23AM[0m [32mINF[0m [1mAlready cloned – skipping[0m [36mdir=[0m"D:\\helm_clones_artifacthub\\kube-green__helm-charts"
[90m1:23AM[0m [33mWRN[0m [1mNo charts found – skipping[0m [36mrepo=[0mkube-green/helm-charts
[90m1:23AM[0m [32mINF[0m [1mProcessing repo[0m [36mrepo=[0mkubewarden/community [36mrepo_index=[0m354 [36mtotal=[0m486
[90m1:23AM[0m [32mINF[0m [1mAlready cloned – skipping[0m [36mdir=[0m"D:\\helm_clones_artifacthub\\kubewarden__community"
[90m1:23AM[0m [33mWRN[0m [1mNo charts found – skipping[0m [36mrepo=[0mkubewarden/community
[90m1:23AM[0m [32mINF[0m [1mProcessing repo[0m [36mrepo=[0msuperstreamlabs/memphis [36mrepo_index=[0m355 [36mtotal=[0m486
[90m1:23AM[0m [32mINF[0m [1mAlready cloned – skipping[0m [36mdir=[0m"D:\\helm_clones_artifacthub\\superstreamlabs__memphis"
[90m1:23AM[0m [33mWRN[0m [1mNo charts found – skipping[0m [36mrepo=[0msuperstreamlabs/memphis
[90m1:23AM[0m [32mINF[0m [1mProcessing repo[0m [36mrepo=[0mmicrocks/microcks [36mrepo_index=[0m356 [36mtotal=[0m486
[90m1:23AM[0m [32mINF[0m [1mAlready cloned – skipping[0m [36mdir=[0m"D:\\helm_clones_artifacthub\\microcks__microcks"
[90m1:23AM[0m [32mINF[0m [1mProcessing repo[0m [36mrepo=[0mmonicahq/monica [36mrepo_index=[0m357 [36mtotal=[0m486
[90m1:23AM[0m [32mINF[0m [1mAlready cloned – skipping[0m [36mdir=[0m"D:\\helm_clones_artifacthub\\monicahq__monica"
[90m1:23AM[0m [33mWRN[0m [1mNo charts found – skipping[0m [36mrepo=[0mmonicahq/monica
[90m1:23AM[0m [32mINF[0m [1mProcessing repo[0m [36mrepo=[0mnautobot/nautobot [36mrepo_index=[0m358 [36mtotal=[0m486
[90m1:23AM[0m [32mINF[0m [1mAlready cloned – skipping[0m [36mdir=[0m"D:\\helm_clones_artifacthub\\nautobot__nautobot"
[90m1:23AM[0m [33mWRN[0m [1mNo charts found – skipping[0m [36mrepo=[0mnautobot/nautobot
[90m1:23AM[0m [32mINF[0m [1mProcessing repo[0m [36mrepo=[0mortelius/ortelius-charts [36mrepo_index=[0m359 [36mtotal=[0m486
[90m1:23AM[0m [32mINF[0m [1mAlready cloned – skipping[0m [36mdir=[0m"D:\\helm_clones_artifacthub\\ortelius__ortelius-charts"
[90m1:23AM[0m [32mINF[0m [1mProcessing repo[0m [36mrepo=[0mapache/polaris [36mrepo_index=[0m360 [36mtotal=[0m486
[90m1:23AM[0m [32mINF[0m [1mAlready cloned – skipping[0m [36mdir=[0m"D:\\helm_clones_artifacthub\\apache__polaris"
[90m1:23AM[0m [32mINF[0m [1mProcessing repo[0m [36mrepo=[0mthingsboard/tbmq [36mrepo_index=[0m361 [36mtotal=[0m486
[90m1:23AM[0m [32mINF[0m [1mAlready cloned – skipping[0m [36mdir=[0m"D:\\helm_clones_artifacthub\\thingsboard__tbmq"
[90m1:23AM[0m [33mWRN[0m [1mNo charts found – skipping[0m [36mrepo=[0mthingsboard/tbmq
[90m1:23AM[0m [32mINF[0m [1mProcessing repo[0m [36mrepo=[0msnowplow-devops/helm-charts [36mrepo_index=[0m362 [36mtotal=[0m486
[90m1:23AM[0m [32mINF[0m [1mAlready cloned – skipping[0m [36mdir=[0m"D:\\helm_clones_artifacthub\\snowplow-devops__helm-charts"
[90m1:23AM[0m [33mWRN[0m [1mChart not in catalog – skipping[0m [36mchart=[0m"D:\\helm_clones_artifacthub\\snowplow-devops__helm-charts\\charts\\aws-load-balancer-controller-crds"
[90m1:23AM[0m [33mWRN[0m [1mChart not in catalog – skipping[0m [36mchart=[0m"D:\\helm_clones_artifacthub\\snowplow-devops__helm-charts\\charts\\aws-otel-collector"
[90m1:23AM[0m [33mWRN[0m [1mChart not in catalog – skipping[0m [36mchart=[0m"D:\\helm_clones_artifacthub\\snowplow-devops__helm-charts\\charts\\aws-target-group-binding"
[90m1:23AM[0m [33mWRN[0m [1mChart not in catalog – skipping[0m [36mchart=[0m"D:\\helm_clones_artifacthub\\snowplow-devops__helm-charts\\charts\\cert-manager-crds"
[90m1:23AM[0m [33mWRN[0m [1mChart not in catalog – skipping[0m [36mchart=[0m"D:\\helm_clones_artifacthub\\snowplow-devops__helm-charts\\charts\\cert-manager-issuer"
[90m1:23AM[0m [33mWRN[0m [1mChart not in catalog – skipping[0m [36mchart=[0m"D:\\helm_clones_artifacthub\\snowplow-devops__helm-charts\\charts\\cloudserviceaccount"
[90m1:23AM[0m [33mWRN[0m [1mChart not in catalog – skipping[0m [36mchart=[0m"D:\\helm_clones_artifacthub\\snowplow-devops__helm-charts\\charts\\cluster-warmer"
[90m1:23AM[0m [33mWRN[0m [1mChart not in catalog – skipping[0m [36mchart=[0m"D:\\helm_clones_artifacthub\\snowplow-devops__helm-charts\\charts\\common"
[90m1:23AM[0m [33mWRN[0m [1mChart not in catalog – skipping[0m [36mchart=[0m"D:\\helm_clones_artifacthub\\snowplow-devops__helm-charts\\charts\\cron-job"
[90m1:23AM[0m [33mWRN[0m [1mChart not in catalog – skipping[0m [36mchart=[0m"D:\\helm_clones_artifacthub\\snowplow-devops__helm-charts\\charts\\daemonset"
[90m1:23AM[0m [33mWRN[0m [1mChart not in catalog – skipping[0m [36mchart=[0m"D:\\helm_clones_artifacthub\\snowplow-devops__helm-charts\\charts\\dockerconfigjson"
[90m1:23AM[0m [33mWRN[0m [1mChart not in catalog – skipping[0m [36mchart=[0m"D:\\helm_clones_artifacthub\\snowplow-devops__helm-charts\\charts\\github-actions-runners"
[90m1:23AM[0m [33mWRN[0m [1mChart not in catalog – skipping[0m [36mchart=[0m"D:\\helm_clones_artifacthub\\snowplow-devops__helm-charts\\charts\\multi-service-deployment"
[90m1:23AM[0m [33mWRN[0m [1mChart not in catalog – skipping[0m [36mchart=[0m"D:\\helm_clones_artifacthub\\snowplow-devops__helm-charts\\charts\\network-policy"
[90m1:23AM[0m [33mWRN[0m [1mChart not in catalog – skipping[0m [36mchart=[0m"D:\\helm_clones_artifacthub\\snowplow-devops__helm-charts\\charts\\priority-class"
[90m1:23AM[0m [33mWRN[0m [1mChart not in catalog – skipping[0m [36mchart=[0m"D:\\helm_clones_artifacthub\\snowplow-devops__helm-charts\\charts\\service-deployment"
[90m1:23AM[0m [33mWRN[0m [1mChart not in catalog – skipping[0m [36mchart=[0m"D:\\helm_clones_artifacthub\\snowplow-devops__helm-charts\\charts\\snowplow-iglu-server"
[90m1:23AM[0m [33mWRN[0m [1mChart not in catalog – skipping[0m [36mchart=[0m"D:\\helm_clones_artifacthub\\snowplow-devops__helm-charts\\charts\\traefik-crds"
[90m1:23AM[0m [33mWRN[0m [1mChart not in catalog – skipping[0m [36mchart=[0m"D:\\helm_clones_artifacthub\\snowplow-devops__helm-charts\\charts\\vertical-pod-autoscaler"
[90m1:23AM[0m [32mINF[0m [1mProcessing repo[0m [36mrepo=[0mcaddyserver/caddy [36mrepo_index=[0m363 [36mtotal=[0m486
[90m1:23AM[0m [32mINF[0m [1mAlready cloned – skipping[0m [36mdir=[0m"D:\\helm_clones_artifacthub\\caddyserver__caddy"
[90m1:23AM[0m [33mWRN[0m [1mNo charts found – skipping[0m [36mrepo=[0mcaddyserver/caddy
[90m1:23AM[0m [32mINF[0m [1mProcessing repo[0m [36mrepo=[0mAvistoTelecom/charts [36mrepo_index=[0m364 [36mtotal=[0m486
[90m1:23AM[0m [32mINF[0m [1mAlready cloned – skipping[0m [36mdir=[0m"D:\\helm_clones_artifacthub\\AvistoTelecom__charts"
[90m1:23AM[0m [32mINF[0m [1mProcessing repo[0m [36mrepo=[0menix/helm-charts [36mrepo_index=[0m365 [36mtotal=[0m486
[90m1:23AM[0m [32mINF[0m [1mAlready cloned – skipping[0m [36mdir=[0m"D:\\helm_clones_artifacthub\\enix__helm-charts"
[90m1:23AM[0m [33mWRN[0m [1mChart not in catalog – skipping[0m [36mchart=[0m"D:\\helm_clones_artifacthub\\enix__helm-charts\\charts\\configmap2http"
[90m1:23AM[0m [33mWRN[0m [1mChart not in catalog – skipping[0m [36mchart=[0m"D:\\helm_clones_artifacthub\\enix__helm-charts\\charts\\eck-exporter"
[90m1:23AM[0m [33mWRN[0m [1mChart not in catalog – skipping[0m [36mchart=[0m"D:\\helm_clones_artifacthub\\enix__helm-charts\\charts\\kube-packetloss-exporter"
[90m1:23AM[0m [33mWRN[0m [1mChart not in catalog – skipping[0m [36mchart=[0m"D:\\helm_clones_artifacthub\\enix__helm-charts\\charts\\kube-router"
[90m1:23AM[0m [33mWRN[0m [1mChart not in catalog – skipping[0m [36mchart=[0m"D:\\helm_clones_artifacthub\\enix__helm-charts\\charts\\mariadb-operator-monitoring"
[90m1:23AM[0m [33mWRN[0m [1mChart not in catalog – skipping[0m [36mchart=[0m"D:\\helm_clones_artifacthub\\enix__helm-charts\\charts\\monitoring-proxy"
[90m1:23AM[0m [33mWRN[0m [1mChart not in catalog – skipping[0m [36mchart=[0m"D:\\helm_clones_artifacthub\\enix__helm-charts\\charts\\network-exporter"
[90m1:23AM[0m [33mWRN[0m [1mChart not in catalog – skipping[0m [36mchart=[0m"D:\\helm_clones_artifacthub\\enix__helm-charts\\charts\\rancher-monitoring-proxy"
[90m1:23AM[0m [33mWRN[0m [1mChart not in catalog – skipping[0m [36mchart=[0m"D:\\helm_clones_artifacthub\\enix__helm-charts\\charts\\san-iscsi-csi"
[90m1:23AM[0m [33mWRN[0m [1mChart not in catalog – skipping[0m [36mchart=[0m"D:\\helm_clones_artifacthub\\enix__helm-charts\\charts\\swift-exporter"
[90m1:23AM[0m [32mINF[0m [1mProcessing repo[0m [36mrepo=[0mstevehipwell/helm-charts [36mrepo_index=[0m366 [36mtotal=[0m486
[90m1:23AM[0m [32mINF[0m [1mAlready cloned – skipping[0m [36mdir=[0m"D:\\helm_clones_artifacthub\\stevehipwell__helm-charts"
[90m1:23AM[0m [32mINF[0m [1mProcessing repo[0m [36mrepo=[0mpgautoupgrade/docker-pgautoupgrade [36mrepo_index=[0m367 [36mtotal=[0m486
[90m1:23AM[0m [32mINF[0m [1mAlready cloned – skipping[0m [36mdir=[0m"D:\\helm_clones_artifacthub\\pgautoupgrade__docker-pgautoupgrade"
[90m1:23AM[0m [33mWRN[0m [1mNo charts found – skipping[0m [36mrepo=[0mpgautoupgrade/docker-pgautoupgrade
[90m1:23AM[0m [32mINF[0m [1mProcessing repo[0m [36mrepo=[0mJamesits/docker-dst-server [36mrepo_index=[0m368 [36mtotal=[0m486
[90m1:23AM[0m [32mINF[0m [1mAlready cloned – skipping[0m [36mdir=[0m"D:\\helm_clones_artifacthub\\Jamesits__docker-dst-server"
[90m1:23AM[0m [33mWRN[0m [1mNo charts found – skipping[0m [36mrepo=[0mJamesits/docker-dst-server
[90m1:23AM[0m [32mINF[0m [1mProcessing repo[0m [36mrepo=[0mapache/lucene-solr [36mrepo_index=[0m369 [36mtotal=[0m486
[90m1:23AM[0m [32mINF[0m [1mAlready cloned – skipping[0m [36mdir=[0m"D:\\helm_clones_artifacthub\\apache__lucene-solr"
[90m1:23AM[0m [33mWRN[0m [1mNo charts found – skipping[0m [36mrepo=[0mapache/lucene-solr
[90m1:23AM[0m [32mINF[0m [1mProcessing repo[0m [36mrepo=[0mplatform9-community/spring-petclinic-cloud [36mrepo_index=[0m370 [36mtotal=[0m486
[90m1:23AM[0m [32mINF[0m [1mAlready cloned – skipping[0m [36mdir=[0m"D:\\helm_clones_artifacthub\\platform9-community__spring-petclinic-cloud"
[90m1:23AM[0m [33mWRN[0m [1mNo charts found – skipping[0m [36mrepo=[0mplatform9-community/spring-petclinic-cloud
[90m1:23AM[0m [32mINF[0m [1mProcessing repo[0m [36mrepo=[0mStirling-Tools/Stirling-PDF-chart [36mrepo_index=[0m371 [36mtotal=[0m486
[90m1:23AM[0m [32mINF[0m [1mAlready cloned – skipping[0m [36mdir=[0m"D:\\helm_clones_artifacthub\\Stirling-Tools__Stirling-PDF-chart"
[90m1:23AM[0m [32mINF[0m [1mProcessing repo[0m [36mrepo=[0msorintlab/stolon [36mrepo_index=[0m372 [36mtotal=[0m486
[90m1:23AM[0m [32mINF[0m [1mAlready cloned – skipping[0m [36mdir=[0m"D:\\helm_clones_artifacthub\\sorintlab__stolon"
[90m1:23AM[0m [33mWRN[0m [1mNo charts found – skipping[0m [36mrepo=[0msorintlab/stolon
[90m1:23AM[0m [32mINF[0m [1mProcessing repo[0m [36mrepo=[0mtraefik/traefik [36mrepo_index=[0m373 [36mtotal=[0m486
[90m1:23AM[0m [32mINF[0m [1mAlready cloned – skipping[0m [36mdir=[0m"D:\\helm_clones_artifacthub\\traefik__traefik"
[90m1:23AM[0m [33mWRN[0m [1mNo charts found – skipping[0m [36mrepo=[0mtraefik/traefik
[90m1:23AM[0m [32mINF[0m [1mProcessing repo[0m [36mrepo=[0mumami-software/umami [36mrepo_index=[0m374 [36mtotal=[0m486
[90m1:23AM[0m [32mINF[0m [1mAlready cloned – skipping[0m [36mdir=[0m"D:\\helm_clones_artifacthub\\umami-software__umami"
[90m1:23AM[0m [33mWRN[0m [1mNo charts found – skipping[0m [36mrepo=[0mumami-software/umami
[90m1:23AM[0m [32mINF[0m [1mProcessing repo[0m [36mrepo=[0mmkilchhofer/unifi-chart [36mrepo_index=[0m375 [36mtotal=[0m486
[90m1:23AM[0m [32mINF[0m [1mAlready cloned – skipping[0m [36mdir=[0m"D:\\helm_clones_artifacthub\\mkilchhofer__unifi-chart"
[90m1:23AM[0m [32mINF[0m [1mProcessing repo[0m [36mrepo=[0mvalkey-io/valkey [36mrepo_index=[0m376 [36mtotal=[0m486
[90m1:23AM[0m [32mINF[0m [1mAlready cloned – skipping[0m [36mdir=[0m"D:\\helm_clones_artifacthub\\valkey-io__valkey"
[90m1:23AM[0m [33mWRN[0m [1mNo charts found – skipping[0m [36mrepo=[0mvalkey-io/valkey
[90m1:23AM[0m [32mINF[0m [1mProcessing repo[0m [36mrepo=[0mcloudhippie/charts [36mrepo_index=[0m377 [36mtotal=[0m486
[90m1:23AM[0m [32mINF[0m [1mAlready cloned – skipping[0m [36mdir=[0m"D:\\helm_clones_artifacthub\\cloudhippie__charts"
[90m1:23AM[0m [32mINF[0m [1mProcessing repo[0m [36mrepo=[0mandrenarchy/helm-charts [36mrepo_index=[0m378 [36mtotal=[0m486
[90m1:23AM[0m [32mINF[0m [1mAlready cloned – skipping[0m [36mdir=[0m"D:\\helm_clones_artifacthub\\andrenarchy__helm-charts"
[90m1:23AM[0m [33mWRN[0m [1mChart not in catalog – skipping[0m [36mchart=[0m"D:\\helm_clones_artifacthub\\andrenarchy__helm-charts\\charts\\mathesar"
[90m1:23AM[0m [33mWRN[0m [1mChart not in catalog – skipping[0m [36mchart=[0m"D:\\helm_clones_artifacthub\\andrenarchy__helm-charts\\charts\\photoprism"
[90m1:23AM[0m [33mWRN[0m [1mChart not in catalog – skipping[0m [36mchart=[0m"D:\\helm_clones_artifacthub\\andrenarchy__helm-charts\\charts\\speech-to-phrase"
[90m1:23AM[0m [33mWRN[0m [1mChart not in catalog – skipping[0m [36mchart=[0m"D:\\helm_clones_artifacthub\\andrenarchy__helm-charts\\charts\\vaultwarden"
[90m1:23AM[0m [33mWRN[0m [1mChart not in catalog – skipping[0m [36mchart=[0m"D:\\helm_clones_artifacthub\\andrenarchy__helm-charts\\charts\\whisper"
[90m1:23AM[0m [33mWRN[0m [1mChart not in catalog – skipping[0m [36mchart=[0m"D:\\helm_clones_artifacthub\\andrenarchy__helm-charts\\charts\\wmbusmeters"
[90m1:23AM[0m [33mWRN[0m [1mChart not in catalog – skipping[0m [36mchart=[0m"D:\\helm_clones_artifacthub\\andrenarchy__helm-charts\\charts\\zigbee2mqtt"
[90m1:23AM[0m [32mINF[0m [1mProcessing repo[0m [36mrepo=[0mlogdna/logdna-agent-v2 [36mrepo_index=[0m379 [36mtotal=[0m486
[90m1:23AM[0m [32mINF[0m [1mAlready cloned – skipping[0m [36mdir=[0m"D:\\helm_clones_artifacthub\\logdna__logdna-agent-v2"
[90m1:23AM[0m [33mWRN[0m [1mNo charts found – skipping[0m [36mrepo=[0mlogdna/logdna-agent-v2
[90m1:23AM[0m [32mINF[0m [1mProcessing repo[0m [36mrepo=[0mCamunda-Community-Hub/community [36mrepo_index=[0m380 [36mtotal=[0m486
[90m1:23AM[0m [32mINF[0m [1mAlready cloned – skipping[0m [36mdir=[0m"D:\\helm_clones_artifacthub\\Camunda-Community-Hub__community"
[90m1:23AM[0m [33mWRN[0m [1mNo charts found – skipping[0m [36mrepo=[0mCamunda-Community-Hub/community
[90m1:23AM[0m [32mINF[0m [1mProcessing repo[0m [36mrepo=[0mcode-server-boilerplates/charts [36mrepo_index=[0m381 [36mtotal=[0m486
[90m1:23AM[0m [32mINF[0m [1mAlready cloned – skipping[0m [36mdir=[0m"D:\\helm_clones_artifacthub\\code-server-boilerplates__charts"
[90m1:23AM[0m [32mINF[0m [1mProcessing repo[0m [36mrepo=[0mhackmdio/codimd [36mrepo_index=[0m382 [36mtotal=[0m486
[90m1:23AM[0m [32mINF[0m [1mAlready cloned – skipping[0m [36mdir=[0m"D:\\helm_clones_artifacthub\\hackmdio__codimd"
[90m1:23AM[0m [33mWRN[0m [1mNo charts found – skipping[0m [36mrepo=[0mhackmdio/codimd
[90m1:23AM[0m [32mINF[0m [1mProcessing repo[0m [36mrepo=[0mdevtron-labs/charts [36mrepo_index=[0m383 [36mtotal=[0m486
[90m1:23AM[0m [32mINF[0m [1mAlready cloned – skipping[0m [36mdir=[0m"D:\\helm_clones_artifacthub\\devtron-labs__charts"
[90m1:23AM[0m [33mWRN[0m [1mChart not in catalog – skipping[0m [36mchart=[0m"D:\\helm_clones_artifacthub\\devtron-labs__charts\\charts\\coralogix"
[90m1:23AM[0m [33mWRN[0m [1mChart not in catalog – skipping[0m [36mchart=[0m"D:\\helm_clones_artifacthub\\devtron-labs__charts\\charts\\devtron"
[90m1:23AM[0m [33mWRN[0m [1mChart not in catalog – skipping[0m [36mchart=[0m"D:\\helm_clones_artifacthub\\devtron-labs__charts\\charts\\devtron-backups"
[90m1:23AM[0m [33mWRN[0m [1mChart not in catalog – skipping[0m [36mchart=[0m"D:\\helm_clones_artifacthub\\devtron-labs__charts\\charts\\devtron-enterprise"
[90m1:23AM[0m [33mWRN[0m [1mChart not in catalog – skipping[0m [36mchart=[0m"D:\\helm_clones_artifacthub\\devtron-labs__charts\\charts\\devtron-essentials"
[90m1:23AM[0m [33mWRN[0m [1mChart not in catalog – skipping[0m [36mchart=[0m"D:\\helm_clones_artifacthub\\devtron-labs__charts\\charts\\devtron-generic-helm"
[90m1:23AM[0m [33mWRN[0m [1mChart not in catalog – skipping[0m [36mchart=[0m"D:\\helm_clones_artifacthub\\devtron-labs__charts\\charts\\devtron-logs-dump"
[90m1:23AM[0m [33mWRN[0m [1mChart not in catalog – skipping[0m [36mchart=[0m"D:\\helm_clones_artifacthub\\devtron-labs__charts\\charts\\devtron-monitoring"
[90m1:23AM[0m [33mWRN[0m [1mChart not in catalog – skipping[0m [36mchart=[0m"D:\\helm_clones_artifacthub\\devtron-labs__charts\\charts\\devtron-utilities"
[90m1:23AM[0m [33mWRN[0m [1mChart not in catalog – skipping[0m [36mchart=[0m"D:\\helm_clones_artifacthub\\devtron-labs__charts\\charts\\dgraph"
[90m1:23AM[0m [33mWRN[0m [1mChart not in catalog – skipping[0m [36mchart=[0m"D:\\helm_clones_artifacthub\\devtron-labs__charts\\charts\\discord-alertmanager"
[90m1:23AM[0m [33mWRN[0m [1mChart not in catalog – skipping[0m [36mchart=[0m"D:\\helm_clones_artifacthub\\devtron-labs__charts\\charts\\dt-kubewatch"
[90m1:23AM[0m [33mWRN[0m [1mChart not in catalog – skipping[0m [36mchart=[0m"D:\\helm_clones_artifacthub\\devtron-labs__charts\\charts\\dt-secrets"
[90m1:23AM[0m [33mWRN[0m [1mChart not in catalog – skipping[0m [36mchart=[0m"D:\\helm_clones_artifacthub\\devtron-labs__charts\\charts\\eks-auto-mode"
[90m1:23AM[0m [33mWRN[0m [1mChart not in catalog – skipping[0m [36mchart=[0m"D:\\helm_clones_artifacthub\\devtron-labs__charts\\charts\\eks-terraform-karpenter"
[90m1:23AM[0m [33mWRN[0m [1mChart not in catalog – skipping[0m [36mchart=[0m"D:\\helm_clones_artifacthub\\devtron-labs__charts\\charts\\elasticsearch-curator"
[90m1:23AM[0m [33mWRN[0m [1mChart not in catalog – skipping[0m [36mchart=[0m"D:\\helm_clones_artifacthub\\devtron-labs__charts\\charts\\gitsensor"
[90m1:23AM[0m [33mWRN[0m [1mChart not in catalog – skipping[0m [36mchart=[0m"D:\\helm_clones_artifacthub\\devtron-labs__charts\\charts\\gke"
[90m1:23AM[0m [33mWRN[0m [1mChart not in catalog – skipping[0m [36mchart=[0m"D:\\helm_clones_artifacthub\\devtron-labs__charts\\charts\\helm-tls-certs"
[90m1:23AM[0m [33mWRN[0m [1mChart not in catalog – skipping[0m [36mchart=[0m"D:\\helm_clones_artifacthub\\devtron-labs__charts\\charts\\in-clustercd"
[90m1:23AM[0m [33mWRN[0m [1mChart not in catalog – skipping[0m [36mchart=[0m"D:\\helm_clones_artifacthub\\devtron-labs__charts\\charts\\jaeger-opentelemetry"
[90m1:23AM[0m [33mWRN[0m [1mChart not in catalog – skipping[0m [36mchart=[0m"D:\\helm_clones_artifacthub\\devtron-labs__charts\\charts\\jcmhproxy-ingress"
[90m1:23AM[0m [33mWRN[0m [1mChart not in catalog – skipping[0m [36mchart=[0m"D:\\helm_clones_artifacthub\\devtron-labs__charts\\charts\\k3s"
[90m1:23AM[0m [33mWRN[0m [1mChart not in catalog – skipping[0m [36mchart=[0m"D:\\helm_clones_artifacthub\\devtron-labs__charts\\charts\\k8s-shield"
[90m1:23AM[0m [33mWRN[0m [1mChart not in catalog – skipping[0m [36mchart=[0m"D:\\helm_clones_artifacthub\\devtron-labs__charts\\charts\\karpenter-custom-resources"
[90m1:23AM[0m [33mWRN[0m [1mChart not in catalog – skipping[0m [36mchart=[0m"D:\\helm_clones_artifacthub\\devtron-labs__charts\\charts\\knative-installer"
[90m1:23AM[0m [33mWRN[0m [1mChart not in catalog – skipping[0m [36mchart=[0m"D:\\helm_clones_artifacthub\\devtron-labs__charts\\charts\\kube-prometheus-stack"
[90m1:23AM[0m [33mWRN[0m [1mChart not in catalog – skipping[0m [36mchart=[0m"D:\\helm_clones_artifacthub\\devtron-labs__charts\\charts\\kube-state-metrics"
[90m1:23AM[0m [33mWRN[0m [1mChart not in catalog – skipping[0m [36mchart=[0m"D:\\helm_clones_artifacthub\\devtron-labs__charts\\charts\\mautic"
[90m1:23AM[0m [33mWRN[0m [1mChart not in catalog – skipping[0m [36mchart=[0m"D:\\helm_clones_artifacthub\\devtron-labs__charts\\charts\\migrant"
[90m1:23AM[0m [33mWRN[0m [1mChart not in catalog – skipping[0m [36mchart=[0m"D:\\helm_clones_artifacthub\\devtron-labs__charts\\charts\\migration-incluster-cd"
[90m1:23AM[0m [33mWRN[0m [1mChart not in catalog – skipping[0m [36mchart=[0m"D:\\helm_clones_artifacthub\\devtron-labs__charts\\charts\\nats-server"
[90m1:23AM[0m [33mWRN[0m [1mChart not in catalog – skipping[0m [36mchart=[0m"D:\\helm_clones_artifacthub\\devtron-labs__charts\\charts\\nats-streaming"
[90m1:23AM[0m [33mWRN[0m [1mChart not in catalog – skipping[0m [36mchart=[0m"D:\\helm_clones_artifacthub\\devtron-labs__charts\\charts\\openshift"
[90m1:23AM[0m [33mWRN[0m [1mChart not in catalog – skipping[0m [36mchart=[0m"D:\\helm_clones_artifacthub\\devtron-labs__charts\\charts\\prom2teams"
[90m1:23AM[0m [33mWRN[0m [1mChart not in catalog – skipping[0m [36mchart=[0m"D:\\helm_clones_artifacthub\\devtron-labs__charts\\charts\\rke-rancher"
[90m1:23AM[0m [33mWRN[0m [1mChart not in catalog – skipping[0m [36mchart=[0m"D:\\helm_clones_artifacthub\\devtron-labs__charts\\charts\\rollout"
[90m1:23AM[0m [33mWRN[0m [1mChart not in catalog – skipping[0m [36mchart=[0m"D:\\helm_clones_artifacthub\\devtron-labs__charts\\charts\\scoop"
[90m1:23AM[0m [33mWRN[0m [1mChart not in catalog – skipping[0m [36mchart=[0m"D:\\helm_clones_artifacthub\\devtron-labs__charts\\charts\\secret-replicator"
[90m1:23AM[0m [33mWRN[0m [1mChart not in catalog – skipping[0m [36mchart=[0m"D:\\helm_clones_artifacthub\\devtron-labs__charts\\charts\\security"
[90m1:23AM[0m [33mWRN[0m [1mChart not in catalog – skipping[0m [36mchart=[0m"D:\\helm_clones_artifacthub\\devtron-labs__charts\\charts\\svn-git-sync"
[90m1:23AM[0m [33mWRN[0m [1mChart not in catalog – skipping[0m [36mchart=[0m"D:\\helm_clones_artifacthub\\devtron-labs__charts\\charts\\tanzu"
[90m1:23AM[0m [33mWRN[0m [1mChart not in catalog – skipping[0m [36mchart=[0m"D:\\helm_clones_artifacthub\\devtron-labs__charts\\charts\\twistlock-defender"
[90m1:23AM[0m [33mWRN[0m [1mChart not in catalog – skipping[0m [36mchart=[0m"D:\\helm_clones_artifacthub\\devtron-labs__charts\\charts\\winter-soldier"
[90m1:23AM[0m [33mWRN[0m [1mChart not in catalog – skipping[0m [36mchart=[0m"D:\\helm_clones_artifacthub\\devtron-labs__charts\\charts\\zinc"
[90m1:23AM[0m [32mINF[0m [1mProcessing repo[0m [36mrepo=[0mEalenn/Echo-Server [36mrepo_index=[0m384 [36mtotal=[0m486
[90m1:23AM[0m [32mINF[0m [1mAlready cloned – skipping[0m [36mdir=[0m"D:\\helm_clones_artifacthub\\Ealenn__Echo-Server"
[90m1:23AM[0m [33mWRN[0m [1mNo charts found – skipping[0m [36mrepo=[0mEalenn/Echo-Server
[90m1:23AM[0m [32mINF[0m [1mProcessing repo[0m [36mrepo=[0mgrafana/grafana-operator [36mrepo_index=[0m385 [36mtotal=[0m486
[90m1:23AM[0m [32mINF[0m [1mAlready cloned – skipping[0m [36mdir=[0m"D:\\helm_clones_artifacthub\\grafana__grafana-operator"
[90m1:23AM[0m [32mINF[0m [1mProcessing repo[0m [36mrepo=[0mhetznercloud/csi-driver [36mrepo_index=[0m386 [36mtotal=[0m486
[90m1:23AM[0m [32mINF[0m [1mAlready cloned – skipping[0m [36mdir=[0m"D:\\helm_clones_artifacthub\\hetznercloud__csi-driver"
[90m1:23AM[0m [32mINF[0m [1mProcessing repo[0m [36mrepo=[0mgchq/gaffer-docker [36mrepo_index=[0m387 [36mtotal=[0m486
[90m1:23AM[0m [32mINF[0m [1mAlready cloned – skipping[0m [36mdir=[0m"D:\\helm_clones_artifacthub\\gchq__gaffer-docker"
[90m1:23AM[0m [32mINF[0m [1mProcessing repo[0m [36mrepo=[0mspiffe/spiffe [36mrepo_index=[0m388 [36mtotal=[0m486
[90m1:23AM[0m [32mINF[0m [1mAlready cloned – skipping[0m [36mdir=[0m"D:\\helm_clones_artifacthub\\spiffe__spiffe"
[90m1:23AM[0m [33mWRN[0m [1mNo charts found – skipping[0m [36mrepo=[0mspiffe/spiffe
[90m1:23AM[0m [32mINF[0m [1mProcessing repo[0m [36mrepo=[0mitboon/kafka-helm [36mrepo_index=[0m389 [36mtotal=[0m486
[90m1:23AM[0m [32mINF[0m [1mAlready cloned – skipping[0m [36mdir=[0m"D:\\helm_clones_artifacthub\\itboon__kafka-helm"
[90m1:23AM[0m [32mINF[0m [1mProcessing repo[0m [36mrepo=[0mlitmuschaos/litmus-helm [36mrepo_index=[0m390 [36mtotal=[0m486
[90m1:23AM[0m [32mINF[0m [1mAlready cloned – skipping[0m [36mdir=[0m"D:\\helm_clones_artifacthub\\litmuschaos__litmus-helm"
[90m1:23AM[0m [33mWRN[0m [1mChart not in catalog – skipping[0m [36mchart=[0m"D:\\helm_clones_artifacthub\\litmuschaos__litmus-helm\\charts\\litmus-agent"
[90m1:23AM[0m [33mWRN[0m [1mChart not in catalog – skipping[0m [36mchart=[0m"D:\\helm_clones_artifacthub\\litmuschaos__litmus-helm\\charts\\litmus-agent\\charts\\chaos-exporter"
[90m1:23AM[0m [33mWRN[0m [1mChart not in catalog – skipping[0m [36mchart=[0m"D:\\helm_clones_artifacthub\\litmuschaos__litmus-helm\\charts\\litmus-agent\\charts\\chaos-operator"
[90m1:23AM[0m [33mWRN[0m [1mChart not in catalog – skipping[0m [36mchart=[0m"D:\\helm_clones_artifacthub\\litmuschaos__litmus-helm\\charts\\litmus-agent\\charts\\event-tracker"
[90m1:23AM[0m [33mWRN[0m [1mChart not in catalog – skipping[0m [36mchart=[0m"D:\\helm_clones_artifacthub\\litmuschaos__litmus-helm\\charts\\litmus-agent\\charts\\subscriber"
[90m1:23AM[0m [33mWRN[0m [1mChart not in catalog – skipping[0m [36mchart=[0m"D:\\helm_clones_artifacthub\\litmuschaos__litmus-helm\\charts\\litmus-agent\\charts\\workflow-controller"
[90m1:23AM[0m [33mWRN[0m [1mChart not in catalog – skipping[0m [36mchart=[0m"D:\\helm_clones_artifacthub\\litmuschaos__litmus-helm\\charts\\litmus-core"
[90m1:23AM[0m [32mINF[0m [1mProcessing repo[0m [36mrepo=[0mnacos-group/nacos-k8s [36mrepo_index=[0m391 [36mtotal=[0m486
[90m1:23AM[0m [32mINF[0m [1mAlready cloned – skipping[0m [36mdir=[0m"D:\\helm_clones_artifacthub\\nacos-group__nacos-k8s"
[90m1:23AM[0m [32mINF[0m [1mProcessing repo[0m [36mrepo=[0mnetrisai/charts [36mrepo_index=[0m392 [36mtotal=[0m486
[90m1:23AM[0m [32mINF[0m [1mAlready cloned – skipping[0m [36mdir=[0m"D:\\helm_clones_artifacthub\\netrisai__charts"
[90m1:23AM[0m [33mWRN[0m [1mChart not in catalog – skipping[0m [36mchart=[0m"D:\\helm_clones_artifacthub\\netrisai__charts\\charts\\netris-dpu-agent"
[90m1:23AM[0m [33mWRN[0m [1mChart not in catalog – skipping[0m [36mchart=[0m"D:\\helm_clones_artifacthub\\netrisai__charts\\charts\\netris-operator"
[90m1:23AM[0m [32mINF[0m [1mProcessing repo[0m [36mrepo=[0mnuclio/nuclio [36mrepo_index=[0m393 [36mtotal=[0m486
[90m1:23AM[0m [32mINF[0m [1mAlready cloned – skipping[0m [36mdir=[0m"D:\\helm_clones_artifacthub\\nuclio__nuclio"
[90m1:23AM[0m [32mINF[0m [1mProcessing repo[0m [36mrepo=[0mkubernetes/cloud-provider-openstack [36mrepo_index=[0m394 [36mtotal=[0m486
[90m1:23AM[0m [32mINF[0m [1mAlready cloned – skipping[0m [36mdir=[0m"D:\\helm_clones_artifacthub\\kubernetes__cloud-provider-openstack"
[90m1:23AM[0m [32mINF[0m [1mProcessing repo[0m [36mrepo=[0msecureCodeBox/secureCodeBox [36mrepo_index=[0m395 [36mtotal=[0m486
[90m1:23AM[0m [32mINF[0m [1mAlready cloned – skipping[0m [36mdir=[0m"D:\\helm_clones_artifacthub\\secureCodeBox__secureCodeBox"
[90m1:23AM[0m [32mINF[0m [1mProcessing repo[0m [36mrepo=[0mpuppetlabs/pupperware [36mrepo_index=[0m396 [36mtotal=[0m486
[90m1:23AM[0m [32mINF[0m [1mAlready cloned – skipping[0m [36mdir=[0m"D:\\helm_clones_artifacthub\\puppetlabs__pupperware"
[90m1:23AM[0m [33mWRN[0m [1mNo charts found – skipping[0m [36mrepo=[0mpuppetlabs/pupperware
[90m1:23AM[0m [32mINF[0m [1mProcessing repo[0m [36mrepo=[0mk8s-home-lab/helm-charts [36mrepo_index=[0m397 [36mtotal=[0m486
[90m1:23AM[0m [32mINF[0m [1mAlready cloned – skipping[0m [36mdir=[0m"D:\\helm_clones_artifacthub\\k8s-home-lab__helm-charts"
[90m1:23AM[0m [33mWRN[0m [1mChart not in catalog – skipping[0m [36mchart=[0m"D:\\helm_clones_artifacthub\\k8s-home-lab__helm-charts\\charts\\stable\\beets"
[90m1:23AM[0m [33mWRN[0m [1mChart not in catalog – skipping[0m [36mchart=[0m"D:\\helm_clones_artifacthub\\k8s-home-lab__helm-charts\\charts\\stable\\bitmagnet"
[90m1:23AM[0m [33mWRN[0m [1mChart not in catalog – skipping[0m [36mchart=[0m"D:\\helm_clones_artifacthub\\k8s-home-lab__helm-charts\\charts\\stable\\blocky"
[90m1:23AM[0m [33mWRN[0m [1mChart not in catalog – skipping[0m [36mchart=[0m"D:\\helm_clones_artifacthub\\k8s-home-lab__helm-charts\\charts\\stable\\calibre-web"
[90m1:23AM[0m [33mWRN[0m [1mChart not in catalog – skipping[0m [36mchart=[0m"D:\\helm_clones_artifacthub\\k8s-home-lab__helm-charts\\charts\\stable\\common"
[90m1:23AM[0m [33mWRN[0m [1mChart not in catalog – skipping[0m [36mchart=[0m"D:\\helm_clones_artifacthub\\k8s-home-lab__helm-charts\\charts\\stable\\common-test"
[90m1:23AM[0m [33mWRN[0m [1mChart not in catalog – skipping[0m [36mchart=[0m"D:\\helm_clones_artifacthub\\k8s-home-lab__helm-charts\\charts\\stable\\flaresolverr"
[90m1:23AM[0m [33mWRN[0m [1mChart not in catalog – skipping[0m [36mchart=[0m"D:\\helm_clones_artifacthub\\k8s-home-lab__helm-charts\\charts\\stable\\flood"
[90m1:23AM[0m [33mWRN[0m [1mChart not in catalog – skipping[0m [36mchart=[0m"D:\\helm_clones_artifacthub\\k8s-home-lab__helm-charts\\charts\\stable\\freshrss"
[90m1:23AM[0m [33mWRN[0m [1mChart not in catalog – skipping[0m [36mchart=[0m"D:\\helm_clones_artifacthub\\k8s-home-lab__helm-charts\\charts\\stable\\frigate"
[90m1:23AM[0m [33mWRN[0m [1mChart not in catalog – skipping[0m [36mchart=[0m"D:\\helm_clones_artifacthub\\k8s-home-lab__helm-charts\\charts\\stable\\ghost"
[90m1:23AM[0m [33mWRN[0m [1mChart not in catalog – skipping[0m [36mchart=[0m"D:\\helm_clones_artifacthub\\k8s-home-lab__helm-charts\\charts\\stable\\gitea"
[90m1:23AM[0m [33mWRN[0m [1mChart not in catalog – skipping[0m [36mchart=[0m"D:\\helm_clones_artifacthub\\k8s-home-lab__helm-charts\\charts\\stable\\home-assistant"
[90m1:23AM[0m [33mWRN[0m [1mChart not in catalog – skipping[0m [36mchart=[0m"D:\\helm_clones_artifacthub\\k8s-home-lab__helm-charts\\charts\\stable\\lidarr"
[90m1:23AM[0m [33mWRN[0m [1mChart not in catalog – skipping[0m [36mchart=[0m"D:\\helm_clones_artifacthub\\k8s-home-lab__helm-charts\\charts\\stable\\maddy"
[90m1:23AM[0m [33mWRN[0m [1mChart not in catalog – skipping[0m [36mchart=[0m"D:\\helm_clones_artifacthub\\k8s-home-lab__helm-charts\\charts\\stable\\ombi"
[90m1:23AM[0m [33mWRN[0m [1mChart not in catalog – skipping[0m [36mchart=[0m"D:\\helm_clones_artifacthub\\k8s-home-lab__helm-charts\\charts\\stable\\organizr"
[90m1:23AM[0m [33mWRN[0m [1mChart not in catalog – skipping[0m [36mchart=[0m"D:\\helm_clones_artifacthub\\k8s-home-lab__helm-charts\\charts\\stable\\paperless"
[90m1:23AM[0m [33mWRN[0m [1mChart not in catalog – skipping[0m [36mchart=[0m"D:\\helm_clones_artifacthub\\k8s-home-lab__helm-charts\\charts\\stable\\photoprism"
[90m1:23AM[0m [33mWRN[0m [1mChart not in catalog – skipping[0m [36mchart=[0m"D:\\helm_clones_artifacthub\\k8s-home-lab__helm-charts\\charts\\stable\\plex"
[90m1:23AM[0m [33mWRN[0m [1mChart not in catalog – skipping[0m [36mchart=[0m"D:\\helm_clones_artifacthub\\k8s-home-lab__helm-charts\\charts\\stable\\prowlarr"
[90m1:23AM[0m [33mWRN[0m [1mChart not in catalog – skipping[0m [36mchart=[0m"D:\\helm_clones_artifacthub\\k8s-home-lab__helm-charts\\charts\\stable\\qbittorrent"
[90m1:23AM[0m [33mWRN[0m [1mChart not in catalog – skipping[0m [36mchart=[0m"D:\\helm_clones_artifacthub\\k8s-home-lab__helm-charts\\charts\\stable\\radarr"
[90m1:23AM[0m [33mWRN[0m [1mChart not in catalog – skipping[0m [36mchart=[0m"D:\\helm_clones_artifacthub\\k8s-home-lab__helm-charts\\charts\\stable\\rdt-client"
[90m1:23AM[0m [33mWRN[0m [1mChart not in catalog – skipping[0m [36mchart=[0m"D:\\helm_clones_artifacthub\\k8s-home-lab__helm-charts\\charts\\stable\\readarr"
[90m1:23AM[0m [33mWRN[0m [1mChart not in catalog – skipping[0m [36mchart=[0m"D:\\helm_clones_artifacthub\\k8s-home-lab__helm-charts\\charts\\stable\\shinobi"
[90m1:23AM[0m [33mWRN[0m [1mChart not in catalog – skipping[0m [36mchart=[0m"D:\\helm_clones_artifacthub\\k8s-home-lab__helm-charts\\charts\\stable\\sonarr"
[90m1:23AM[0m [33mWRN[0m [1mChart not in catalog – skipping[0m [36mchart=[0m"D:\\helm_clones_artifacthub\\k8s-home-lab__helm-charts\\charts\\stable\\syncthing"
[90m1:23AM[0m [33mWRN[0m [1mChart not in catalog – skipping[0m [36mchart=[0m"D:\\helm_clones_artifacthub\\k8s-home-lab__helm-charts\\charts\\stable\\syslog-ng"
[90m1:23AM[0m [33mWRN[0m [1mChart not in catalog – skipping[0m [36mchart=[0m"D:\\helm_clones_artifacthub\\k8s-home-lab__helm-charts\\charts\\stable\\tautulli"
[90m1:23AM[0m [33mWRN[0m [1mChart not in catalog – skipping[0m [36mchart=[0m"D:\\helm_clones_artifacthub\\k8s-home-lab__helm-charts\\charts\\stable\\tdarr"
[90m1:23AM[0m [33mWRN[0m [1mChart not in catalog – skipping[0m [36mchart=[0m"D:\\helm_clones_artifacthub\\k8s-home-lab__helm-charts\\charts\\stable\\vaultwarden"
[90m1:23AM[0m [33mWRN[0m [1mChart not in catalog – skipping[0m [36mchart=[0m"D:\\helm_clones_artifacthub\\k8s-home-lab__helm-charts\\charts\\stable\\wireguard"
[90m1:23AM[0m [33mWRN[0m [1mChart not in catalog – skipping[0m [36mchart=[0m"D:\\helm_clones_artifacthub\\k8s-home-lab__helm-charts\\charts\\stable\\youtubedl-material"
[90m1:23AM[0m [33mWRN[0m [1mChart not in catalog – skipping[0m [36mchart=[0m"D:\\helm_clones_artifacthub\\k8s-home-lab__helm-charts\\charts\\stable\\zilean"
[90m1:23AM[0m [33mWRN[0m [1mChart not in catalog – skipping[0m [36mchart=[0m"D:\\helm_clones_artifacthub\\k8s-home-lab__helm-charts\\charts\\stable\\zurg"
[90m1:23AM[0m [33mWRN[0m [1mChart not in catalog – skipping[0m [36mchart=[0m"D:\\helm_clones_artifacthub\\k8s-home-lab__helm-charts\\templates\\chart"
[90m1:23AM[0m [33mWRN[0m [1mChart not in catalog – skipping[0m [36mchart=[0m"D:\\helm_clones_artifacthub\\k8s-home-lab__helm-charts\\unmaintained\\adguard-home"
[90m1:23AM[0m [33mWRN[0m [1mChart not in catalog – skipping[0m [36mchart=[0m"D:\\helm_clones_artifacthub\\k8s-home-lab__helm-charts\\unmaintained\\airsonic"
[90m1:23AM[0m [33mWRN[0m [1mChart not in catalog – skipping[0m [36mchart=[0m"D:\\helm_clones_artifacthub\\k8s-home-lab__helm-charts\\unmaintained\\alertmanager-bot"
[90m1:23AM[0m [33mWRN[0m [1mChart not in catalog – skipping[0m [36mchart=[0m"D:\\helm_clones_artifacthub\\k8s-home-lab__helm-charts\\unmaintained\\alertmanager-discord"
[90m1:23AM[0m [33mWRN[0m [1mChart not in catalog – skipping[0m [36mchart=[0m"D:\\helm_clones_artifacthub\\k8s-home-lab__helm-charts\\unmaintained\\amcrest2mqtt"
[90m1:23AM[0m [33mWRN[0m [1mChart not in catalog – skipping[0m [36mchart=[0m"D:\\helm_clones_artifacthub\\k8s-home-lab__helm-charts\\unmaintained\\anonaddy"
[90m1:23AM[0m [33mWRN[0m [1mChart not in catalog – skipping[0m [36mchart=[0m"D:\\helm_clones_artifacthub\\k8s-home-lab__helm-charts\\unmaintained\\apache-musicindex"
[90m1:23AM[0m [33mWRN[0m [1mChart not in catalog – skipping[0m [36mchart=[0m"D:\\helm_clones_artifacthub\\k8s-home-lab__helm-charts\\unmaintained\\appdaemon"
[90m1:23AM[0m [33mWRN[0m [1mChart not in catalog – skipping[0m [36mchart=[0m"D:\\helm_clones_artifacthub\\k8s-home-lab__helm-charts\\unmaintained\\aria2"
[90m1:23AM[0m [33mWRN[0m [1mChart not in catalog – skipping[0m [36mchart=[0m"D:\\helm_clones_artifacthub\\k8s-home-lab__helm-charts\\unmaintained\\audiobookshelf"
[90m1:23AM[0m [33mWRN[0m [1mChart not in catalog – skipping[0m [36mchart=[0m"D:\\helm_clones_artifacthub\\k8s-home-lab__helm-charts\\unmaintained\\autobrr"
[90m1:23AM[0m [33mWRN[0m [1mChart not in catalog – skipping[0m [36mchart=[0m"D:\\helm_clones_artifacthub\\k8s-home-lab__helm-charts\\unmaintained\\baikal"
[90m1:23AM[0m [33mWRN[0m [1mChart not in catalog – skipping[0m [36mchart=[0m"D:\\helm_clones_artifacthub\\k8s-home-lab__helm-charts\\unmaintained\\booksonic-air"
[90m1:23AM[0m [33mWRN[0m [1mChart not in catalog – skipping[0m [36mchart=[0m"D:\\helm_clones_artifacthub\\k8s-home-lab__helm-charts\\unmaintained\\bookstack"
[90m1:23AM[0m [33mWRN[0m [1mChart not in catalog – skipping[0m [36mchart=[0m"D:\\helm_clones_artifacthub\\k8s-home-lab__helm-charts\\unmaintained\\calibre"
[90m1:23AM[0m [33mWRN[0m [1mChart not in catalog – skipping[0m [36mchart=[0m"D:\\helm_clones_artifacthub\\k8s-home-lab__helm-charts\\unmaintained\\comcast"
[90m1:23AM[0m [33mWRN[0m [1mChart not in catalog – skipping[0m [36mchart=[0m"D:\\helm_clones_artifacthub\\k8s-home-lab__helm-charts\\unmaintained\\cryptofolio"
[90m1:23AM[0m [33mWRN[0m [1mChart not in catalog – skipping[0m [36mchart=[0m"D:\\helm_clones_artifacthub\\k8s-home-lab__helm-charts\\unmaintained\\deconz"
[90m1:23AM[0m [33mWRN[0m [1mChart not in catalog – skipping[0m [36mchart=[0m"D:\\helm_clones_artifacthub\\k8s-home-lab__helm-charts\\unmaintained\\deemix"
[90m1:23AM[0m [33mWRN[0m [1mChart not in catalog – skipping[0m [36mchart=[0m"D:\\helm_clones_artifacthub\\k8s-home-lab__helm-charts\\unmaintained\\deepstack"
[90m1:23AM[0m [33mWRN[0m [1mChart not in catalog – skipping[0m [36mchart=[0m"D:\\helm_clones_artifacthub\\k8s-home-lab__helm-charts\\unmaintained\\deluge"
[90m1:23AM[0m [33mWRN[0m [1mChart not in catalog – skipping[0m [36mchart=[0m"D:\\helm_clones_artifacthub\\k8s-home-lab__helm-charts\\unmaintained\\dizquetv"
[90m1:23AM[0m [33mWRN[0m [1mChart not in catalog – skipping[0m [36mchart=[0m"D:\\helm_clones_artifacthub\\k8s-home-lab__helm-charts\\unmaintained\\dnsmadeeasy-webhook"
[90m1:23AM[0m [33mWRN[0m [1mChart not in catalog – skipping[0m [36mchart=[0m"D:\\helm_clones_artifacthub\\k8s-home-lab__helm-charts\\unmaintained\\dokuwiki"
[90m1:23AM[0m [33mWRN[0m [1mChart not in catalog – skipping[0m [36mchart=[0m"D:\\helm_clones_artifacthub\\k8s-home-lab__helm-charts\\unmaintained\\double-take"
[90m1:23AM[0m [33mWRN[0m [1mChart not in catalog – skipping[0m [36mchart=[0m"D:\\helm_clones_artifacthub\\k8s-home-lab__helm-charts\\unmaintained\\dsmr-reader"
[90m1:23AM[0m [33mWRN[0m [1mChart not in catalog – skipping[0m [36mchart=[0m"D:\\helm_clones_artifacthub\\k8s-home-lab__helm-charts\\unmaintained\\duplicati"
[90m1:23AM[0m [33mWRN[0m [1mChart not in catalog – skipping[0m [36mchart=[0m"D:\\helm_clones_artifacthub\\k8s-home-lab__helm-charts\\unmaintained\\emby"
[90m1:23AM[0m [33mWRN[0m [1mChart not in catalog – skipping[0m [36mchart=[0m"D:\\helm_clones_artifacthub\\k8s-home-lab__helm-charts\\unmaintained\\error-pages"
[90m1:23AM[0m [33mWRN[0m [1mChart not in catalog – skipping[0m [36mchart=[0m"D:\\helm_clones_artifacthub\\k8s-home-lab__helm-charts\\unmaintained\\esphome"
[90m1:23AM[0m [33mWRN[0m [1mChart not in catalog – skipping[0m [36mchart=[0m"D:\\helm_clones_artifacthub\\k8s-home-lab__helm-charts\\unmaintained\\facebox"
[90m1:23AM[0m [33mWRN[0m [1mChart not in catalog – skipping[0m [36mchart=[0m"D:\\helm_clones_artifacthub\\k8s-home-lab__helm-charts\\unmaintained\\factorio"
[90m1:23AM[0m [33mWRN[0m [1mChart not in catalog – skipping[0m [36mchart=[0m"D:\\helm_clones_artifacthub\\k8s-home-lab__helm-charts\\unmaintained\\filebrowser"
[90m1:23AM[0m [33mWRN[0m [1mChart not in catalog – skipping[0m [36mchart=[0m"D:\\helm_clones_artifacthub\\k8s-home-lab__helm-charts\\unmaintained\\firefly-iii"
[90m1:23AM[0m [33mWRN[0m [1mChart not in catalog – skipping[0m [36mchart=[0m"D:\\helm_clones_artifacthub\\k8s-home-lab__helm-charts\\unmaintained\\focalboard"
[90m1:23AM[0m [33mWRN[0m [1mChart not in catalog – skipping[0m [36mchart=[0m"D:\\helm_clones_artifacthub\\k8s-home-lab__helm-charts\\unmaintained\\foundryvtt"
[90m1:23AM[0m [33mWRN[0m [1mChart not in catalog – skipping[0m [36mchart=[0m"D:\\helm_clones_artifacthub\\k8s-home-lab__helm-charts\\unmaintained\\freshrss"
[90m1:23AM[0m [33mWRN[0m [1mChart not in catalog – skipping[0m [36mchart=[0m"D:\\helm_clones_artifacthub\\k8s-home-lab__helm-charts\\unmaintained\\games-on-whales"
[90m1:23AM[0m [33mWRN[0m [1mChart not in catalog – skipping[0m [36mchart=[0m"D:\\helm_clones_artifacthub\\k8s-home-lab__helm-charts\\unmaintained\\gaps"
[90m1:23AM[0m [33mWRN[0m [1mChart not in catalog – skipping[0m [36mchart=[0m"D:\\helm_clones_artifacthub\\k8s-home-lab__helm-charts\\unmaintained\\gatus"
[90m1:23AM[0m [33mWRN[0m [1mChart not in catalog – skipping[0m [36mchart=[0m"D:\\helm_clones_artifacthub\\k8s-home-lab__helm-charts\\unmaintained\\gollum"
[90m1:23AM[0m [33mWRN[0m [1mChart not in catalog – skipping[0m [36mchart=[0m"D:\\helm_clones_artifacthub\\k8s-home-lab__helm-charts\\unmaintained\\gonic"
[90m1:23AM[0m [33mWRN[0m [1mChart not in catalog – skipping[0m [36mchart=[0m"D:\\helm_clones_artifacthub\\k8s-home-lab__helm-charts\\unmaintained\\gotify"
[90m1:23AM[0m [33mWRN[0m [1mChart not in catalog – skipping[0m [36mchart=[0m"D:\\helm_clones_artifacthub\\k8s-home-lab__helm-charts\\unmaintained\\grocy"
[90m1:23AM[0m [33mWRN[0m [1mChart not in catalog – skipping[0m [36mchart=[0m"D:\\helm_clones_artifacthub\\k8s-home-lab__helm-charts\\unmaintained\\haste-server"
[90m1:23AM[0m [33mWRN[0m [1mChart not in catalog – skipping[0m [36mchart=[0m"D:\\helm_clones_artifacthub\\k8s-home-lab__helm-charts\\unmaintained\\healthchecks"
[90m1:23AM[0m [33mWRN[0m [1mChart not in catalog – skipping[0m [36mchart=[0m"D:\\helm_clones_artifacthub\\k8s-home-lab__helm-charts\\unmaintained\\heimdall"
[90m1:23AM[0m [33mWRN[0m [1mChart not in catalog – skipping[0m [36mchart=[0m"D:\\helm_clones_artifacthub\\k8s-home-lab__helm-charts\\unmaintained\\homebridge"
[90m1:23AM[0m [33mWRN[0m [1mChart not in catalog – skipping[0m [36mchart=[0m"D:\\helm_clones_artifacthub\\k8s-home-lab__helm-charts\\unmaintained\\homer"
[90m1:23AM[0m [33mWRN[0m [1mChart not in catalog – skipping[0m [36mchart=[0m"D:\\helm_clones_artifacthub\\k8s-home-lab__helm-charts\\unmaintained\\hyperion-ng"
[90m1:23AM[0m [33mWRN[0m [1mChart not in catalog – skipping[0m [36mchart=[0m"D:\\helm_clones_artifacthub\\k8s-home-lab__helm-charts\\unmaintained\\icantbelieveitsnotvaletudo"
[90m1:23AM[0m [33mWRN[0m [1mChart not in catalog – skipping[0m [36mchart=[0m"D:\\helm_clones_artifacthub\\k8s-home-lab__helm-charts\\unmaintained\\icinga2"
[90m1:23AM[0m [33mWRN[0m [1mChart not in catalog – skipping[0m [36mchart=[0m"D:\\helm_clones_artifacthub\\k8s-home-lab__helm-charts\\unmaintained\\ihatemoney"
[90m1:23AM[0m [33mWRN[0m [1mChart not in catalog – skipping[0m [36mchart=[0m"D:\\helm_clones_artifacthub\\k8s-home-lab__helm-charts\\unmaintained\\influxdb-exporter"
[90m1:23AM[0m [33mWRN[0m [1mChart not in catalog – skipping[0m [36mchart=[0m"D:\\helm_clones_artifacthub\\k8s-home-lab__helm-charts\\unmaintained\\intel-gpu-plugin"
[90m1:23AM[0m [33mWRN[0m [1mChart not in catalog – skipping[0m [36mchart=[0m"D:\\helm_clones_artifacthub\\k8s-home-lab__helm-charts\\unmaintained\\jackett"
[90m1:23AM[0m [33mWRN[0m [1mChart not in catalog – skipping[0m [36mchart=[0m"D:\\helm_clones_artifacthub\\k8s-home-lab__helm-charts\\unmaintained\\jellyfin"
[90m1:23AM[0m [33mWRN[0m [1mChart not in catalog – skipping[0m [36mchart=[0m"D:\\helm_clones_artifacthub\\k8s-home-lab__helm-charts\\unmaintained\\joplin-server"
[90m1:23AM[0m [33mWRN[0m [1mChart not in catalog – skipping[0m [36mchart=[0m"D:\\helm_clones_artifacthub\\k8s-home-lab__helm-charts\\unmaintained\\kanboard"
[90m1:23AM[0m [33mWRN[0m [1mChart not in catalog – skipping[0m [36mchart=[0m"D:\\helm_clones_artifacthub\\k8s-home-lab__helm-charts\\unmaintained\\komga"
[90m1:23AM[0m [33mWRN[0m [1mChart not in catalog – skipping[0m [36mchart=[0m"D:\\helm_clones_artifacthub\\k8s-home-lab__helm-charts\\unmaintained\\kube-ops-view"
[90m1:23AM[0m [33mWRN[0m [1mChart not in catalog – skipping[0m [36mchart=[0m"D:\\helm_clones_artifacthub\\k8s-home-lab__helm-charts\\unmaintained\\lazylibrarian"
[90m1:23AM[0m [33mWRN[0m [1mChart not in catalog – skipping[0m [36mchart=[0m"D:\\helm_clones_artifacthub\\k8s-home-lab__helm-charts\\unmaintained\\leaf2mqtt"
[90m1:23AM[0m [33mWRN[0m [1mChart not in catalog – skipping[0m [36mchart=[0m"D:\\helm_clones_artifacthub\\k8s-home-lab__helm-charts\\unmaintained\\librespeed"
[90m1:23AM[0m [33mWRN[0m [1mChart not in catalog – skipping[0m [36mchart=[0m"D:\\helm_clones_artifacthub\\k8s-home-lab__helm-charts\\unmaintained\\littlelink-server"
[90m1:23AM[0m [33mWRN[0m [1mChart not in catalog – skipping[0m [36mchart=[0m"D:\\helm_clones_artifacthub\\k8s-home-lab__helm-charts\\unmaintained\\lychee"
[90m1:23AM[0m [33mWRN[0m [1mChart not in catalog – skipping[0m [36mchart=[0m"D:\\helm_clones_artifacthub\\k8s-home-lab__helm-charts\\unmaintained\\magic-mirror"
[90m1:23AM[0m [33mWRN[0m [1mChart not in catalog – skipping[0m [36mchart=[0m"D:\\helm_clones_artifacthub\\k8s-home-lab__helm-charts\\unmaintained\\mealie"
[90m1:23AM[0m [33mWRN[0m [1mChart not in catalog – skipping[0m [36mchart=[0m"D:\\helm_clones_artifacthub\\k8s-home-lab__helm-charts\\unmaintained\\miniflux"
[90m1:23AM[0m [33mWRN[0m [1mChart not in catalog – skipping[0m [36mchart=[0m"D:\\helm_clones_artifacthub\\k8s-home-lab__helm-charts\\unmaintained\\minio-console"
[90m1:23AM[0m [33mWRN[0m [1mChart not in catalog – skipping[0m [36mchart=[0m"D:\\helm_clones_artifacthub\\k8s-home-lab__helm-charts\\unmaintained\\modem-stats"
[90m1:23AM[0m [33mWRN[0m [1mChart not in catalog – skipping[0m [36mchart=[0m"D:\\helm_clones_artifacthub\\k8s-home-lab__helm-charts\\unmaintained\\monica"
[90m1:23AM[0m [33mWRN[0m [1mChart not in catalog – skipping[0m [36mchart=[0m"D:\\helm_clones_artifacthub\\k8s-home-lab__helm-charts\\unmaintained\\mosquitto"
[90m1:23AM[0m [33mWRN[0m [1mChart not in catalog – skipping[0m [36mchart=[0m"D:\\helm_clones_artifacthub\\k8s-home-lab__helm-charts\\unmaintained\\mqtt-exporter"
[90m1:23AM[0m [33mWRN[0m [1mChart not in catalog – skipping[0m [36mchart=[0m"D:\\helm_clones_artifacthub\\k8s-home-lab__helm-charts\\unmaintained\\multus"
[90m1:23AM[0m [33mWRN[0m [1mChart not in catalog – skipping[0m [36mchart=[0m"D:\\helm_clones_artifacthub\\k8s-home-lab__helm-charts\\unmaintained\\mylar"
[90m1:23AM[0m [33mWRN[0m [1mChart not in catalog – skipping[0m [36mchart=[0m"D:\\helm_clones_artifacthub\\k8s-home-lab__helm-charts\\unmaintained\\navidrome"
[90m1:23AM[0m [33mWRN[0m [1mChart not in catalog – skipping[0m [36mchart=[0m"D:\\helm_clones_artifacthub\\k8s-home-lab__helm-charts\\unmaintained\\neolink"
[90m1:23AM[0m [33mWRN[0m [1mChart not in catalog – skipping[0m [36mchart=[0m"D:\\helm_clones_artifacthub\\k8s-home-lab__helm-charts\\unmaintained\\network-ups-tools"
[90m1:23AM[0m [33mWRN[0m [1mChart not in catalog – skipping[0m [36mchart=[0m"D:\\helm_clones_artifacthub\\k8s-home-lab__helm-charts\\unmaintained\\nginx-php"
[90m1:23AM[0m [33mWRN[0m [1mChart not in catalog – skipping[0m [36mchart=[0m"D:\\helm_clones_artifacthub\\k8s-home-lab__helm-charts\\unmaintained\\nightscout"
[90m1:23AM[0m [33mWRN[0m [1mChart not in catalog – skipping[0m [36mchart=[0m"D:\\helm_clones_artifacthub\\k8s-home-lab__helm-charts\\unmaintained\\node-red"
[90m1:23AM[0m [33mWRN[0m [1mChart not in catalog – skipping[0m [36mchart=[0m"D:\\helm_clones_artifacthub\\k8s-home-lab__helm-charts\\unmaintained\\ntfy"
[90m1:23AM[0m [33mWRN[0m [1mChart not in catalog – skipping[0m [36mchart=[0m"D:\\helm_clones_artifacthub\\k8s-home-lab__helm-charts\\unmaintained\\nullserv"
[90m1:23AM[0m [33mWRN[0m [1mChart not in catalog – skipping[0m [36mchart=[0m"D:\\helm_clones_artifacthub\\k8s-home-lab__helm-charts\\unmaintained\\nzbget"
[90m1:23AM[0m [33mWRN[0m [1mChart not in catalog – skipping[0m [36mchart=[0m"D:\\helm_clones_artifacthub\\k8s-home-lab__helm-charts\\unmaintained\\nzbhydra2"
[90m1:23AM[0m [33mWRN[0m [1mChart not in catalog – skipping[0m [36mchart=[0m"D:\\helm_clones_artifacthub\\k8s-home-lab__helm-charts\\unmaintained\\octoprint"
[90m1:23AM[0m [33mWRN[0m [1mChart not in catalog – skipping[0m [36mchart=[0m"D:\\helm_clones_artifacthub\\k8s-home-lab__helm-charts\\unmaintained\\omada-controller"
[90m1:23AM[0m [33mWRN[0m [1mChart not in catalog – skipping[0m [36mchart=[0m"D:\\helm_clones_artifacthub\\k8s-home-lab__helm-charts\\unmaintained\\onedrive"
[90m1:23AM[0m [33mWRN[0m [1mChart not in catalog – skipping[0m [36mchart=[0m"D:\\helm_clones_artifacthub\\k8s-home-lab__helm-charts\\unmaintained\\openemr"
[90m1:23AM[0m [33mWRN[0m [1mChart not in catalog – skipping[0m [36mchart=[0m"D:\\helm_clones_artifacthub\\k8s-home-lab__helm-charts\\unmaintained\\openkm"
[90m1:23AM[0m [33mWRN[0m [1mChart not in catalog – skipping[0m [36mchart=[0m"D:\\helm_clones_artifacthub\\k8s-home-lab__helm-charts\\unmaintained\\otel-collector"
[90m1:23AM[0m [33mWRN[0m [1mChart not in catalog – skipping[0m [36mchart=[0m"D:\\helm_clones_artifacthub\\k8s-home-lab__helm-charts\\unmaintained\\overleaf"
[90m1:23AM[0m [33mWRN[0m [1mChart not in catalog – skipping[0m [36mchart=[0m"D:\\helm_clones_artifacthub\\k8s-home-lab__helm-charts\\unmaintained\\overseerr"
[90m1:23AM[0m [33mWRN[0m [1mChart not in catalog – skipping[0m [36mchart=[0m"D:\\helm_clones_artifacthub\\k8s-home-lab__helm-charts\\unmaintained\\owncast"
[90m1:23AM[0m [33mWRN[0m [1mChart not in catalog – skipping[0m [36mchart=[0m"D:\\helm_clones_artifacthub\\k8s-home-lab__helm-charts\\unmaintained\\owncloud-ocis"
[90m1:23AM[0m [33mWRN[0m [1mChart not in catalog – skipping[0m [36mchart=[0m"D:\\helm_clones_artifacthub\\k8s-home-lab__helm-charts\\unmaintained\\pod-gateway"
[90m1:23AM[0m [33mWRN[0m [1mChart not in catalog – skipping[0m [36mchart=[0m"D:\\helm_clones_artifacthub\\k8s-home-lab__helm-charts\\unmaintained\\powerdns-admin"
[90m1:23AM[0m [33mWRN[0m [1mChart not in catalog – skipping[0m [36mchart=[0m"D:\\helm_clones_artifacthub\\k8s-home-lab__helm-charts\\unmaintained\\pretend-youre-xyzzy"
[90m1:23AM[0m [33mWRN[0m [1mChart not in catalog – skipping[0m [36mchart=[0m"D:\\helm_clones_artifacthub\\k8s-home-lab__helm-charts\\unmaintained\\privatebin"
[90m1:23AM[0m [33mWRN[0m [1mChart not in catalog – skipping[0m [36mchart=[0m"D:\\helm_clones_artifacthub\\k8s-home-lab__helm-charts\\unmaintained\\promcord"
[90m1:23AM[0m [33mWRN[0m [1mChart not in catalog – skipping[0m [36mchart=[0m"D:\\helm_clones_artifacthub\\k8s-home-lab__helm-charts\\unmaintained\\prometheus-nut-exporter"
[90m1:23AM[0m [33mWRN[0m [1mChart not in catalog – skipping[0m [36mchart=[0m"D:\\helm_clones_artifacthub\\k8s-home-lab__helm-charts\\unmaintained\\protonmail-bridge"
[90m1:23AM[0m [33mWRN[0m [1mChart not in catalog – skipping[0m [36mchart=[0m"D:\\helm_clones_artifacthub\\k8s-home-lab__helm-charts\\unmaintained\\puppeteer"
[90m1:23AM[0m [33mWRN[0m [1mChart not in catalog – skipping[0m [36mchart=[0m"D:\\helm_clones_artifacthub\\k8s-home-lab__helm-charts\\unmaintained\\pyload"
[90m1:23AM[0m [33mWRN[0m [1mChart not in catalog – skipping[0m [36mchart=[0m"D:\\helm_clones_artifacthub\\k8s-home-lab__helm-charts\\unmaintained\\radicale"
[90m1:23AM[0m [33mWRN[0m [1mChart not in catalog – skipping[0m [36mchart=[0m"D:\\helm_clones_artifacthub\\k8s-home-lab__helm-charts\\unmaintained\\recipes"
[90m1:23AM[0m [33mWRN[0m [1mChart not in catalog – skipping[0m [36mchart=[0m"D:\\helm_clones_artifacthub\\k8s-home-lab__helm-charts\\unmaintained\\resilio-sync"
[90m1:23AM[0m [33mWRN[0m [1mChart not in catalog – skipping[0m [36mchart=[0m"D:\\helm_clones_artifacthub\\k8s-home-lab__helm-charts\\unmaintained\\reverse-proxy"
[90m1:23AM[0m [33mWRN[0m [1mChart not in catalog – skipping[0m [36mchart=[0m"D:\\helm_clones_artifacthub\\k8s-home-lab__helm-charts\\unmaintained\\rhasspy"
[90m1:23AM[0m [33mWRN[0m [1mChart not in catalog – skipping[0m [36mchart=[0m"D:\\helm_clones_artifacthub\\k8s-home-lab__helm-charts\\unmaintained\\rtorrent-flood"
[90m1:23AM[0m [33mWRN[0m [1mChart not in catalog – skipping[0m [36mchart=[0m"D:\\helm_clones_artifacthub\\k8s-home-lab__helm-charts\\unmaintained\\rtorrent-rutorrent"
[90m1:23AM[0m [33mWRN[0m [1mChart not in catalog – skipping[0m [36mchart=[0m"D:\\helm_clones_artifacthub\\k8s-home-lab__helm-charts\\unmaintained\\rtsp-to-web"
[90m1:23AM[0m [33mWRN[0m [1mChart not in catalog – skipping[0m [36mchart=[0m"D:\\helm_clones_artifacthub\\k8s-home-lab__helm-charts\\unmaintained\\sabnzbd"
[90m1:23AM[0m [33mWRN[0m [1mChart not in catalog – skipping[0m [36mchart=[0m"D:\\helm_clones_artifacthub\\k8s-home-lab__helm-charts\\unmaintained\\samba"
[90m1:23AM[0m [33mWRN[0m [1mChart not in catalog – skipping[0m [36mchart=[0m"D:\\helm_clones_artifacthub\\k8s-home-lab__helm-charts\\unmaintained\\satisfactory"
[90m1:23AM[0m [33mWRN[0m [1mChart not in catalog – skipping[0m [36mchart=[0m"D:\\helm_clones_artifacthub\\k8s-home-lab__helm-charts\\unmaintained\\seafile"
[90m1:23AM[0m [33mWRN[0m [1mChart not in catalog – skipping[0m [36mchart=[0m"D:\\helm_clones_artifacthub\\k8s-home-lab__helm-charts\\unmaintained\\searx"
[90m1:23AM[0m [33mWRN[0m [1mChart not in catalog – skipping[0m [36mchart=[0m"D:\\helm_clones_artifacthub\\k8s-home-lab__helm-charts\\unmaintained\\send"
[90m1:23AM[0m [33mWRN[0m [1mChart not in catalog – skipping[0m [36mchart=[0m"D:\\helm_clones_artifacthub\\k8s-home-lab__helm-charts\\unmaintained\\ser2sock"
[90m1:23AM[0m [33mWRN[0m [1mChart not in catalog – skipping[0m [36mchart=[0m"D:\\helm_clones_artifacthub\\k8s-home-lab__helm-charts\\unmaintained\\sharry"
[90m1:23AM[0m [33mWRN[0m [1mChart not in catalog – skipping[0m [36mchart=[0m"D:\\helm_clones_artifacthub\\k8s-home-lab__helm-charts\\unmaintained\\shlink"
[90m1:23AM[0m [33mWRN[0m [1mChart not in catalog – skipping[0m [36mchart=[0m"D:\\helm_clones_artifacthub\\k8s-home-lab__helm-charts\\unmaintained\\smarter-device-manager"
[90m1:23AM[0m [33mWRN[0m [1mChart not in catalog – skipping[0m [36mchart=[0m"D:\\helm_clones_artifacthub\\k8s-home-lab__helm-charts\\unmaintained\\speedtest-exporter"
[90m1:23AM[0m [33mWRN[0m [1mChart not in catalog – skipping[0m [36mchart=[0m"D:\\helm_clones_artifacthub\\k8s-home-lab__helm-charts\\unmaintained\\stash"
[90m1:23AM[0m [33mWRN[0m [1mChart not in catalog – skipping[0m [36mchart=[0m"D:\\helm_clones_artifacthub\\k8s-home-lab__helm-charts\\unmaintained\\statping"
[90m1:23AM[0m [33mWRN[0m [1mChart not in catalog – skipping[0m [36mchart=[0m"D:\\helm_clones_artifacthub\\k8s-home-lab__helm-charts\\unmaintained\\teedy"
[90m1:23AM[0m [33mWRN[0m [1mChart not in catalog – skipping[0m [36mchart=[0m"D:\\helm_clones_artifacthub\\k8s-home-lab__helm-charts\\unmaintained\\teslamate"
[90m1:23AM[0m [33mWRN[0m [1mChart not in catalog – skipping[0m [36mchart=[0m"D:\\helm_clones_artifacthub\\k8s-home-lab__helm-charts\\unmaintained\\thelounge"
[90m1:23AM[0m [33mWRN[0m [1mChart not in catalog – skipping[0m [36mchart=[0m"D:\\helm_clones_artifacthub\\k8s-home-lab__helm-charts\\unmaintained\\theme-park"
[90m1:23AM[0m [33mWRN[0m [1mChart not in catalog – skipping[0m [36mchart=[0m"D:\\helm_clones_artifacthub\\k8s-home-lab__helm-charts\\unmaintained\\traefik-forward-auth"
[90m1:23AM[0m [33mWRN[0m [1mChart not in catalog – skipping[0m [36mchart=[0m"D:\\helm_clones_artifacthub\\k8s-home-lab__helm-charts\\unmaintained\\transmission"
[90m1:23AM[0m [33mWRN[0m [1mChart not in catalog – skipping[0m [36mchart=[0m"D:\\helm_clones_artifacthub\\k8s-home-lab__helm-charts\\unmaintained\\tt-rss"
[90m1:23AM[0m [33mWRN[0m [1mChart not in catalog – skipping[0m [36mchart=[0m"D:\\helm_clones_artifacthub\\k8s-home-lab__helm-charts\\unmaintained\\tvheadend"
[90m1:23AM[0m [33mWRN[0m [1mChart not in catalog – skipping[0m [36mchart=[0m"D:\\helm_clones_artifacthub\\k8s-home-lab__helm-charts\\unmaintained\\unifi"
[90m1:23AM[0m [33mWRN[0m [1mChart not in catalog – skipping[0m [36mchart=[0m"D:\\helm_clones_artifacthub\\k8s-home-lab__helm-charts\\unmaintained\\unifi-poller"
[90m1:23AM[0m [33mWRN[0m [1mChart not in catalog – skipping[0m [36mchart=[0m"D:\\helm_clones_artifacthub\\k8s-home-lab__helm-charts\\unmaintained\\unpackerr"
[90m1:23AM[0m [33mWRN[0m [1mChart not in catalog – skipping[0m [36mchart=[0m"D:\\helm_clones_artifacthub\\k8s-home-lab__helm-charts\\unmaintained\\uptime-kuma"
[90m1:23AM[0m [33mWRN[0m [1mChart not in catalog – skipping[0m [36mchart=[0m"D:\\helm_clones_artifacthub\\k8s-home-lab__helm-charts\\unmaintained\\uptimerobot"
[90m1:23AM[0m [33mWRN[0m [1mChart not in catalog – skipping[0m [36mchart=[0m"D:\\helm_clones_artifacthub\\k8s-home-lab__helm-charts\\unmaintained\\uptimerobot-prometheus"
[90m1:23AM[0m [33mWRN[0m [1mChart not in catalog – skipping[0m [36mchart=[0m"D:\\helm_clones_artifacthub\\k8s-home-lab__helm-charts\\unmaintained\\valheim"
[90m1:23AM[0m [33mWRN[0m [1mChart not in catalog – skipping[0m [36mchart=[0m"D:\\helm_clones_artifacthub\\k8s-home-lab__helm-charts\\unmaintained\\vikunja"
[90m1:23AM[0m [33mWRN[0m [1mChart not in catalog – skipping[0m [36mchart=[0m"D:\\helm_clones_artifacthub\\k8s-home-lab__helm-charts\\unmaintained\\wallabag"
[90m1:23AM[0m [33mWRN[0m [1mChart not in catalog – skipping[0m [36mchart=[0m"D:\\helm_clones_artifacthub\\k8s-home-lab__helm-charts\\unmaintained\\webtrees"
[90m1:23AM[0m [33mWRN[0m [1mChart not in catalog – skipping[0m [36mchart=[0m"D:\\helm_clones_artifacthub\\k8s-home-lab__helm-charts\\unmaintained\\whoogle"
[90m1:23AM[0m [33mWRN[0m [1mChart not in catalog – skipping[0m [36mchart=[0m"D:\\helm_clones_artifacthub\\k8s-home-lab__helm-charts\\unmaintained\\wikijs"
[90m1:23AM[0m [33mWRN[0m [1mChart not in catalog – skipping[0m [36mchart=[0m"D:\\helm_clones_artifacthub\\k8s-home-lab__helm-charts\\unmaintained\\wireguard-pia"
[90m1:23AM[0m [33mWRN[0m [1mChart not in catalog – skipping[0m [36mchart=[0m"D:\\helm_clones_artifacthub\\k8s-home-lab__helm-charts\\unmaintained\\wmbusmeters"
[90m1:23AM[0m [33mWRN[0m [1mChart not in catalog – skipping[0m [36mchart=[0m"D:\\helm_clones_artifacthub\\k8s-home-lab__helm-charts\\unmaintained\\xbackbone"
[90m1:23AM[0m [33mWRN[0m [1mChart not in catalog – skipping[0m [36mchart=[0m"D:\\helm_clones_artifacthub\\k8s-home-lab__helm-charts\\unmaintained\\xbvr"
[90m1:23AM[0m [33mWRN[0m [1mChart not in catalog – skipping[0m [36mchart=[0m"D:\\helm_clones_artifacthub\\k8s-home-lab__helm-charts\\unmaintained\\xteve"
[90m1:23AM[0m [33mWRN[0m [1mChart not in catalog – skipping[0m [36mchart=[0m"D:\\helm_clones_artifacthub\\k8s-home-lab__helm-charts\\unmaintained\\zalando-postgres-cluster"
[90m1:23AM[0m [33mWRN[0m [1mChart not in catalog – skipping[0m [36mchart=[0m"D:\\helm_clones_artifacthub\\k8s-home-lab__helm-charts\\unmaintained\\zigbee2mqtt"
[90m1:23AM[0m [33mWRN[0m [1mChart not in catalog – skipping[0m [36mchart=[0m"D:\\helm_clones_artifacthub\\k8s-home-lab__helm-charts\\unmaintained\\zwavejs2mqtt"
[90m1:23AM[0m [32mINF[0m [1mProcessing repo[0m [36mrepo=[0msysdiglabs/charts [36mrepo_index=[0m398 [36mtotal=[0m486
[90m1:23AM[0m [32mINF[0m [1mAlready cloned – skipping[0m [36mdir=[0m"D:\\helm_clones_artifacthub\\sysdiglabs__charts"
[90m1:23AM[0m [32mINF[0m [1mProcessing repo[0m [36mrepo=[0mprometheus/statsd_exporter [36mrepo_index=[0m399 [36mtotal=[0m486
[90m1:23AM[0m [32mINF[0m [1mAlready cloned – skipping[0m [36mdir=[0m"D:\\helm_clones_artifacthub\\prometheus__statsd_exporter"
[90m1:23AM[0m [33mWRN[0m [1mNo charts found – skipping[0m [36mrepo=[0mprometheus/statsd_exporter
[90m1:23AM[0m [32mINF[0m [1mProcessing repo[0m [36mrepo=[0marequs/beaverdeck [36mrepo_index=[0m400 [36mtotal=[0m486
[90m1:23AM[0m [32mINF[0m [1mAlready cloned – skipping[0m [36mdir=[0m"D:\\helm_clones_artifacthub\\arequs__beaverdeck"
[90m1:23AM[0m [32mINF[0m [1mProcessing repo[0m [36mrepo=[0mcert-manager/istio-csr [36mrepo_index=[0m401 [36mtotal=[0m486
[90m1:23AM[0m [32mINF[0m [1mAlready cloned – skipping[0m [36mdir=[0m"D:\\helm_clones_artifacthub\\cert-manager__istio-csr"
[90m1:23AM[0m [32mINF[0m [1mProcessing repo[0m [36mrepo=[0mcdr/enterprise-helm [36mrepo_index=[0m402 [36mtotal=[0m486
[90m1:23AM[0m [32mINF[0m [1mAlready cloned – skipping[0m [36mdir=[0m"D:\\helm_clones_artifacthub\\cdr__enterprise-helm"
[90m1:23AM[0m [32mINF[0m [1mProcessing repo[0m [36mrepo=[0mepinio/epinio [36mrepo_index=[0m403 [36mtotal=[0m486
[90m1:23AM[0m [32mINF[0m [1mAlready cloned – skipping[0m [36mdir=[0m"D:\\helm_clones_artifacthub\\epinio__epinio"
[90m1:23AM[0m [33mWRN[0m [1mNo charts found – skipping[0m [36mrepo=[0mepinio/epinio
[90m1:23AM[0m [32mINF[0m [1mProcessing repo[0m [36mrepo=[0mGluuFederation/cloud-native-edition [36mrepo_index=[0m404 [36mtotal=[0m486
[90m1:23AM[0m [32mINF[0m [1mAlready cloned – skipping[0m [36mdir=[0m"D:\\helm_clones_artifacthub\\GluuFederation__cloud-native-edition"
[90m1:23AM[0m [32mINF[0m [1mProcessing repo[0m [36mrepo=[0mgraylog2/graylog-helm [36mrepo_index=[0m405 [36mtotal=[0m486
[90m1:23AM[0m [32mINF[0m [1mAlready cloned – skipping[0m [36mdir=[0m"D:\\helm_clones_artifacthub\\graylog2__graylog-helm"
[90m1:23AM[0m [32mINF[0m [1mProcessing repo[0m [36mrepo=[0mJanssenProject/jans [36mrepo_index=[0m406 [36mtotal=[0m486
[90m1:23AM[0m [32mINF[0m [1mAlready cloned – skipping[0m [36mdir=[0m"D:\\helm_clones_artifacthub\\JanssenProject__jans"
[90m1:23AM[0m [32mINF[0m [1mProcessing repo[0m [36mrepo=[0mkeptn/lifecycle-toolkit [36mrepo_index=[0m407 [36mtotal=[0m486
[90m1:23AM[0m [32mINF[0m [1mAlready cloned – skipping[0m [36mdir=[0m"D:\\helm_clones_artifacthub\\keptn__lifecycle-toolkit"
[90m1:23AM[0m [33mWRN[0m [1mChart not in catalog – skipping[0m [36mchart=[0m"D:\\helm_clones_artifacthub\\keptn__lifecycle-toolkit\\lifecycle-operator\\chart"
[90m1:23AM[0m [33mWRN[0m [1mChart not in catalog – skipping[0m [36mchart=[0m"D:\\helm_clones_artifacthub\\keptn__lifecycle-toolkit\\metrics-operator\\chart"
[90m1:23AM[0m [32mINF[0m [1mProcessing repo[0m [36mrepo=[0mpostfinance/kubelet-csr-approver [36mrepo_index=[0m408 [36mtotal=[0m486
[90m1:23AM[0m [32mINF[0m [1mAlready cloned – skipping[0m [36mdir=[0m"D:\\helm_clones_artifacthub\\postfinance__kubelet-csr-approver"
[90m1:23AM[0m [32mINF[0m [1mProcessing repo[0m [36mrepo=[0mlightrun-platform/lightrun-helm-chart [36mrepo_index=[0m409 [36mtotal=[0m486
[90m1:23AM[0m [32mINF[0m [1mAlready cloned – skipping[0m [36mdir=[0m"D:\\helm_clones_artifacthub\\lightrun-platform__lightrun-helm-chart"
[90m1:23AM[0m [32mINF[0m [1mProcessing repo[0m [36mrepo=[0mdunglas/mercure [36mrepo_index=[0m410 [36mtotal=[0m486
[90m1:23AM[0m [32mINF[0m [1mAlready cloned – skipping[0m [36mdir=[0m"D:\\helm_clones_artifacthub\\dunglas__mercure"
[90m1:23AM[0m [32mINF[0m [1mProcessing repo[0m [36mrepo=[0mkuoss/myip [36mrepo_index=[0m411 [36mtotal=[0m486
[90m1:23AM[0m [32mINF[0m [1mAlready cloned – skipping[0m [36mdir=[0m"D:\\helm_clones_artifacthub\\kuoss__myip"
[90m1:23AM[0m [33mWRN[0m [1mNo charts found – skipping[0m [36mrepo=[0mkuoss/myip
[90m1:23AM[0m [32mINF[0m [1mProcessing repo[0m [36mrepo=[0mfosrl/helm-charts [36mrepo_index=[0m412 [36mtotal=[0m486
[90m1:23AM[0m [32mINF[0m [1mAlready cloned – skipping[0m [36mdir=[0m"D:\\helm_clones_artifacthub\\fosrl__helm-charts"
[90m1:23AM[0m [32mINF[0m [1mProcessing repo[0m [36mrepo=[0mskyhook-io/radar [36mrepo_index=[0m413 [36mtotal=[0m486
[90m1:23AM[0m [32mINF[0m [1mAlready cloned – skipping[0m [36mdir=[0m"D:\\helm_clones_artifacthub\\skyhook-io__radar"
[90m1:23AM[0m [32mINF[0m [1mProcessing repo[0m [36mrepo=[0mRedisLabs/redis-enterprise-helm [36mrepo_index=[0m414 [36mtotal=[0m486
[90m1:23AM[0m [32mINF[0m [1mAlready cloned – skipping[0m [36mdir=[0m"D:\\helm_clones_artifacthub\\RedisLabs__redis-enterprise-helm"
[90m1:23AM[0m [32mINF[0m [1mProcessing repo[0m [36mrepo=[0mrelution-io/relution-kubernetes [36mrepo_index=[0m415 [36mtotal=[0m486
[90m1:23AM[0m [32mINF[0m [1mAlready cloned – skipping[0m [36mdir=[0m"D:\\helm_clones_artifacthub\\relution-io__relution-kubernetes"
[90m1:23AM[0m [32mINF[0m [1mProcessing repo[0m [36mrepo=[0msolarwinds/swi-k8s-opentelemetry-collector [36mrepo_index=[0m416 [36mtotal=[0m486
[90m1:23AM[0m [32mINF[0m [1mAlready cloned – skipping[0m [36mdir=[0m"D:\\helm_clones_artifacthub\\solarwinds__swi-k8s-opentelemetry-collector"
[90m1:23AM[0m [33mWRN[0m [1mChart not in catalog – skipping[0m [36mchart=[0m"D:\\helm_clones_artifacthub\\solarwinds__swi-k8s-opentelemetry-collector\\tests\\deploy\\tests"
[90m1:23AM[0m [33mWRN[0m [1mChart not in catalog – skipping[0m [36mchart=[0m"D:\\helm_clones_artifacthub\\solarwinds__swi-k8s-opentelemetry-collector\\tests\\deploy\\timeseries-mock-service"
[90m1:23AM[0m [32mINF[0m [1mProcessing repo[0m [36mrepo=[0mStrangeBeeCorp/helm-charts [36mrepo_index=[0m417 [36mtotal=[0m486
[90m1:23AM[0m [32mINF[0m [1mAlready cloned – skipping[0m [36mdir=[0m"D:\\helm_clones_artifacthub\\StrangeBeeCorp__helm-charts"
[90m1:23AM[0m [32mINF[0m [1mProcessing repo[0m [36mrepo=[0mrhdh-bot/openshift-helm-charts [36mrepo_index=[0m418 [36mtotal=[0m486
[90m1:23AM[0m [32mINF[0m [1mAlready cloned – skipping[0m [36mdir=[0m"D:\\helm_clones_artifacthub\\rhdh-bot__openshift-helm-charts"
[90m1:23AM[0m [33mWRN[0m [1mChart not in catalog – skipping[0m [36mchart=[0m"D:\\helm_clones_artifacthub\\rhdh-bot__openshift-helm-charts\\charts\\redhat\\redhat\\redhat-mysql-persistent\\0.0.3\\src"
[90m1:23AM[0m [33mWRN[0m [1mChart not in catalog – skipping[0m [36mchart=[0m"D:\\helm_clones_artifacthub\\rhdh-bot__openshift-helm-charts\\charts\\redhat\\redhat\\redhat-mysql-persistent\\0.0.4\\src"
[90m1:23AM[0m [33mWRN[0m [1mChart not in catalog – skipping[0m [36mchart=[0m"D:\\helm_clones_artifacthub\\rhdh-bot__openshift-helm-charts\\charts\\redhat\\redhat\\redhat-nginx-imagestreams\\0.0.1\\src"
[90m1:23AM[0m [33mWRN[0m [1mChart not in catalog – skipping[0m [36mchart=[0m"D:\\helm_clones_artifacthub\\rhdh-bot__openshift-helm-charts\\charts\\redhat\\redhat\\redhat-nginx-imagestreams\\0.0.2\\src"
[90m1:23AM[0m [33mWRN[0m [1mChart not in catalog – skipping[0m [36mchart=[0m"D:\\helm_clones_artifacthub\\rhdh-bot__openshift-helm-charts\\charts\\redhat\\redhat\\redhat-nginx-template\\0.0.1\\src"
[90m1:23AM[0m [33mWRN[0m [1mChart not in catalog – skipping[0m [36mchart=[0m"D:\\helm_clones_artifacthub\\rhdh-bot__openshift-helm-charts\\charts\\redhat\\redhat\\redhat-nodejs\\0.0.2\\src"
[90m1:23AM[0m [33mWRN[0m [1mChart not in catalog – skipping[0m [36mchart=[0m"D:\\helm_clones_artifacthub\\rhdh-bot__openshift-helm-charts\\charts\\redhat\\redhat\\redhat-nodejs-application\\0.0.1\\src"
[90m1:23AM[0m [33mWRN[0m [1mChart not in catalog – skipping[0m [36mchart=[0m"D:\\helm_clones_artifacthub\\rhdh-bot__openshift-helm-charts\\charts\\redhat\\redhat\\redhat-nodejs-imagestreams\\0.0.1\\src"
[90m1:23AM[0m [33mWRN[0m [1mChart not in catalog – skipping[0m [36mchart=[0m"D:\\helm_clones_artifacthub\\rhdh-bot__openshift-helm-charts\\charts\\redhat\\redhat\\redhat-nodejs-imagestreams\\0.0.2\\src"
[90m1:23AM[0m [33mWRN[0m [1mChart not in catalog – skipping[0m [36mchart=[0m"D:\\helm_clones_artifacthub\\rhdh-bot__openshift-helm-charts\\charts\\redhat\\redhat\\redhat-nodejs-imagestreams\\0.0.3\\src"
[90m1:23AM[0m [33mWRN[0m [1mChart not in catalog – skipping[0m [36mchart=[0m"D:\\helm_clones_artifacthub\\rhdh-bot__openshift-helm-charts\\charts\\redhat\\redhat\\redhat-nodejs-imagestreams\\0.0.4\\src"
[90m1:23AM[0m [33mWRN[0m [1mChart not in catalog – skipping[0m [36mchart=[0m"D:\\helm_clones_artifacthub\\rhdh-bot__openshift-helm-charts\\charts\\redhat\\redhat\\redhat-nodejs-imagestreams\\0.0.5\\src"
[90m1:23AM[0m [33mWRN[0m [1mChart not in catalog – skipping[0m [36mchart=[0m"D:\\helm_clones_artifacthub\\rhdh-bot__openshift-helm-charts\\charts\\redhat\\redhat\\redhat-perl-dancer-template\\0.0.1\\src"
[90m1:23AM[0m [33mWRN[0m [1mChart not in catalog – skipping[0m [36mchart=[0m"D:\\helm_clones_artifacthub\\rhdh-bot__openshift-helm-charts\\charts\\redhat\\redhat\\redhat-perl-imagestreams\\0.0.1\\src"
[90m1:23AM[0m [33mWRN[0m [1mChart not in catalog – skipping[0m [36mchart=[0m"D:\\helm_clones_artifacthub\\rhdh-bot__openshift-helm-charts\\charts\\redhat\\redhat\\redhat-perl-imagestreams\\0.0.2\\src"
[90m1:23AM[0m [33mWRN[0m [1mChart not in catalog – skipping[0m [36mchart=[0m"D:\\helm_clones_artifacthub\\rhdh-bot__openshift-helm-charts\\charts\\redhat\\redhat\\redhat-php-imagestreams\\0.0.1\\src"
[90m1:23AM[0m [33mWRN[0m [1mChart not in catalog – skipping[0m [36mchart=[0m"D:\\helm_clones_artifacthub\\rhdh-bot__openshift-helm-charts\\charts\\redhat\\redhat\\redhat-php-imagestreams\\0.0.2\\src"
[90m1:23AM[0m [33mWRN[0m [1mChart not in catalog – skipping[0m [36mchart=[0m"D:\\helm_clones_artifacthub\\rhdh-bot__openshift-helm-charts\\charts\\redhat\\redhat\\redhat-postgresql-imagestreams\\0.0.1\\src"
[90m1:23AM[0m [33mWRN[0m [1mChart not in catalog – skipping[0m [36mchart=[0m"D:\\helm_clones_artifacthub\\rhdh-bot__openshift-helm-charts\\charts\\redhat\\redhat\\redhat-postgresql-imagestreams\\0.0.2\\src"
[90m1:23AM[0m [33mWRN[0m [1mChart not in catalog – skipping[0m [36mchart=[0m"D:\\helm_clones_artifacthub\\rhdh-bot__openshift-helm-charts\\charts\\redhat\\redhat\\redhat-postgresql-imagestreams\\0.0.3\\src"
[90m1:23AM[0m [33mWRN[0m [1mChart not in catalog – skipping[0m [36mchart=[0m"D:\\helm_clones_artifacthub\\rhdh-bot__openshift-helm-charts\\charts\\redhat\\redhat\\redhat-postgresql-imagestreams\\0.0.4\\src"
[90m1:23AM[0m [33mWRN[0m [1mChart not in catalog – skipping[0m [36mchart=[0m"D:\\helm_clones_artifacthub\\rhdh-bot__openshift-helm-charts\\charts\\redhat\\redhat\\redhat-postgresql-persistent\\0.0.1\\src"
[90m1:23AM[0m [33mWRN[0m [1mChart not in catalog – skipping[0m [36mchart=[0m"D:\\helm_clones_artifacthub\\rhdh-bot__openshift-helm-charts\\charts\\redhat\\redhat\\redhat-postgresql-persistent\\0.0.2\\src"
[90m1:23AM[0m [33mWRN[0m [1mChart not in catalog – skipping[0m [36mchart=[0m"D:\\helm_clones_artifacthub\\rhdh-bot__openshift-helm-charts\\charts\\redhat\\redhat\\redhat-postgresql-persistent\\0.0.3\\src"
[90m1:23AM[0m [33mWRN[0m [1mChart not in catalog – skipping[0m [36mchart=[0m"D:\\helm_clones_artifacthub\\rhdh-bot__openshift-helm-charts\\charts\\redhat\\redhat\\redhat-postgresql-persistent\\0.0.4\\src"
[90m1:23AM[0m [33mWRN[0m [1mChart not in catalog – skipping[0m [36mchart=[0m"D:\\helm_clones_artifacthub\\rhdh-bot__openshift-helm-charts\\charts\\redhat\\redhat\\redhat-python-django-application\\0.0.1\\src"
[90m1:23AM[0m [33mWRN[0m [1mChart not in catalog – skipping[0m [36mchart=[0m"D:\\helm_clones_artifacthub\\rhdh-bot__openshift-helm-charts\\charts\\redhat\\redhat\\redhat-python-imagestreams\\0.0.1\\src"
[90m1:23AM[0m [33mWRN[0m [1mChart not in catalog – skipping[0m [36mchart=[0m"D:\\helm_clones_artifacthub\\rhdh-bot__openshift-helm-charts\\charts\\redhat\\redhat\\redhat-python-imagestreams\\0.0.2\\src"
[90m1:23AM[0m [33mWRN[0m [1mChart not in catalog – skipping[0m [36mchart=[0m"D:\\helm_clones_artifacthub\\rhdh-bot__openshift-helm-charts\\charts\\redhat\\redhat\\redhat-redis-imagestreams\\0.0.1\\src"
[90m1:23AM[0m [33mWRN[0m [1mChart not in catalog – skipping[0m [36mchart=[0m"D:\\helm_clones_artifacthub\\rhdh-bot__openshift-helm-charts\\charts\\redhat\\redhat\\redhat-redis-persistent\\0.0.1\\src"
[90m1:23AM[0m [33mWRN[0m [1mChart not in catalog – skipping[0m [36mchart=[0m"D:\\helm_clones_artifacthub\\rhdh-bot__openshift-helm-charts\\charts\\redhat\\redhat\\redhat-redis-persistent\\0.0.2\\src"
[90m1:23AM[0m [33mWRN[0m [1mChart not in catalog – skipping[0m [36mchart=[0m"D:\\helm_clones_artifacthub\\rhdh-bot__openshift-helm-charts\\charts\\redhat\\redhat\\redhat-ruby-imagestreams\\0.0.1\\src"
[90m1:23AM[0m [33mWRN[0m [1mChart not in catalog – skipping[0m [36mchart=[0m"D:\\helm_clones_artifacthub\\rhdh-bot__openshift-helm-charts\\charts\\redhat\\redhat\\redhat-ruby-imagestreams\\0.0.2\\src"
[90m1:23AM[0m [33mWRN[0m [1mChart not in catalog – skipping[0m [36mchart=[0m"D:\\helm_clones_artifacthub\\rhdh-bot__openshift-helm-charts\\charts\\redhat\\redhat\\redhat-ruby-imagestreams\\0.0.3\\src"
[90m1:23AM[0m [33mWRN[0m [1mChart not in catalog – skipping[0m [36mchart=[0m"D:\\helm_clones_artifacthub\\rhdh-bot__openshift-helm-charts\\charts\\redhat\\redhat\\redhat-ruby-imagestreams\\0.0.4\\src"
[90m1:23AM[0m [33mWRN[0m [1mChart not in catalog – skipping[0m [36mchart=[0m"D:\\helm_clones_artifacthub\\rhdh-bot__openshift-helm-charts\\charts\\redhat\\redhat\\redhat-ruby-rails-application\\0.0.1\\src"
[90m1:23AM[0m [33mWRN[0m [1mChart not in catalog – skipping[0m [36mchart=[0m"D:\\helm_clones_artifacthub\\rhdh-bot__openshift-helm-charts\\charts\\redhat\\redhat\\redhat-vertx\\0.0.1\\src"
[90m1:23AM[0m [32mINF[0m [1mProcessing repo[0m [36mrepo=[0m2ndquadrant-it/barman [36mrepo_index=[0m419 [36mtotal=[0m486
[90m1:23AM[0m [32mINF[0m [1mAlready cloned – skipping[0m [36mdir=[0m"D:\\helm_clones_artifacthub\\2ndquadrant-it__barman"
[90m1:23AM[0m [33mWRN[0m [1mNo charts found – skipping[0m [36mrepo=[0m2ndquadrant-it/barman
[90m1:23AM[0m [32mINF[0m [1mProcessing repo[0m [36mrepo=[0mgoogle/cadvisor [36mrepo_index=[0m420 [36mtotal=[0m486
[90m1:23AM[0m [32mINF[0m [1mAlready cloned – skipping[0m [36mdir=[0m"D:\\helm_clones_artifacthub\\google__cadvisor"
[90m1:23AM[0m [33mWRN[0m [1mNo charts found – skipping[0m [36mrepo=[0mgoogle/cadvisor
[90m1:23AM[0m [32mINF[0m [1mProcessing repo[0m [36mrepo=[0mcerbos/cerbos [36mrepo_index=[0m421 [36mtotal=[0m486
[90m1:23AM[0m [32mINF[0m [1mAlready cloned – skipping[0m [36mdir=[0m"D:\\helm_clones_artifacthub\\cerbos__cerbos"
[90m1:23AM[0m [32mINF[0m [1mProcessing repo[0m [36mrepo=[0mebrianne/cert-manager-webhook-duckdns [36mrepo_index=[0m422 [36mtotal=[0m486
[90m1:23AM[0m [32mINF[0m [1mAlready cloned – skipping[0m [36mdir=[0m"D:\\helm_clones_artifacthub\\ebrianne__cert-manager-webhook-duckdns"
[90m1:23AM[0m [32mINF[0m [1mProcessing repo[0m [36mrepo=[0mcontaineroo/cloudflare-operator [36mrepo_index=[0m423 [36mtotal=[0m486
[90m1:23AM[0m [32mINF[0m [1mAlready cloned – skipping[0m [36mdir=[0m"D:\\helm_clones_artifacthub\\containeroo__cloudflare-operator"
[90m1:23AM[0m [33mWRN[0m [1mNo charts found – skipping[0m [36mrepo=[0mcontaineroo/cloudflare-operator
[90m1:23AM[0m [32mINF[0m [1mProcessing repo[0m [36mrepo=[0mzakkg3/ClusterSecret [36mrepo_index=[0m424 [36mtotal=[0m486
[90m1:23AM[0m [32mINF[0m [1mAlready cloned – skipping[0m [36mdir=[0m"D:\\helm_clones_artifacthub\\zakkg3__ClusterSecret"
[90m1:23AM[0m [32mINF[0m [1mProcessing repo[0m [36mrepo=[0mkubeops/config-syncer [36mrepo_index=[0m425 [36mtotal=[0m486
[90m1:23AM[0m [32mINF[0m [1mAlready cloned – skipping[0m [36mdir=[0m"D:\\helm_clones_artifacthub\\kubeops__config-syncer"
[90m1:23AM[0m [33mWRN[0m [1mNo charts found – skipping[0m [36mrepo=[0mkubeops/config-syncer
[90m1:23AM[0m [32mINF[0m [1mProcessing repo[0m [36mrepo=[0mcoturn/coturn [36mrepo_index=[0m426 [36mtotal=[0m486
[90m1:23AM[0m [32mINF[0m [1mAlready cloned – skipping[0m [36mdir=[0m"D:\\helm_clones_artifacthub\\coturn__coturn"
[90m1:23AM[0m [33mWRN[0m [1mNo charts found – skipping[0m [36mrepo=[0mcoturn/coturn
[90m1:23AM[0m [32mINF[0m [1mProcessing repo[0m [36mrepo=[0mgchq/CyberChef [36mrepo_index=[0m427 [36mtotal=[0m486
[90m1:23AM[0m [32mINF[0m [1mAlready cloned – skipping[0m [36mdir=[0m"D:\\helm_clones_artifacthub\\gchq__CyberChef"
[90m1:23AM[0m [33mWRN[0m [1mNo charts found – skipping[0m [36mrepo=[0mgchq/CyberChef
[90m1:23AM[0m [32mINF[0m [1mProcessing repo[0m [36mrepo=[0myutianaiqingtian/bigdata-platfrom-charts [36mrepo_index=[0m428 [36mtotal=[0m486
[90m1:23AM[0m [32mINF[0m [1mAlready cloned – skipping[0m [36mdir=[0m"D:\\helm_clones_artifacthub\\yutianaiqingtian__bigdata-platfrom-charts"
[90m1:23AM[0m [32mINF[0m [1mProcessing repo[0m [36mrepo=[0mcoreos/etcd [36mrepo_index=[0m429 [36mtotal=[0m486
[90m1:23AM[0m [32mINF[0m [1mAlready cloned – skipping[0m [36mdir=[0m"D:\\helm_clones_artifacthub\\coreos__etcd"
[90m1:23AM[0m [33mWRN[0m [1mNo charts found – skipping[0m [36mrepo=[0mcoreos/etcd
[90m1:23AM[0m [32mINF[0m [1mProcessing repo[0m [36mrepo=[0mFairwindsOps/gemini [36mrepo_index=[0m430 [36mtotal=[0m486
[90m1:23AM[0m [32mINF[0m [1mAlready cloned – skipping[0m [36mdir=[0m"D:\\helm_clones_artifacthub\\FairwindsOps__gemini"
[90m1:23AM[0m [33mWRN[0m [1mNo charts found – skipping[0m [36mrepo=[0mFairwindsOps/gemini
[90m1:23AM[0m [32mINF[0m [1mProcessing repo[0m [36mrepo=[0methereum/go-ethereum [36mrepo_index=[0m431 [36mtotal=[0m486
[90m1:23AM[0m [32mINF[0m [1mAlready cloned – skipping[0m [36mdir=[0m"D:\\helm_clones_artifacthub\\ethereum__go-ethereum"
[90m1:23AM[0m [33mWRN[0m [1mNo charts found – skipping[0m [36mrepo=[0methereum/go-ethereum
[90m1:23AM[0m [32mINF[0m [1mProcessing repo[0m [36mrepo=[0mpmoscode-helm/gotify [36mrepo_index=[0m432 [36mtotal=[0m486
[90m1:23AM[0m [32mINF[0m [1mAlready cloned – skipping[0m [36mdir=[0m"D:\\helm_clones_artifacthub\\pmoscode-helm__gotify"
[90m1:23AM[0m [32mINF[0m [1mProcessing repo[0m [36mrepo=[0mhasura/graphql-engine [36mrepo_index=[0m433 [36mtotal=[0m486
[90m1:23AM[0m [32mINF[0m [1mAlready cloned – skipping[0m [36mdir=[0m"D:\\helm_clones_artifacthub\\hasura__graphql-engine"
[90m1:23AM[0m [33mWRN[0m [1mNo charts found – skipping[0m [36mrepo=[0mhasura/graphql-engine
[90m1:23AM[0m [32mINF[0m [1mProcessing repo[0m [36mrepo=[0mhome-assistant/home-assistant [36mrepo_index=[0m434 [36mtotal=[0m486
[90m1:23AM[0m [32mINF[0m [1mAlready cloned – skipping[0m [36mdir=[0m"D:\\helm_clones_artifacthub\\home-assistant__home-assistant"
[90m1:23AM[0m [33mWRN[0m [1mNo charts found – skipping[0m [36mrepo=[0mhome-assistant/home-assistant
[90m1:23AM[0m [32mINF[0m [1mProcessing repo[0m [36mrepo=[0minstana/instana-agent-operator [36mrepo_index=[0m435 [36mtotal=[0m486
[90m1:23AM[0m [32mINF[0m [1mAlready cloned – skipping[0m [36mdir=[0m"D:\\helm_clones_artifacthub\\instana__instana-agent-operator"
[90m1:23AM[0m [33mWRN[0m [1mNo charts found – skipping[0m [36mrepo=[0minstana/instana-agent-operator
[90m1:23AM[0m [32mINF[0m [1mProcessing repo[0m [36mrepo=[0minstana/instana-autotrace-webhook [36mrepo_index=[0m436 [36mtotal=[0m486
[90m1:23AM[0m [32mINF[0m [1mAlready cloned – skipping[0m [36mdir=[0m"D:\\helm_clones_artifacthub\\instana__instana-autotrace-webhook"
[90m1:23AM[0m [32mINF[0m [1mProcessing repo[0m [36mrepo=[0mintel/helm-charts [36mrepo_index=[0m437 [36mtotal=[0m486
[90m1:23AM[0m [32mINF[0m [1mAlready cloned – skipping[0m [36mdir=[0m"D:\\helm_clones_artifacthub\\intel__helm-charts"
[90m1:23AM[0m [33mWRN[0m [1mChart not in catalog – skipping[0m [36mchart=[0m"D:\\helm_clones_artifacthub\\intel__helm-charts\\charts\\evi-hbase-0.8.3\\charts\\hbase\\charts\\hadoop"
[90m1:23AM[0m [33mWRN[0m [1mChart not in catalog – skipping[0m [36mchart=[0m"D:\\helm_clones_artifacthub\\intel__helm-charts\\charts\\evi-hbase-0.8.3\\charts\\hbase\\charts\\zookeeper"
[90m1:23AM[0m [33mWRN[0m [1mChart not in catalog – skipping[0m [36mchart=[0m"D:\\helm_clones_artifacthub\\intel__helm-charts\\charts\\evi-hbase-0.8.3\\charts\\hbase\\charts\\zookeeper\\charts\\common"
[90m1:23AM[0m [33mWRN[0m [1mChart not in catalog – skipping[0m [36mchart=[0m"D:\\helm_clones_artifacthub\\intel__helm-charts\\charts\\evi-hbase-2.1.0"
[90m1:23AM[0m [33mWRN[0m [1mChart not in catalog – skipping[0m [36mchart=[0m"D:\\helm_clones_artifacthub\\intel__helm-charts\\charts\\evi-hbase-2.1.0\\charts\\hbase"
[90m1:23AM[0m [33mWRN[0m [1mChart not in catalog – skipping[0m [36mchart=[0m"D:\\helm_clones_artifacthub\\intel__helm-charts\\charts\\evi-hbase-2.1.0\\charts\\hbase\\charts\\hadoop"
[90m1:23AM[0m [33mWRN[0m [1mChart not in catalog – skipping[0m [36mchart=[0m"D:\\helm_clones_artifacthub\\intel__helm-charts\\charts\\evi-hbase-2.1.0\\charts\\hbase\\charts\\zookeeper"
[90m1:23AM[0m [33mWRN[0m [1mChart not in catalog – skipping[0m [36mchart=[0m"D:\\helm_clones_artifacthub\\intel__helm-charts\\charts\\evi-hbase-2.1.0\\charts\\hbase\\charts\\zookeeper\\charts\\common"
[90m1:23AM[0m [33mWRN[0m [1mChart not in catalog – skipping[0m [36mchart=[0m"D:\\helm_clones_artifacthub\\intel__helm-charts\\charts\\evi-hbase-3.0.0"
[90m1:23AM[0m [33mWRN[0m [1mChart not in catalog – skipping[0m [36mchart=[0m"D:\\helm_clones_artifacthub\\intel__helm-charts\\charts\\evi-hbase-3.0.0\\charts\\hbase"
[90m1:23AM[0m [33mWRN[0m [1mChart not in catalog – skipping[0m [36mchart=[0m"D:\\helm_clones_artifacthub\\intel__helm-charts\\charts\\evi-hbase-3.0.0\\charts\\hbase\\charts\\hadoop"
[90m1:23AM[0m [33mWRN[0m [1mChart not in catalog – skipping[0m [36mchart=[0m"D:\\helm_clones_artifacthub\\intel__helm-charts\\charts\\evi-hbase-3.0.0\\charts\\hbase\\charts\\zookeeper"
[90m1:23AM[0m [33mWRN[0m [1mChart not in catalog – skipping[0m [36mchart=[0m"D:\\helm_clones_artifacthub\\intel__helm-charts\\charts\\evi-hbase-3.0.0\\charts\\hbase\\charts\\zookeeper\\charts\\common"
[90m1:23AM[0m [33mWRN[0m [1mChart not in catalog – skipping[0m [36mchart=[0m"D:\\helm_clones_artifacthub\\intel__helm-charts\\charts\\evi-hbase-3.0.3"
[90m1:23AM[0m [33mWRN[0m [1mChart not in catalog – skipping[0m [36mchart=[0m"D:\\helm_clones_artifacthub\\intel__helm-charts\\charts\\evi-hbase-3.0.3\\charts\\hbase"
[90m1:23AM[0m [33mWRN[0m [1mChart not in catalog – skipping[0m [36mchart=[0m"D:\\helm_clones_artifacthub\\intel__helm-charts\\charts\\evi-hbase-3.0.3\\charts\\hbase\\charts\\hadoop"
[90m1:23AM[0m [33mWRN[0m [1mChart not in catalog – skipping[0m [36mchart=[0m"D:\\helm_clones_artifacthub\\intel__helm-charts\\charts\\evi-hbase-3.0.3\\charts\\hbase\\charts\\zookeeper"
[90m1:23AM[0m [33mWRN[0m [1mChart not in catalog – skipping[0m [36mchart=[0m"D:\\helm_clones_artifacthub\\intel__helm-charts\\charts\\evi-hbase-3.0.3\\charts\\hbase\\charts\\zookeeper\\charts\\common"
[90m1:23AM[0m [33mWRN[0m [1mChart not in catalog – skipping[0m [36mchart=[0m"D:\\helm_clones_artifacthub\\intel__helm-charts\\charts\\evi-kes-0.8.4"
[90m1:23AM[0m [33mWRN[0m [1mChart not in catalog – skipping[0m [36mchart=[0m"D:\\helm_clones_artifacthub\\intel__helm-charts\\charts\\evi-kes-2.1.0"
[90m1:23AM[0m [33mWRN[0m [1mChart not in catalog – skipping[0m [36mchart=[0m"D:\\helm_clones_artifacthub\\intel__helm-charts\\charts\\evi-kes-3.0.0"
[90m1:23AM[0m [33mWRN[0m [1mChart not in catalog – skipping[0m [36mchart=[0m"D:\\helm_clones_artifacthub\\intel__helm-charts\\charts\\evi-kes-3.0.3"
[90m1:23AM[0m [33mWRN[0m [1mChart not in catalog – skipping[0m [36mchart=[0m"D:\\helm_clones_artifacthub\\intel__helm-charts\\charts\\evi-keycloak-0.8.4"
[90m1:23AM[0m [33mWRN[0m [1mChart not in catalog – skipping[0m [36mchart=[0m"D:\\helm_clones_artifacthub\\intel__helm-charts\\charts\\evi-keycloak-0.8.4\\charts\\keycloak"
[90m1:23AM[0m [33mWRN[0m [1mChart not in catalog – skipping[0m [36mchart=[0m"D:\\helm_clones_artifacthub\\intel__helm-charts\\charts\\evi-keycloak-0.8.4\\charts\\keycloak\\charts\\common"
[90m1:23AM[0m [33mWRN[0m [1mChart not in catalog – skipping[0m [36mchart=[0m"D:\\helm_clones_artifacthub\\intel__helm-charts\\charts\\evi-keycloak-0.8.4\\charts\\keycloak\\charts\\postgresql"
[90m1:23AM[0m [33mWRN[0m [1mChart not in catalog – skipping[0m [36mchart=[0m"D:\\helm_clones_artifacthub\\intel__helm-charts\\charts\\evi-keycloak-0.8.4\\charts\\keycloak\\charts\\postgresql\\charts\\common"
[90m1:23AM[0m [33mWRN[0m [1mChart not in catalog – skipping[0m [36mchart=[0m"D:\\helm_clones_artifacthub\\intel__helm-charts\\charts\\evi-keycloak-0.8.5"
[90m1:23AM[0m [33mWRN[0m [1mChart not in catalog – skipping[0m [36mchart=[0m"D:\\helm_clones_artifacthub\\intel__helm-charts\\charts\\evi-keycloak-0.8.5\\charts\\keycloak"
[90m1:23AM[0m [33mWRN[0m [1mChart not in catalog – skipping[0m [36mchart=[0m"D:\\helm_clones_artifacthub\\intel__helm-charts\\charts\\evi-keycloak-0.8.5\\charts\\keycloak\\charts\\common"
[90m1:23AM[0m [33mWRN[0m [1mChart not in catalog – skipping[0m [36mchart=[0m"D:\\helm_clones_artifacthub\\intel__helm-charts\\charts\\evi-keycloak-0.8.5\\charts\\keycloak\\charts\\postgresql"
[90m1:23AM[0m [33mWRN[0m [1mChart not in catalog – skipping[0m [36mchart=[0m"D:\\helm_clones_artifacthub\\intel__helm-charts\\charts\\evi-keycloak-0.8.5\\charts\\keycloak\\charts\\postgresql\\charts\\common"
[90m1:23AM[0m [33mWRN[0m [1mChart not in catalog – skipping[0m [36mchart=[0m"D:\\helm_clones_artifacthub\\intel__helm-charts\\charts\\evi-keycloak-2.1.0"
[90m1:23AM[0m [33mWRN[0m [1mChart not in catalog – skipping[0m [36mchart=[0m"D:\\helm_clones_artifacthub\\intel__helm-charts\\charts\\evi-keycloak-2.1.0\\charts\\keycloak"
[90m1:23AM[0m [33mWRN[0m [1mChart not in catalog – skipping[0m [36mchart=[0m"D:\\helm_clones_artifacthub\\intel__helm-charts\\charts\\evi-keycloak-2.1.0\\charts\\keycloak\\charts\\common"
[90m1:23AM[0m [33mWRN[0m [1mChart not in catalog – skipping[0m [36mchart=[0m"D:\\helm_clones_artifacthub\\intel__helm-charts\\charts\\evi-keycloak-2.1.0\\charts\\keycloak\\charts\\postgresql"
[90m1:23AM[0m [33mWRN[0m [1mChart not in catalog – skipping[0m [36mchart=[0m"D:\\helm_clones_artifacthub\\intel__helm-charts\\charts\\evi-keycloak-2.1.0\\charts\\keycloak\\charts\\postgresql\\charts\\common"
[90m1:23AM[0m [33mWRN[0m [1mChart not in catalog – skipping[0m [36mchart=[0m"D:\\helm_clones_artifacthub\\intel__helm-charts\\charts\\evi-keycloak-3.0.0"
[90m1:23AM[0m [33mWRN[0m [1mChart not in catalog – skipping[0m [36mchart=[0m"D:\\helm_clones_artifacthub\\intel__helm-charts\\charts\\evi-keycloak-3.0.0\\charts\\keycloak"
[90m1:23AM[0m [33mWRN[0m [1mChart not in catalog – skipping[0m [36mchart=[0m"D:\\helm_clones_artifacthub\\intel__helm-charts\\charts\\evi-keycloak-3.0.0\\charts\\keycloak\\charts\\common"
[90m1:23AM[0m [33mWRN[0m [1mChart not in catalog – skipping[0m [36mchart=[0m"D:\\helm_clones_artifacthub\\intel__helm-charts\\charts\\evi-keycloak-3.0.0\\charts\\keycloak\\charts\\postgresql"
[90m1:23AM[0m [33mWRN[0m [1mChart not in catalog – skipping[0m [36mchart=[0m"D:\\helm_clones_artifacthub\\intel__helm-charts\\charts\\evi-keycloak-3.0.0\\charts\\keycloak\\charts\\postgresql\\charts\\common"
[90m1:23AM[0m [33mWRN[0m [1mChart not in catalog – skipping[0m [36mchart=[0m"D:\\helm_clones_artifacthub\\intel__helm-charts\\charts\\evi-keycloak-3.0.3"
[90m1:23AM[0m [33mWRN[0m [1mChart not in catalog – skipping[0m [36mchart=[0m"D:\\helm_clones_artifacthub\\intel__helm-charts\\charts\\evi-keycloak-3.0.3\\charts\\keycloak"
[90m1:23AM[0m [33mWRN[0m [1mChart not in catalog – skipping[0m [36mchart=[0m"D:\\helm_clones_artifacthub\\intel__helm-charts\\charts\\evi-keycloak-3.0.3\\charts\\keycloak\\charts\\common"
[90m1:23AM[0m [33mWRN[0m [1mChart not in catalog – skipping[0m [36mchart=[0m"D:\\helm_clones_artifacthub\\intel__helm-charts\\charts\\evi-keycloak-3.0.3\\charts\\keycloak\\charts\\postgresql"
[90m1:23AM[0m [33mWRN[0m [1mChart not in catalog – skipping[0m [36mchart=[0m"D:\\helm_clones_artifacthub\\intel__helm-charts\\charts\\evi-keycloak-3.0.3\\charts\\keycloak\\charts\\postgresql\\charts\\common"
[90m1:23AM[0m [33mWRN[0m [1mChart not in catalog – skipping[0m [36mchart=[0m"D:\\helm_clones_artifacthub\\intel__helm-charts\\charts\\evi-minio-0.8.0"
[90m1:23AM[0m [33mWRN[0m [1mChart not in catalog – skipping[0m [36mchart=[0m"D:\\helm_clones_artifacthub\\intel__helm-charts\\charts\\evi-minio-0.8.0\\charts\\minio"
[90m1:23AM[0m [33mWRN[0m [1mChart not in catalog – skipping[0m [36mchart=[0m"D:\\helm_clones_artifacthub\\intel__helm-charts\\charts\\evi-minio-0.8.1"
[90m1:23AM[0m [33mWRN[0m [1mChart not in catalog – skipping[0m [36mchart=[0m"D:\\helm_clones_artifacthub\\intel__helm-charts\\charts\\evi-minio-0.8.1\\charts\\minio"
[90m1:23AM[0m [33mWRN[0m [1mChart not in catalog – skipping[0m [36mchart=[0m"D:\\helm_clones_artifacthub\\intel__helm-charts\\charts\\evi-minio-0.8.4"
[90m1:23AM[0m [33mWRN[0m [1mChart not in catalog – skipping[0m [36mchart=[0m"D:\\helm_clones_artifacthub\\intel__helm-charts\\charts\\evi-minio-0.8.4\\charts\\minio"
[90m1:23AM[0m [33mWRN[0m [1mChart not in catalog – skipping[0m [36mchart=[0m"D:\\helm_clones_artifacthub\\intel__helm-charts\\charts\\evi-minio-2.1.0"
[90m1:23AM[0m [33mWRN[0m [1mChart not in catalog – skipping[0m [36mchart=[0m"D:\\helm_clones_artifacthub\\intel__helm-charts\\charts\\evi-minio-2.1.0\\charts\\minio"
[90m1:23AM[0m [33mWRN[0m [1mChart not in catalog – skipping[0m [36mchart=[0m"D:\\helm_clones_artifacthub\\intel__helm-charts\\charts\\evi-minio-3.0.0"
[90m1:23AM[0m [33mWRN[0m [1mChart not in catalog – skipping[0m [36mchart=[0m"D:\\helm_clones_artifacthub\\intel__helm-charts\\charts\\evi-minio-3.0.0\\charts\\minio"
[90m1:23AM[0m [33mWRN[0m [1mChart not in catalog – skipping[0m [36mchart=[0m"D:\\helm_clones_artifacthub\\intel__helm-charts\\charts\\evi-minio-3.0.3"
[90m1:23AM[0m [33mWRN[0m [1mChart not in catalog – skipping[0m [36mchart=[0m"D:\\helm_clones_artifacthub\\intel__helm-charts\\charts\\evi-minio-3.0.3\\charts\\minio"
[90m1:23AM[0m [33mWRN[0m [1mChart not in catalog – skipping[0m [36mchart=[0m"D:\\helm_clones_artifacthub\\intel__helm-charts\\charts\\evi-postgresql-0.8.3"
[90m1:23AM[0m [33mWRN[0m [1mChart not in catalog – skipping[0m [36mchart=[0m"D:\\helm_clones_artifacthub\\intel__helm-charts\\charts\\evi-postgresql-0.8.3\\charts\\postgresql"
[90m1:23AM[0m [33mWRN[0m [1mChart not in catalog – skipping[0m [36mchart=[0m"D:\\helm_clones_artifacthub\\intel__helm-charts\\charts\\evi-postgresql-0.8.3\\charts\\postgresql\\charts\\common"
[90m1:23AM[0m [33mWRN[0m [1mChart not in catalog – skipping[0m [36mchart=[0m"D:\\helm_clones_artifacthub\\intel__helm-charts\\charts\\evi-postgresql-2.1.0"
[90m1:23AM[0m [33mWRN[0m [1mChart not in catalog – skipping[0m [36mchart=[0m"D:\\helm_clones_artifacthub\\intel__helm-charts\\charts\\evi-postgresql-2.1.0\\charts\\postgresql"
[90m1:23AM[0m [33mWRN[0m [1mChart not in catalog – skipping[0m [36mchart=[0m"D:\\helm_clones_artifacthub\\intel__helm-charts\\charts\\evi-postgresql-2.1.0\\charts\\postgresql\\charts\\common"
[90m1:23AM[0m [33mWRN[0m [1mChart not in catalog – skipping[0m [36mchart=[0m"D:\\helm_clones_artifacthub\\intel__helm-charts\\charts\\evi-postgresql-3.0.0"
[90m1:23AM[0m [33mWRN[0m [1mChart not in catalog – skipping[0m [36mchart=[0m"D:\\helm_clones_artifacthub\\intel__helm-charts\\charts\\evi-postgresql-3.0.0\\charts\\postgresql"
[90m1:23AM[0m [33mWRN[0m [1mChart not in catalog – skipping[0m [36mchart=[0m"D:\\helm_clones_artifacthub\\intel__helm-charts\\charts\\evi-postgresql-3.0.0\\charts\\postgresql\\charts\\common"
[90m1:23AM[0m [33mWRN[0m [1mChart not in catalog – skipping[0m [36mchart=[0m"D:\\helm_clones_artifacthub\\intel__helm-charts\\charts\\evi-postgresql-3.0.3"
[90m1:23AM[0m [33mWRN[0m [1mChart not in catalog – skipping[0m [36mchart=[0m"D:\\helm_clones_artifacthub\\intel__helm-charts\\charts\\evi-postgresql-3.0.3\\charts\\postgresql"
[90m1:23AM[0m [33mWRN[0m [1mChart not in catalog – skipping[0m [36mchart=[0m"D:\\helm_clones_artifacthub\\intel__helm-charts\\charts\\evi-postgresql-3.0.3\\charts\\postgresql\\charts\\common"
[90m1:23AM[0m [33mWRN[0m [1mChart not in catalog – skipping[0m [36mchart=[0m"D:\\helm_clones_artifacthub\\intel__helm-charts\\charts\\evi-redis-0.8.2"
[90m1:23AM[0m [33mWRN[0m [1mChart not in catalog – skipping[0m [36mchart=[0m"D:\\helm_clones_artifacthub\\intel__helm-charts\\charts\\evi-redis-0.8.2\\charts\\redis"
[90m1:23AM[0m [33mWRN[0m [1mChart not in catalog – skipping[0m [36mchart=[0m"D:\\helm_clones_artifacthub\\intel__helm-charts\\charts\\evi-redis-0.8.2\\charts\\redis\\charts\\common"
[90m1:23AM[0m [33mWRN[0m [1mChart not in catalog – skipping[0m [36mchart=[0m"D:\\helm_clones_artifacthub\\intel__helm-charts\\charts\\evi-redis-2.1.0"
[90m1:23AM[0m [33mWRN[0m [1mChart not in catalog – skipping[0m [36mchart=[0m"D:\\helm_clones_artifacthub\\intel__helm-charts\\charts\\evi-redis-2.1.0\\charts\\redis"
[90m1:23AM[0m [33mWRN[0m [1mChart not in catalog – skipping[0m [36mchart=[0m"D:\\helm_clones_artifacthub\\intel__helm-charts\\charts\\evi-redis-2.1.0\\charts\\redis\\charts\\common"
[90m1:23AM[0m [33mWRN[0m [1mChart not in catalog – skipping[0m [36mchart=[0m"D:\\helm_clones_artifacthub\\intel__helm-charts\\charts\\evi-redis-3.0.0"
[90m1:23AM[0m [33mWRN[0m [1mChart not in catalog – skipping[0m [36mchart=[0m"D:\\helm_clones_artifacthub\\intel__helm-charts\\charts\\evi-redis-3.0.0\\charts\\redis"
[90m1:23AM[0m [33mWRN[0m [1mChart not in catalog – skipping[0m [36mchart=[0m"D:\\helm_clones_artifacthub\\intel__helm-charts\\charts\\evi-redis-3.0.0\\charts\\redis\\charts\\common"
[90m1:23AM[0m [33mWRN[0m [1mChart not in catalog – skipping[0m [36mchart=[0m"D:\\helm_clones_artifacthub\\intel__helm-charts\\charts\\evi-redis-3.0.3"
[90m1:23AM[0m [33mWRN[0m [1mChart not in catalog – skipping[0m [36mchart=[0m"D:\\helm_clones_artifacthub\\intel__helm-charts\\charts\\evi-redis-3.0.3\\charts\\redis"
[90m1:23AM[0m [33mWRN[0m [1mChart not in catalog – skipping[0m [36mchart=[0m"D:\\helm_clones_artifacthub\\intel__helm-charts\\charts\\evi-redis-3.0.3\\charts\\redis\\charts\\common"
[90m1:23AM[0m [33mWRN[0m [1mChart not in catalog – skipping[0m [36mchart=[0m"D:\\helm_clones_artifacthub\\intel__helm-charts\\charts\\evi-rtsp-client-3.0.0"
[90m1:23AM[0m [33mWRN[0m [1mChart not in catalog – skipping[0m [36mchart=[0m"D:\\helm_clones_artifacthub\\intel__helm-charts\\charts\\evi-rtsp-client-3.0.3"
[90m1:23AM[0m [33mWRN[0m [1mChart not in catalog – skipping[0m [36mchart=[0m"D:\\helm_clones_artifacthub\\intel__helm-charts\\charts\\evi-storage-rest-0.8.5"
[90m1:23AM[0m [33mWRN[0m [1mChart not in catalog – skipping[0m [36mchart=[0m"D:\\helm_clones_artifacthub\\intel__helm-charts\\charts\\evi-storage-rest-2.1.0"
[90m1:23AM[0m [33mWRN[0m [1mChart not in catalog – skipping[0m [36mchart=[0m"D:\\helm_clones_artifacthub\\intel__helm-charts\\charts\\evi-storage-rest-3.0.0"
[90m1:23AM[0m [33mWRN[0m [1mChart not in catalog – skipping[0m [36mchart=[0m"D:\\helm_clones_artifacthub\\intel__helm-charts\\charts\\evi-storage-rest-3.0.3"
[90m1:23AM[0m [33mWRN[0m [1mChart not in catalog – skipping[0m [36mchart=[0m"D:\\helm_clones_artifacthub\\intel__helm-charts\\charts\\evi-task-manager-3.0.0"
[90m1:23AM[0m [33mWRN[0m [1mChart not in catalog – skipping[0m [36mchart=[0m"D:\\helm_clones_artifacthub\\intel__helm-charts\\charts\\evi-task-manager-3.0.3"
[90m1:23AM[0m [33mWRN[0m [1mChart not in catalog – skipping[0m [36mchart=[0m"D:\\helm_clones_artifacthub\\intel__helm-charts\\charts\\evi-test-tool-0.8.0"
[90m1:23AM[0m [33mWRN[0m [1mChart not in catalog – skipping[0m [36mchart=[0m"D:\\helm_clones_artifacthub\\intel__helm-charts\\charts\\evi-test-tool-0.8.2"
[90m1:23AM[0m [33mWRN[0m [1mChart not in catalog – skipping[0m [36mchart=[0m"D:\\helm_clones_artifacthub\\intel__helm-charts\\charts\\evi-test-tool-0.8.3"
[90m1:23AM[0m [33mWRN[0m [1mChart not in catalog – skipping[0m [36mchart=[0m"D:\\helm_clones_artifacthub\\intel__helm-charts\\charts\\evi-test-tool-0.8.4"
[90m1:23AM[0m [33mWRN[0m [1mChart not in catalog – skipping[0m [36mchart=[0m"D:\\helm_clones_artifacthub\\intel__helm-charts\\charts\\evi-test-tool-2.1.0"
[90m1:23AM[0m [33mWRN[0m [1mChart not in catalog – skipping[0m [36mchart=[0m"D:\\helm_clones_artifacthub\\intel__helm-charts\\charts\\evi-test-tool-3.0.0"
[90m1:23AM[0m [33mWRN[0m [1mChart not in catalog – skipping[0m [36mchart=[0m"D:\\helm_clones_artifacthub\\intel__helm-charts\\charts\\evi-test-tool-3.0.3"
[90m1:23AM[0m [33mWRN[0m [1mChart not in catalog – skipping[0m [36mchart=[0m"D:\\helm_clones_artifacthub\\intel__helm-charts\\charts\\evi-vault-0.8.2"
[90m1:23AM[0m [33mWRN[0m [1mChart not in catalog – skipping[0m [36mchart=[0m"D:\\helm_clones_artifacthub\\intel__helm-charts\\charts\\evi-vault-0.8.2\\charts\\vault"
[90m1:23AM[0m [33mWRN[0m [1mChart not in catalog – skipping[0m [36mchart=[0m"D:\\helm_clones_artifacthub\\intel__helm-charts\\charts\\evi-vault-2.1.0"
[90m1:23AM[0m [33mWRN[0m [1mChart not in catalog – skipping[0m [36mchart=[0m"D:\\helm_clones_artifacthub\\intel__helm-charts\\charts\\evi-vault-2.1.0\\charts\\vault"
[90m1:23AM[0m [33mWRN[0m [1mChart not in catalog – skipping[0m [36mchart=[0m"D:\\helm_clones_artifacthub\\intel__helm-charts\\charts\\evi-vault-3.0.0"
[90m1:23AM[0m [33mWRN[0m [1mChart not in catalog – skipping[0m [36mchart=[0m"D:\\helm_clones_artifacthub\\intel__helm-charts\\charts\\evi-vault-3.0.0\\charts\\vault"
[90m1:23AM[0m [33mWRN[0m [1mChart not in catalog – skipping[0m [36mchart=[0m"D:\\helm_clones_artifacthub\\intel__helm-charts\\charts\\evi-vault-3.0.3"
[90m1:23AM[0m [33mWRN[0m [1mChart not in catalog – skipping[0m [36mchart=[0m"D:\\helm_clones_artifacthub\\intel__helm-charts\\charts\\evi-vault-3.0.3\\charts\\vault"
[90m1:23AM[0m [33mWRN[0m [1mChart not in catalog – skipping[0m [36mchart=[0m"D:\\helm_clones_artifacthub\\intel__helm-charts\\charts\\fm-master-0.8.0"
[90m1:23AM[0m [33mWRN[0m [1mChart not in catalog – skipping[0m [36mchart=[0m"D:\\helm_clones_artifacthub\\intel__helm-charts\\charts\\fm-master-0.8.3"
[90m1:23AM[0m [33mWRN[0m [1mChart not in catalog – skipping[0m [36mchart=[0m"D:\\helm_clones_artifacthub\\intel__helm-charts\\charts\\fm-worker-0.8.0"
[90m1:23AM[0m [33mWRN[0m [1mChart not in catalog – skipping[0m [36mchart=[0m"D:\\helm_clones_artifacthub\\intel__helm-charts\\charts\\fm-worker-0.8.5"
[90m1:23AM[0m [33mWRN[0m [1mChart not in catalog – skipping[0m [36mchart=[0m"D:\\helm_clones_artifacthub\\intel__helm-charts\\charts\\gma-0.1.0"
[90m1:23AM[0m [33mWRN[0m [1mChart not in catalog – skipping[0m [36mchart=[0m"D:\\helm_clones_artifacthub\\intel__helm-charts\\charts\\gpu-device-plugin"
[90m1:23AM[0m [33mWRN[0m [1mChart not in catalog – skipping[0m [36mchart=[0m"D:\\helm_clones_artifacthub\\intel__helm-charts\\charts\\iaa-device-plugin"
[90m1:23AM[0m [33mWRN[0m [1mChart not in catalog – skipping[0m [36mchart=[0m"D:\\helm_clones_artifacthub\\intel__helm-charts\\charts\\itm-mqtt-broker-1.0.0"
[90m1:23AM[0m [33mWRN[0m [1mChart not in catalog – skipping[0m [36mchart=[0m"D:\\helm_clones_artifacthub\\intel__helm-charts\\charts\\itm-services-2.0.0"
[90m1:23AM[0m [33mWRN[0m [1mChart not in catalog – skipping[0m [36mchart=[0m"D:\\helm_clones_artifacthub\\intel__helm-charts\\charts\\itm-services-2.0.0\\charts\\postgresql"
[90m1:23AM[0m [33mWRN[0m [1mChart not in catalog – skipping[0m [36mchart=[0m"D:\\helm_clones_artifacthub\\intel__helm-charts\\charts\\itm-services-2.0.0\\charts\\postgresql\\charts\\common"
[90m1:23AM[0m [33mWRN[0m [1mChart not in catalog – skipping[0m [36mchart=[0m"D:\\helm_clones_artifacthub\\intel__helm-charts\\charts\\its-query-rest-0.8.5"
[90m1:23AM[0m [33mWRN[0m [1mChart not in catalog – skipping[0m [36mchart=[0m"D:\\helm_clones_artifacthub\\intel__helm-charts\\charts\\its-query-rest-2.1.0"
[90m1:23AM[0m [33mWRN[0m [1mChart not in catalog – skipping[0m [36mchart=[0m"D:\\helm_clones_artifacthub\\intel__helm-charts\\charts\\its-query-rest-3.0.0"
[90m1:23AM[0m [33mWRN[0m [1mChart not in catalog – skipping[0m [36mchart=[0m"D:\\helm_clones_artifacthub\\intel__helm-charts\\charts\\its-query-rest-3.0.3"
[90m1:23AM[0m [33mWRN[0m [1mChart not in catalog – skipping[0m [36mchart=[0m"D:\\helm_clones_artifacthub\\intel__helm-charts\\charts\\its-query-web-0.8.4"
[90m1:23AM[0m [33mWRN[0m [1mChart not in catalog – skipping[0m [36mchart=[0m"D:\\helm_clones_artifacthub\\intel__helm-charts\\charts\\its-query-web-2.1.0"
[90m1:23AM[0m [33mWRN[0m [1mChart not in catalog – skipping[0m [36mchart=[0m"D:\\helm_clones_artifacthub\\intel__helm-charts\\charts\\its-query-web-3.0.0"
[90m1:23AM[0m [33mWRN[0m [1mChart not in catalog – skipping[0m [36mchart=[0m"D:\\helm_clones_artifacthub\\intel__helm-charts\\charts\\its-query-web-3.0.3"
[90m1:23AM[0m [33mWRN[0m [1mChart not in catalog – skipping[0m [36mchart=[0m"D:\\helm_clones_artifacthub\\intel__helm-charts\\charts\\its-search-image-by-image-0.8.4"
[90m1:23AM[0m [33mWRN[0m [1mChart not in catalog – skipping[0m [36mchart=[0m"D:\\helm_clones_artifacthub\\intel__helm-charts\\charts\\its-search-image-by-image-2.1.0"
[90m1:23AM[0m [33mWRN[0m [1mChart not in catalog – skipping[0m [36mchart=[0m"D:\\helm_clones_artifacthub\\intel__helm-charts\\charts\\its-search-image-by-image-3.0.0"
[90m1:23AM[0m [33mWRN[0m [1mChart not in catalog – skipping[0m [36mchart=[0m"D:\\helm_clones_artifacthub\\intel__helm-charts\\charts\\its-search-image-by-image-3.0.3"
[90m1:23AM[0m [33mWRN[0m [1mChart not in catalog – skipping[0m [36mchart=[0m"D:\\helm_clones_artifacthub\\intel__helm-charts\\charts\\kes-0.8.1"
[90m1:23AM[0m [33mWRN[0m [1mChart not in catalog – skipping[0m [36mchart=[0m"D:\\helm_clones_artifacthub\\intel__helm-charts\\charts\\kes-0.8.3"
[90m1:23AM[0m [33mWRN[0m [1mChart not in catalog – skipping[0m [36mchart=[0m"D:\\helm_clones_artifacthub\\intel__helm-charts\\charts\\load-generator-0.1.2"
[90m1:23AM[0m [33mWRN[0m [1mChart not in catalog – skipping[0m [36mchart=[0m"D:\\helm_clones_artifacthub\\intel__helm-charts\\charts\\map5g-1.0.0"
[90m1:23AM[0m [33mWRN[0m [1mChart not in catalog – skipping[0m [36mchart=[0m"D:\\helm_clones_artifacthub\\intel__helm-charts\\charts\\multimodal-data-visualization-3.0.0"
[90m1:23AM[0m [33mWRN[0m [1mChart not in catalog – skipping[0m [36mchart=[0m"D:\\helm_clones_artifacthub\\intel__helm-charts\\charts\\my-keycloak-0.8.0"
[90m1:23AM[0m [33mWRN[0m [1mChart not in catalog – skipping[0m [36mchart=[0m"D:\\helm_clones_artifacthub\\intel__helm-charts\\charts\\my-keycloak-0.8.0\\charts\\keycloak"
[90m1:23AM[0m [33mWRN[0m [1mChart not in catalog – skipping[0m [36mchart=[0m"D:\\helm_clones_artifacthub\\intel__helm-charts\\charts\\my-keycloak-0.8.0\\charts\\keycloak\\charts\\common"
[90m1:23AM[0m [33mWRN[0m [1mChart not in catalog – skipping[0m [36mchart=[0m"D:\\helm_clones_artifacthub\\intel__helm-charts\\charts\\my-keycloak-0.8.0\\charts\\keycloak\\charts\\postgresql"
[90m1:23AM[0m [33mWRN[0m [1mChart not in catalog – skipping[0m [36mchart=[0m"D:\\helm_clones_artifacthub\\intel__helm-charts\\charts\\my-keycloak-0.8.0\\charts\\keycloak\\charts\\postgresql\\charts\\common"
[90m1:23AM[0m [33mWRN[0m [1mChart not in catalog – skipping[0m [36mchart=[0m"D:\\helm_clones_artifacthub\\intel__helm-charts\\charts\\my-keycloak-0.8.1"
[90m1:23AM[0m [33mWRN[0m [1mChart not in catalog – skipping[0m [36mchart=[0m"D:\\helm_clones_artifacthub\\intel__helm-charts\\charts\\my-keycloak-0.8.1\\charts\\keycloak"
[90m1:23AM[0m [33mWRN[0m [1mChart not in catalog – skipping[0m [36mchart=[0m"D:\\helm_clones_artifacthub\\intel__helm-charts\\charts\\my-keycloak-0.8.1\\charts\\keycloak\\charts\\common"
[90m1:23AM[0m [33mWRN[0m [1mChart not in catalog – skipping[0m [36mchart=[0m"D:\\helm_clones_artifacthub\\intel__helm-charts\\charts\\my-keycloak-0.8.1\\charts\\keycloak\\charts\\postgresql"
[90m1:23AM[0m [33mWRN[0m [1mChart not in catalog – skipping[0m [36mchart=[0m"D:\\helm_clones_artifacthub\\intel__helm-charts\\charts\\my-keycloak-0.8.1\\charts\\keycloak\\charts\\postgresql\\charts\\common"
[90m1:23AM[0m [33mWRN[0m [1mChart not in catalog – skipping[0m [36mchart=[0m"D:\\helm_clones_artifacthub\\intel__helm-charts\\charts\\new-hbase-0.8.0"
[90m1:23AM[0m [33mWRN[0m [1mChart not in catalog – skipping[0m [36mchart=[0m"D:\\helm_clones_artifacthub\\intel__helm-charts\\charts\\new-hbase-0.8.0\\charts\\hbase"
[90m1:23AM[0m [33mWRN[0m [1mChart not in catalog – skipping[0m [36mchart=[0m"D:\\helm_clones_artifacthub\\intel__helm-charts\\charts\\new-hbase-0.8.0\\charts\\hbase\\charts\\hadoop"
[90m1:23AM[0m [33mWRN[0m [1mChart not in catalog – skipping[0m [36mchart=[0m"D:\\helm_clones_artifacthub\\intel__helm-charts\\charts\\new-hbase-0.8.0\\charts\\hbase\\charts\\zookeeper"
[90m1:23AM[0m [33mWRN[0m [1mChart not in catalog – skipping[0m [36mchart=[0m"D:\\helm_clones_artifacthub\\intel__helm-charts\\charts\\new-hbase-0.8.0\\charts\\hbase\\charts\\zookeeper\\charts\\common"
[90m1:23AM[0m [33mWRN[0m [1mChart not in catalog – skipping[0m [36mchart=[0m"D:\\helm_clones_artifacthub\\intel__helm-charts\\charts\\npu-device-plugin"
[90m1:23AM[0m [33mWRN[0m [1mChart not in catalog – skipping[0m [36mchart=[0m"D:\\helm_clones_artifacthub\\intel__helm-charts\\charts\\postgresql-ri-0.8.0"
[90m1:23AM[0m [33mWRN[0m [1mChart not in catalog – skipping[0m [36mchart=[0m"D:\\helm_clones_artifacthub\\intel__helm-charts\\charts\\postgresql-ri-0.8.0\\charts\\postgresql"
[90m1:23AM[0m [33mWRN[0m [1mChart not in catalog – skipping[0m [36mchart=[0m"D:\\helm_clones_artifacthub\\intel__helm-charts\\charts\\postgresql-ri-0.8.0\\charts\\postgresql\\charts\\common"
[90m1:23AM[0m [33mWRN[0m [1mChart not in catalog – skipping[0m [36mchart=[0m"D:\\helm_clones_artifacthub\\intel__helm-charts\\charts\\qat-device-plugin"
[90m1:23AM[0m [33mWRN[0m [1mChart not in catalog – skipping[0m [36mchart=[0m"D:\\helm_clones_artifacthub\\intel__helm-charts\\charts\\query-rest-0.8.0"
[90m1:23AM[0m [33mWRN[0m [1mChart not in catalog – skipping[0m [36mchart=[0m"D:\\helm_clones_artifacthub\\intel__helm-charts\\charts\\query-rest-0.8.3"
[90m1:23AM[0m [33mWRN[0m [1mChart not in catalog – skipping[0m [36mchart=[0m"D:\\helm_clones_artifacthub\\intel__helm-charts\\charts\\query-web-0.8.0"
[90m1:23AM[0m [33mWRN[0m [1mChart not in catalog – skipping[0m [36mchart=[0m"D:\\helm_clones_artifacthub\\intel__helm-charts\\charts\\query-web-0.8.3"
[90m1:23AM[0m [33mWRN[0m [1mChart not in catalog – skipping[0m [36mchart=[0m"D:\\helm_clones_artifacthub\\intel__helm-charts\\charts\\redis-0.8.0"
[90m1:23AM[0m [33mWRN[0m [1mChart not in catalog – skipping[0m [36mchart=[0m"D:\\helm_clones_artifacthub\\intel__helm-charts\\charts\\redis-0.8.0\\charts\\redis"
[90m1:23AM[0m [33mWRN[0m [1mChart not in catalog – skipping[0m [36mchart=[0m"D:\\helm_clones_artifacthub\\intel__helm-charts\\charts\\search-image-by-image-0.8.0"
[90m1:23AM[0m [33mWRN[0m [1mChart not in catalog – skipping[0m [36mchart=[0m"D:\\helm_clones_artifacthub\\intel__helm-charts\\charts\\search-image-by-image-0.8.3"
[90m1:23AM[0m [33mWRN[0m [1mChart not in catalog – skipping[0m [36mchart=[0m"D:\\helm_clones_artifacthub\\intel__helm-charts\\charts\\sgx-device-plugin"
[90m1:23AM[0m [33mWRN[0m [1mChart not in catalog – skipping[0m [36mchart=[0m"D:\\helm_clones_artifacthub\\intel__helm-charts\\charts\\spark-cluster-0.8.0"
[90m1:23AM[0m [33mWRN[0m [1mChart not in catalog – skipping[0m [36mchart=[0m"D:\\helm_clones_artifacthub\\intel__helm-charts\\charts\\spark-cluster-0.8.3"
[90m1:23AM[0m [33mWRN[0m [1mChart not in catalog – skipping[0m [36mchart=[0m"D:\\helm_clones_artifacthub\\intel__helm-charts\\charts\\storage-rest-0.8.0"
[90m1:23AM[0m [33mWRN[0m [1mChart not in catalog – skipping[0m [36mchart=[0m"D:\\helm_clones_artifacthub\\intel__helm-charts\\charts\\storage-rest-0.8.3"
[90m1:23AM[0m [33mWRN[0m [1mChart not in catalog – skipping[0m [36mchart=[0m"D:\\helm_clones_artifacthub\\intel__helm-charts\\charts\\tensorflow-serving-0.1.0"
[90m1:23AM[0m [33mWRN[0m [1mChart not in catalog – skipping[0m [36mchart=[0m"D:\\helm_clones_artifacthub\\intel__helm-charts\\charts\\text-generation-inference-0.2.1"
[90m1:23AM[0m [33mWRN[0m [1mChart not in catalog – skipping[0m [36mchart=[0m"D:\\helm_clones_artifacthub\\intel__helm-charts\\charts\\torchserve-0.1.0"
[90m1:23AM[0m [33mWRN[0m [1mChart not in catalog – skipping[0m [36mchart=[0m"D:\\helm_clones_artifacthub\\intel__helm-charts\\charts\\trusted-attestation-controller"
[90m1:23AM[0m [33mWRN[0m [1mChart not in catalog – skipping[0m [36mchart=[0m"D:\\helm_clones_artifacthub\\intel__helm-charts\\charts\\trusted-certificate-issuer"
[90m1:23AM[0m [33mWRN[0m [1mChart not in catalog – skipping[0m [36mchart=[0m"D:\\helm_clones_artifacthub\\intel__helm-charts\\charts\\vault-0.8.0"
[90m1:23AM[0m [33mWRN[0m [1mChart not in catalog – skipping[0m [36mchart=[0m"D:\\helm_clones_artifacthub\\intel__helm-charts\\charts\\vault-0.8.0\\charts\\vault"
[90m1:23AM[0m [33mWRN[0m [1mChart not in catalog – skipping[0m [36mchart=[0m"D:\\helm_clones_artifacthub\\intel__helm-charts\\charts\\vault-0.8.1"
[90m1:23AM[0m [33mWRN[0m [1mChart not in catalog – skipping[0m [36mchart=[0m"D:\\helm_clones_artifacthub\\intel__helm-charts\\charts\\vault-0.8.1\\charts\\vault"
[90m1:23AM[0m [32mINF[0m [1mProcessing repo[0m [36mrepo=[0mk8s-at-home/charts [36mrepo_index=[0m438 [36mtotal=[0m486
[90m1:23AM[0m [32mINF[0m [1mAlready cloned – skipping[0m [36mdir=[0m"D:\\helm_clones_artifacthub\\k8s-at-home__charts"
[90m1:23AM[0m [33mWRN[0m [1mChart not in catalog – skipping[0m [36mchart=[0m"D:\\helm_clones_artifacthub\\k8s-at-home__charts\\charts\\stable\\flaresolverr"
[90m1:23AM[0m [33mWRN[0m [1mChart not in catalog – skipping[0m [36mchart=[0m"D:\\helm_clones_artifacthub\\k8s-at-home__charts\\charts\\stable\\flood"
[90m1:23AM[0m [33mWRN[0m [1mChart not in catalog – skipping[0m [36mchart=[0m"D:\\helm_clones_artifacthub\\k8s-at-home__charts\\charts\\stable\\focalboard"
[90m1:23AM[0m [33mWRN[0m [1mChart not in catalog – skipping[0m [36mchart=[0m"D:\\helm_clones_artifacthub\\k8s-at-home__charts\\charts\\stable\\foundryvtt"
[90m1:23AM[0m [33mWRN[0m [1mChart not in catalog – skipping[0m [36mchart=[0m"D:\\helm_clones_artifacthub\\k8s-at-home__charts\\charts\\stable\\freshrss"
[90m1:23AM[0m [33mWRN[0m [1mChart not in catalog – skipping[0m [36mchart=[0m"D:\\helm_clones_artifacthub\\k8s-at-home__charts\\charts\\stable\\frigate"
[90m1:23AM[0m [33mWRN[0m [1mChart not in catalog – skipping[0m [36mchart=[0m"D:\\helm_clones_artifacthub\\k8s-at-home__charts\\charts\\stable\\games-on-whales"
[90m1:23AM[0m [33mWRN[0m [1mChart not in catalog – skipping[0m [36mchart=[0m"D:\\helm_clones_artifacthub\\k8s-at-home__charts\\charts\\stable\\gaps"
[90m1:23AM[0m [33mWRN[0m [1mChart not in catalog – skipping[0m [36mchart=[0m"D:\\helm_clones_artifacthub\\k8s-at-home__charts\\charts\\stable\\gatus"
[90m1:23AM[0m [33mWRN[0m [1mChart not in catalog – skipping[0m [36mchart=[0m"D:\\helm_clones_artifacthub\\k8s-at-home__charts\\charts\\stable\\ghost"
[90m1:23AM[0m [33mWRN[0m [1mChart not in catalog – skipping[0m [36mchart=[0m"D:\\helm_clones_artifacthub\\k8s-at-home__charts\\charts\\stable\\gollum"
[90m1:23AM[0m [33mWRN[0m [1mChart not in catalog – skipping[0m [36mchart=[0m"D:\\helm_clones_artifacthub\\k8s-at-home__charts\\charts\\stable\\gonic"
[90m1:23AM[0m [33mWRN[0m [1mChart not in catalog – skipping[0m [36mchart=[0m"D:\\helm_clones_artifacthub\\k8s-at-home__charts\\charts\\stable\\gotify"
[90m1:23AM[0m [33mWRN[0m [1mChart not in catalog – skipping[0m [36mchart=[0m"D:\\helm_clones_artifacthub\\k8s-at-home__charts\\charts\\stable\\grocy"
[90m1:23AM[0m [33mWRN[0m [1mChart not in catalog – skipping[0m [36mchart=[0m"D:\\helm_clones_artifacthub\\k8s-at-home__charts\\charts\\stable\\haste-server"
[90m1:23AM[0m [33mWRN[0m [1mChart not in catalog – skipping[0m [36mchart=[0m"D:\\helm_clones_artifacthub\\k8s-at-home__charts\\charts\\stable\\healthchecks"
[90m1:23AM[0m [33mWRN[0m [1mChart not in catalog – skipping[0m [36mchart=[0m"D:\\helm_clones_artifacthub\\k8s-at-home__charts\\charts\\stable\\heimdall"
[90m1:23AM[0m [33mWRN[0m [1mChart not in catalog – skipping[0m [36mchart=[0m"D:\\helm_clones_artifacthub\\k8s-at-home__charts\\charts\\stable\\home-assistant"
[90m1:23AM[0m [33mWRN[0m [1mChart not in catalog – skipping[0m [36mchart=[0m"D:\\helm_clones_artifacthub\\k8s-at-home__charts\\charts\\stable\\homebridge"
[90m1:23AM[0m [33mWRN[0m [1mChart not in catalog – skipping[0m [36mchart=[0m"D:\\helm_clones_artifacthub\\k8s-at-home__charts\\charts\\stable\\homer"
[90m1:23AM[0m [33mWRN[0m [1mChart not in catalog – skipping[0m [36mchart=[0m"D:\\helm_clones_artifacthub\\k8s-at-home__charts\\charts\\stable\\hyperion-ng"
[90m1:23AM[0m [33mWRN[0m [1mChart not in catalog – skipping[0m [36mchart=[0m"D:\\helm_clones_artifacthub\\k8s-at-home__charts\\charts\\stable\\icantbelieveitsnotvaletudo"
[90m1:23AM[0m [33mWRN[0m [1mChart not in catalog – skipping[0m [36mchart=[0m"D:\\helm_clones_artifacthub\\k8s-at-home__charts\\charts\\stable\\icinga2"
[90m1:23AM[0m [33mWRN[0m [1mChart not in catalog – skipping[0m [36mchart=[0m"D:\\helm_clones_artifacthub\\k8s-at-home__charts\\charts\\stable\\ihatemoney"
[90m1:23AM[0m [33mWRN[0m [1mChart not in catalog – skipping[0m [36mchart=[0m"D:\\helm_clones_artifacthub\\k8s-at-home__charts\\charts\\stable\\influxdb-exporter"
[90m1:23AM[0m [33mWRN[0m [1mChart not in catalog – skipping[0m [36mchart=[0m"D:\\helm_clones_artifacthub\\k8s-at-home__charts\\charts\\stable\\intel-gpu-plugin"
[90m1:23AM[0m [33mWRN[0m [1mChart not in catalog – skipping[0m [36mchart=[0m"D:\\helm_clones_artifacthub\\k8s-at-home__charts\\charts\\stable\\jackett"
[90m1:23AM[0m [33mWRN[0m [1mChart not in catalog – skipping[0m [36mchart=[0m"D:\\helm_clones_artifacthub\\k8s-at-home__charts\\charts\\stable\\jellyfin"
[90m1:23AM[0m [33mWRN[0m [1mChart not in catalog – skipping[0m [36mchart=[0m"D:\\helm_clones_artifacthub\\k8s-at-home__charts\\charts\\stable\\joplin-server"
[90m1:23AM[0m [33mWRN[0m [1mChart not in catalog – skipping[0m [36mchart=[0m"D:\\helm_clones_artifacthub\\k8s-at-home__charts\\charts\\stable\\kanboard"
[90m1:23AM[0m [33mWRN[0m [1mChart not in catalog – skipping[0m [36mchart=[0m"D:\\helm_clones_artifacthub\\k8s-at-home__charts\\charts\\stable\\komga"
[90m1:23AM[0m [33mWRN[0m [1mChart not in catalog – skipping[0m [36mchart=[0m"D:\\helm_clones_artifacthub\\k8s-at-home__charts\\charts\\stable\\kube-ops-view"
[90m1:23AM[0m [33mWRN[0m [1mChart not in catalog – skipping[0m [36mchart=[0m"D:\\helm_clones_artifacthub\\k8s-at-home__charts\\charts\\stable\\lazylibrarian"
[90m1:23AM[0m [33mWRN[0m [1mChart not in catalog – skipping[0m [36mchart=[0m"D:\\helm_clones_artifacthub\\k8s-at-home__charts\\charts\\stable\\leaf2mqtt"
[90m1:23AM[0m [33mWRN[0m [1mChart not in catalog – skipping[0m [36mchart=[0m"D:\\helm_clones_artifacthub\\k8s-at-home__charts\\charts\\stable\\librespeed"
[90m1:23AM[0m [33mWRN[0m [1mChart not in catalog – skipping[0m [36mchart=[0m"D:\\helm_clones_artifacthub\\k8s-at-home__charts\\charts\\stable\\lidarr"
[90m1:23AM[0m [33mWRN[0m [1mChart not in catalog – skipping[0m [36mchart=[0m"D:\\helm_clones_artifacthub\\k8s-at-home__charts\\charts\\stable\\littlelink-server"
[90m1:23AM[0m [33mWRN[0m [1mChart not in catalog – skipping[0m [36mchart=[0m"D:\\helm_clones_artifacthub\\k8s-at-home__charts\\charts\\stable\\lychee"
[90m1:23AM[0m [33mWRN[0m [1mChart not in catalog – skipping[0m [36mchart=[0m"D:\\helm_clones_artifacthub\\k8s-at-home__charts\\charts\\stable\\maddy"
[90m1:23AM[0m [33mWRN[0m [1mChart not in catalog – skipping[0m [36mchart=[0m"D:\\helm_clones_artifacthub\\k8s-at-home__charts\\charts\\stable\\magic-mirror"
[90m1:23AM[0m [33mWRN[0m [1mChart not in catalog – skipping[0m [36mchart=[0m"D:\\helm_clones_artifacthub\\k8s-at-home__charts\\charts\\stable\\mealie"
[90m1:23AM[0m [33mWRN[0m [1mChart not in catalog – skipping[0m [36mchart=[0m"D:\\helm_clones_artifacthub\\k8s-at-home__charts\\charts\\stable\\miniflux"
[90m1:23AM[0m [33mWRN[0m [1mChart not in catalog – skipping[0m [36mchart=[0m"D:\\helm_clones_artifacthub\\k8s-at-home__charts\\charts\\stable\\minio-console"
[90m1:23AM[0m [33mWRN[0m [1mChart not in catalog – skipping[0m [36mchart=[0m"D:\\helm_clones_artifacthub\\k8s-at-home__charts\\charts\\stable\\modem-stats"
[90m1:23AM[0m [33mWRN[0m [1mChart not in catalog – skipping[0m [36mchart=[0m"D:\\helm_clones_artifacthub\\k8s-at-home__charts\\charts\\stable\\monica"
[90m1:23AM[0m [33mWRN[0m [1mChart not in catalog – skipping[0m [36mchart=[0m"D:\\helm_clones_artifacthub\\k8s-at-home__charts\\charts\\stable\\mosquitto"
[90m1:23AM[0m [33mWRN[0m [1mChart not in catalog – skipping[0m [36mchart=[0m"D:\\helm_clones_artifacthub\\k8s-at-home__charts\\charts\\stable\\mqtt-exporter"
[90m1:23AM[0m [33mWRN[0m [1mChart not in catalog – skipping[0m [36mchart=[0m"D:\\helm_clones_artifacthub\\k8s-at-home__charts\\charts\\stable\\multus"
[90m1:23AM[0m [33mWRN[0m [1mChart not in catalog – skipping[0m [36mchart=[0m"D:\\helm_clones_artifacthub\\k8s-at-home__charts\\charts\\stable\\mylar"
[90m1:23AM[0m [33mWRN[0m [1mChart not in catalog – skipping[0m [36mchart=[0m"D:\\helm_clones_artifacthub\\k8s-at-home__charts\\charts\\stable\\navidrome"
[90m1:23AM[0m [33mWRN[0m [1mChart not in catalog – skipping[0m [36mchart=[0m"D:\\helm_clones_artifacthub\\k8s-at-home__charts\\charts\\stable\\neolink"
[90m1:23AM[0m [33mWRN[0m [1mChart not in catalog – skipping[0m [36mchart=[0m"D:\\helm_clones_artifacthub\\k8s-at-home__charts\\charts\\stable\\network-ups-tools"
[90m1:23AM[0m [33mWRN[0m [1mChart not in catalog – skipping[0m [36mchart=[0m"D:\\helm_clones_artifacthub\\k8s-at-home__charts\\charts\\stable\\nginx-php"
[90m1:23AM[0m [33mWRN[0m [1mChart not in catalog – skipping[0m [36mchart=[0m"D:\\helm_clones_artifacthub\\k8s-at-home__charts\\charts\\stable\\nightscout"
[90m1:23AM[0m [33mWRN[0m [1mChart not in catalog – skipping[0m [36mchart=[0m"D:\\helm_clones_artifacthub\\k8s-at-home__charts\\charts\\stable\\node-red"
[90m1:23AM[0m [33mWRN[0m [1mChart not in catalog – skipping[0m [36mchart=[0m"D:\\helm_clones_artifacthub\\k8s-at-home__charts\\charts\\stable\\ntfy"
[90m1:23AM[0m [33mWRN[0m [1mChart not in catalog – skipping[0m [36mchart=[0m"D:\\helm_clones_artifacthub\\k8s-at-home__charts\\charts\\stable\\nullserv"
[90m1:23AM[0m [33mWRN[0m [1mChart not in catalog – skipping[0m [36mchart=[0m"D:\\helm_clones_artifacthub\\k8s-at-home__charts\\charts\\stable\\nzbget"
[90m1:23AM[0m [33mWRN[0m [1mChart not in catalog – skipping[0m [36mchart=[0m"D:\\helm_clones_artifacthub\\k8s-at-home__charts\\charts\\stable\\nzbhydra2"
[90m1:23AM[0m [33mWRN[0m [1mChart not in catalog – skipping[0m [36mchart=[0m"D:\\helm_clones_artifacthub\\k8s-at-home__charts\\charts\\stable\\octoprint"
[90m1:23AM[0m [33mWRN[0m [1mChart not in catalog – skipping[0m [36mchart=[0m"D:\\helm_clones_artifacthub\\k8s-at-home__charts\\charts\\stable\\omada-controller"
[90m1:23AM[0m [33mWRN[0m [1mChart not in catalog – skipping[0m [36mchart=[0m"D:\\helm_clones_artifacthub\\k8s-at-home__charts\\charts\\stable\\ombi"
[90m1:23AM[0m [33mWRN[0m [1mChart not in catalog – skipping[0m [36mchart=[0m"D:\\helm_clones_artifacthub\\k8s-at-home__charts\\charts\\stable\\onedrive"
[90m1:23AM[0m [33mWRN[0m [1mChart not in catalog – skipping[0m [36mchart=[0m"D:\\helm_clones_artifacthub\\k8s-at-home__charts\\charts\\stable\\openemr"
[90m1:23AM[0m [33mWRN[0m [1mChart not in catalog – skipping[0m [36mchart=[0m"D:\\helm_clones_artifacthub\\k8s-at-home__charts\\charts\\stable\\openkm"
[90m1:23AM[0m [33mWRN[0m [1mChart not in catalog – skipping[0m [36mchart=[0m"D:\\helm_clones_artifacthub\\k8s-at-home__charts\\charts\\stable\\organizr"
[90m1:23AM[0m [33mWRN[0m [1mChart not in catalog – skipping[0m [36mchart=[0m"D:\\helm_clones_artifacthub\\k8s-at-home__charts\\charts\\stable\\otel-collector"
[90m1:23AM[0m [33mWRN[0m [1mChart not in catalog – skipping[0m [36mchart=[0m"D:\\helm_clones_artifacthub\\k8s-at-home__charts\\charts\\stable\\overleaf"
[90m1:23AM[0m [33mWRN[0m [1mChart not in catalog – skipping[0m [36mchart=[0m"D:\\helm_clones_artifacthub\\k8s-at-home__charts\\charts\\stable\\overseerr"
[90m1:23AM[0m [33mWRN[0m [1mChart not in catalog – skipping[0m [36mchart=[0m"D:\\helm_clones_artifacthub\\k8s-at-home__charts\\charts\\stable\\owncast"
[90m1:23AM[0m [33mWRN[0m [1mChart not in catalog – skipping[0m [36mchart=[0m"D:\\helm_clones_artifacthub\\k8s-at-home__charts\\charts\\stable\\owncloud-ocis"
[90m1:23AM[0m [33mWRN[0m [1mChart not in catalog – skipping[0m [36mchart=[0m"D:\\helm_clones_artifacthub\\k8s-at-home__charts\\charts\\stable\\paperless"
[90m1:23AM[0m [33mWRN[0m [1mChart not in catalog – skipping[0m [36mchart=[0m"D:\\helm_clones_artifacthub\\k8s-at-home__charts\\charts\\stable\\photoprism"
[90m1:23AM[0m [33mWRN[0m [1mChart not in catalog – skipping[0m [36mchart=[0m"D:\\helm_clones_artifacthub\\k8s-at-home__charts\\charts\\stable\\plex"
[90m1:23AM[0m [33mWRN[0m [1mChart not in catalog – skipping[0m [36mchart=[0m"D:\\helm_clones_artifacthub\\k8s-at-home__charts\\charts\\stable\\pod-gateway"
[90m1:23AM[0m [33mWRN[0m [1mChart not in catalog – skipping[0m [36mchart=[0m"D:\\helm_clones_artifacthub\\k8s-at-home__charts\\charts\\stable\\powerdns-admin"
[90m1:23AM[0m [33mWRN[0m [1mChart not in catalog – skipping[0m [36mchart=[0m"D:\\helm_clones_artifacthub\\k8s-at-home__charts\\charts\\stable\\pretend-youre-xyzzy"
[90m1:23AM[0m [33mWRN[0m [1mChart not in catalog – skipping[0m [36mchart=[0m"D:\\helm_clones_artifacthub\\k8s-at-home__charts\\charts\\stable\\privatebin"
[90m1:23AM[0m [33mWRN[0m [1mChart not in catalog – skipping[0m [36mchart=[0m"D:\\helm_clones_artifacthub\\k8s-at-home__charts\\charts\\stable\\promcord"
[90m1:23AM[0m [33mWRN[0m [1mChart not in catalog – skipping[0m [36mchart=[0m"D:\\helm_clones_artifacthub\\k8s-at-home__charts\\charts\\stable\\prometheus-nut-exporter"
[90m1:23AM[0m [33mWRN[0m [1mChart not in catalog – skipping[0m [36mchart=[0m"D:\\helm_clones_artifacthub\\k8s-at-home__charts\\charts\\stable\\protonmail-bridge"
[90m1:23AM[0m [33mWRN[0m [1mChart not in catalog – skipping[0m [36mchart=[0m"D:\\helm_clones_artifacthub\\k8s-at-home__charts\\charts\\stable\\prowlarr"
[90m1:23AM[0m [33mWRN[0m [1mChart not in catalog – skipping[0m [36mchart=[0m"D:\\helm_clones_artifacthub\\k8s-at-home__charts\\charts\\stable\\puppeteer"
[90m1:23AM[0m [33mWRN[0m [1mChart not in catalog – skipping[0m [36mchart=[0m"D:\\helm_clones_artifacthub\\k8s-at-home__charts\\charts\\stable\\pyload"
[90m1:23AM[0m [33mWRN[0m [1mChart not in catalog – skipping[0m [36mchart=[0m"D:\\helm_clones_artifacthub\\k8s-at-home__charts\\charts\\stable\\qbittorrent"
[90m1:23AM[0m [33mWRN[0m [1mChart not in catalog – skipping[0m [36mchart=[0m"D:\\helm_clones_artifacthub\\k8s-at-home__charts\\charts\\stable\\radarr"
[90m1:23AM[0m [33mWRN[0m [1mChart not in catalog – skipping[0m [36mchart=[0m"D:\\helm_clones_artifacthub\\k8s-at-home__charts\\charts\\stable\\radicale"
[90m1:23AM[0m [33mWRN[0m [1mChart not in catalog – skipping[0m [36mchart=[0m"D:\\helm_clones_artifacthub\\k8s-at-home__charts\\charts\\stable\\readarr"
[90m1:23AM[0m [33mWRN[0m [1mChart not in catalog – skipping[0m [36mchart=[0m"D:\\helm_clones_artifacthub\\k8s-at-home__charts\\charts\\stable\\recipes"
[90m1:23AM[0m [33mWRN[0m [1mChart not in catalog – skipping[0m [36mchart=[0m"D:\\helm_clones_artifacthub\\k8s-at-home__charts\\charts\\stable\\resilio-sync"
[90m1:23AM[0m [33mWRN[0m [1mChart not in catalog – skipping[0m [36mchart=[0m"D:\\helm_clones_artifacthub\\k8s-at-home__charts\\charts\\stable\\reverse-proxy"
[90m1:23AM[0m [33mWRN[0m [1mChart not in catalog – skipping[0m [36mchart=[0m"D:\\helm_clones_artifacthub\\k8s-at-home__charts\\charts\\stable\\rhasspy"
[90m1:23AM[0m [33mWRN[0m [1mChart not in catalog – skipping[0m [36mchart=[0m"D:\\helm_clones_artifacthub\\k8s-at-home__charts\\charts\\stable\\rtorrent-flood"
[90m1:23AM[0m [33mWRN[0m [1mChart not in catalog – skipping[0m [36mchart=[0m"D:\\helm_clones_artifacthub\\k8s-at-home__charts\\charts\\stable\\rtorrent-rutorrent"
[90m1:23AM[0m [33mWRN[0m [1mChart not in catalog – skipping[0m [36mchart=[0m"D:\\helm_clones_artifacthub\\k8s-at-home__charts\\charts\\stable\\rtsp-to-web"
[90m1:23AM[0m [33mWRN[0m [1mChart not in catalog – skipping[0m [36mchart=[0m"D:\\helm_clones_artifacthub\\k8s-at-home__charts\\charts\\stable\\sabnzbd"
[90m1:23AM[0m [33mWRN[0m [1mChart not in catalog – skipping[0m [36mchart=[0m"D:\\helm_clones_artifacthub\\k8s-at-home__charts\\charts\\stable\\samba"
[90m1:23AM[0m [33mWRN[0m [1mChart not in catalog – skipping[0m [36mchart=[0m"D:\\helm_clones_artifacthub\\k8s-at-home__charts\\charts\\stable\\satisfactory"
[90m1:23AM[0m [33mWRN[0m [1mChart not in catalog – skipping[0m [36mchart=[0m"D:\\helm_clones_artifacthub\\k8s-at-home__charts\\charts\\stable\\seafile"
[90m1:23AM[0m [33mWRN[0m [1mChart not in catalog – skipping[0m [36mchart=[0m"D:\\helm_clones_artifacthub\\k8s-at-home__charts\\charts\\stable\\searx"
[90m1:23AM[0m [33mWRN[0m [1mChart not in catalog – skipping[0m [36mchart=[0m"D:\\helm_clones_artifacthub\\k8s-at-home__charts\\charts\\stable\\send"
[90m1:23AM[0m [33mWRN[0m [1mChart not in catalog – skipping[0m [36mchart=[0m"D:\\helm_clones_artifacthub\\k8s-at-home__charts\\charts\\stable\\ser2sock"
[90m1:23AM[0m [33mWRN[0m [1mChart not in catalog – skipping[0m [36mchart=[0m"D:\\helm_clones_artifacthub\\k8s-at-home__charts\\charts\\stable\\sharry"
[90m1:23AM[0m [33mWRN[0m [1mChart not in catalog – skipping[0m [36mchart=[0m"D:\\helm_clones_artifacthub\\k8s-at-home__charts\\charts\\stable\\shinobi"
[90m1:23AM[0m [33mWRN[0m [1mChart not in catalog – skipping[0m [36mchart=[0m"D:\\helm_clones_artifacthub\\k8s-at-home__charts\\charts\\stable\\shlink"
[90m1:23AM[0m [33mWRN[0m [1mChart not in catalog – skipping[0m [36mchart=[0m"D:\\helm_clones_artifacthub\\k8s-at-home__charts\\charts\\stable\\smarter-device-manager"
[90m1:23AM[0m [33mWRN[0m [1mChart not in catalog – skipping[0m [36mchart=[0m"D:\\helm_clones_artifacthub\\k8s-at-home__charts\\charts\\stable\\sonarr"
[90m1:23AM[0m [33mWRN[0m [1mChart not in catalog – skipping[0m [36mchart=[0m"D:\\helm_clones_artifacthub\\k8s-at-home__charts\\charts\\stable\\speedtest-exporter"
[90m1:23AM[0m [33mWRN[0m [1mChart not in catalog – skipping[0m [36mchart=[0m"D:\\helm_clones_artifacthub\\k8s-at-home__charts\\charts\\stable\\stash"
[90m1:23AM[0m [33mWRN[0m [1mChart not in catalog – skipping[0m [36mchart=[0m"D:\\helm_clones_artifacthub\\k8s-at-home__charts\\charts\\stable\\statping"
[90m1:23AM[0m [33mWRN[0m [1mChart not in catalog – skipping[0m [36mchart=[0m"D:\\helm_clones_artifacthub\\k8s-at-home__charts\\charts\\stable\\syncthing"
[90m1:23AM[0m [33mWRN[0m [1mChart not in catalog – skipping[0m [36mchart=[0m"D:\\helm_clones_artifacthub\\k8s-at-home__charts\\charts\\stable\\syslog-ng"
[90m1:23AM[0m [33mWRN[0m [1mChart not in catalog – skipping[0m [36mchart=[0m"D:\\helm_clones_artifacthub\\k8s-at-home__charts\\charts\\stable\\tautulli"
[90m1:23AM[0m [33mWRN[0m [1mChart not in catalog – skipping[0m [36mchart=[0m"D:\\helm_clones_artifacthub\\k8s-at-home__charts\\charts\\stable\\tdarr"
[90m1:23AM[0m [33mWRN[0m [1mChart not in catalog – skipping[0m [36mchart=[0m"D:\\helm_clones_artifacthub\\k8s-at-home__charts\\charts\\stable\\teedy"
[90m1:23AM[0m [33mWRN[0m [1mChart not in catalog – skipping[0m [36mchart=[0m"D:\\helm_clones_artifacthub\\k8s-at-home__charts\\charts\\stable\\teslamate"
[90m1:23AM[0m [33mWRN[0m [1mChart not in catalog – skipping[0m [36mchart=[0m"D:\\helm_clones_artifacthub\\k8s-at-home__charts\\charts\\stable\\thelounge"
[90m1:23AM[0m [33mWRN[0m [1mChart not in catalog – skipping[0m [36mchart=[0m"D:\\helm_clones_artifacthub\\k8s-at-home__charts\\charts\\stable\\theme-park"
[90m1:23AM[0m [33mWRN[0m [1mChart not in catalog – skipping[0m [36mchart=[0m"D:\\helm_clones_artifacthub\\k8s-at-home__charts\\charts\\stable\\traefik-forward-auth"
[90m1:23AM[0m [33mWRN[0m [1mChart not in catalog – skipping[0m [36mchart=[0m"D:\\helm_clones_artifacthub\\k8s-at-home__charts\\charts\\stable\\transmission"
[90m1:23AM[0m [33mWRN[0m [1mChart not in catalog – skipping[0m [36mchart=[0m"D:\\helm_clones_artifacthub\\k8s-at-home__charts\\charts\\stable\\tt-rss"
[90m1:23AM[0m [33mWRN[0m [1mChart not in catalog – skipping[0m [36mchart=[0m"D:\\helm_clones_artifacthub\\k8s-at-home__charts\\charts\\stable\\tvheadend"
[90m1:23AM[0m [33mWRN[0m [1mChart not in catalog – skipping[0m [36mchart=[0m"D:\\helm_clones_artifacthub\\k8s-at-home__charts\\charts\\stable\\unifi"
[90m1:23AM[0m [33mWRN[0m [1mChart not in catalog – skipping[0m [36mchart=[0m"D:\\helm_clones_artifacthub\\k8s-at-home__charts\\charts\\stable\\unifi-poller"
[90m1:23AM[0m [33mWRN[0m [1mChart not in catalog – skipping[0m [36mchart=[0m"D:\\helm_clones_artifacthub\\k8s-at-home__charts\\charts\\stable\\unpackerr"
[90m1:23AM[0m [33mWRN[0m [1mChart not in catalog – skipping[0m [36mchart=[0m"D:\\helm_clones_artifacthub\\k8s-at-home__charts\\charts\\stable\\uptime-kuma"
[90m1:23AM[0m [33mWRN[0m [1mChart not in catalog – skipping[0m [36mchart=[0m"D:\\helm_clones_artifacthub\\k8s-at-home__charts\\charts\\stable\\uptimerobot"
[90m1:23AM[0m [33mWRN[0m [1mChart not in catalog – skipping[0m [36mchart=[0m"D:\\helm_clones_artifacthub\\k8s-at-home__charts\\charts\\stable\\uptimerobot-prometheus"
[90m1:23AM[0m [33mWRN[0m [1mChart not in catalog – skipping[0m [36mchart=[0m"D:\\helm_clones_artifacthub\\k8s-at-home__charts\\charts\\stable\\valheim"
[90m1:23AM[0m [33mWRN[0m [1mChart not in catalog – skipping[0m [36mchart=[0m"D:\\helm_clones_artifacthub\\k8s-at-home__charts\\charts\\stable\\vaultwarden"
[90m1:23AM[0m [33mWRN[0m [1mChart not in catalog – skipping[0m [36mchart=[0m"D:\\helm_clones_artifacthub\\k8s-at-home__charts\\charts\\stable\\vikunja"
[90m1:23AM[0m [33mWRN[0m [1mChart not in catalog – skipping[0m [36mchart=[0m"D:\\helm_clones_artifacthub\\k8s-at-home__charts\\charts\\stable\\wallabag"
[90m1:23AM[0m [33mWRN[0m [1mChart not in catalog – skipping[0m [36mchart=[0m"D:\\helm_clones_artifacthub\\k8s-at-home__charts\\charts\\stable\\webtrees"
[90m1:23AM[0m [33mWRN[0m [1mChart not in catalog – skipping[0m [36mchart=[0m"D:\\helm_clones_artifacthub\\k8s-at-home__charts\\charts\\stable\\whoogle"
[90m1:23AM[0m [33mWRN[0m [1mChart not in catalog – skipping[0m [36mchart=[0m"D:\\helm_clones_artifacthub\\k8s-at-home__charts\\charts\\stable\\wikijs"
[90m1:23AM[0m [33mWRN[0m [1mChart not in catalog – skipping[0m [36mchart=[0m"D:\\helm_clones_artifacthub\\k8s-at-home__charts\\charts\\stable\\wireguard"
[90m1:23AM[0m [33mWRN[0m [1mChart not in catalog – skipping[0m [36mchart=[0m"D:\\helm_clones_artifacthub\\k8s-at-home__charts\\charts\\stable\\wmbusmeters"
[90m1:23AM[0m [33mWRN[0m [1mChart not in catalog – skipping[0m [36mchart=[0m"D:\\helm_clones_artifacthub\\k8s-at-home__charts\\charts\\stable\\xbackbone"
[90m1:23AM[0m [33mWRN[0m [1mChart not in catalog – skipping[0m [36mchart=[0m"D:\\helm_clones_artifacthub\\k8s-at-home__charts\\charts\\stable\\xbvr"
[90m1:23AM[0m [33mWRN[0m [1mChart not in catalog – skipping[0m [36mchart=[0m"D:\\helm_clones_artifacthub\\k8s-at-home__charts\\charts\\stable\\xteve"
[90m1:23AM[0m [33mWRN[0m [1mChart not in catalog – skipping[0m [36mchart=[0m"D:\\helm_clones_artifacthub\\k8s-at-home__charts\\charts\\stable\\youtubedl-material"
[90m1:23AM[0m [33mWRN[0m [1mChart not in catalog – skipping[0m [36mchart=[0m"D:\\helm_clones_artifacthub\\k8s-at-home__charts\\charts\\stable\\zalando-postgres-cluster"
[90m1:23AM[0m [33mWRN[0m [1mChart not in catalog – skipping[0m [36mchart=[0m"D:\\helm_clones_artifacthub\\k8s-at-home__charts\\charts\\stable\\zigbee2mqtt"
[90m1:23AM[0m [33mWRN[0m [1mChart not in catalog – skipping[0m [36mchart=[0m"D:\\helm_clones_artifacthub\\k8s-at-home__charts\\charts\\stable\\zwavejs2mqtt"
[90m1:23AM[0m [33mWRN[0m [1mChart not in catalog – skipping[0m [36mchart=[0m"D:\\helm_clones_artifacthub\\k8s-at-home__charts\\templates\\chart"
[90m1:23AM[0m [32mINF[0m [1mProcessing repo[0m [36mrepo=[0mloeken/helm-charts [36mrepo_index=[0m439 [36mtotal=[0m486
[90m1:23AM[0m [32mINF[0m [1mAlready cloned – skipping[0m [36mdir=[0m"D:\\helm_clones_artifacthub\\loeken__helm-charts"
[90m1:23AM[0m [33mWRN[0m [1mChart not in catalog – skipping[0m [36mchart=[0m"D:\\helm_clones_artifacthub\\loeken__helm-charts\\charts\\jellyfin"
[90m1:23AM[0m [33mWRN[0m [1mChart not in catalog – skipping[0m [36mchart=[0m"D:\\helm_clones_artifacthub\\loeken__helm-charts\\charts\\jellyseerr"
[90m1:23AM[0m [33mWRN[0m [1mChart not in catalog – skipping[0m [36mchart=[0m"D:\\helm_clones_artifacthub\\loeken__helm-charts\\charts\\nzbget"
[90m1:23AM[0m [33mWRN[0m [1mChart not in catalog – skipping[0m [36mchart=[0m"D:\\helm_clones_artifacthub\\loeken__helm-charts\\charts\\prowlarr"
[90m1:23AM[0m [33mWRN[0m [1mChart not in catalog – skipping[0m [36mchart=[0m"D:\\helm_clones_artifacthub\\loeken__helm-charts\\charts\\radarr"
[90m1:23AM[0m [33mWRN[0m [1mChart not in catalog – skipping[0m [36mchart=[0m"D:\\helm_clones_artifacthub\\loeken__helm-charts\\charts\\sinusbot"
[90m1:23AM[0m [33mWRN[0m [1mChart not in catalog – skipping[0m [36mchart=[0m"D:\\helm_clones_artifacthub\\loeken__helm-charts\\charts\\sonarr"
[90m1:23AM[0m [33mWRN[0m [1mChart not in catalog – skipping[0m [36mchart=[0m"D:\\helm_clones_artifacthub\\loeken__helm-charts\\charts\\uptime-kuma"
[90m1:23AM[0m [33mWRN[0m [1mChart not in catalog – skipping[0m [36mchart=[0m"D:\\helm_clones_artifacthub\\loeken__helm-charts\\charts\\vaultwarden"
[90m1:23AM[0m [32mINF[0m [1mProcessing repo[0m [36mrepo=[0myonahd/kor [36mrepo_index=[0m440 [36mtotal=[0m486
[90m1:23AM[0m [32mINF[0m [1mAlready cloned – skipping[0m [36mdir=[0m"D:\\helm_clones_artifacthub\\yonahd__kor"
[90m1:23AM[0m [32mINF[0m [1mProcessing repo[0m [36mrepo=[0mgetindata/helm-charts [36mrepo_index=[0m441 [36mtotal=[0m486
[90m1:23AM[0m [32mINF[0m [1mAlready cloned – skipping[0m [36mdir=[0m"D:\\helm_clones_artifacthub\\getindata__helm-charts"
[90m1:23AM[0m [32mINF[0m [1mProcessing repo[0m [36mrepo=[0mkubitodev/kubernetes-cloudflare-ddns [36mrepo_index=[0m442 [36mtotal=[0m486
[90m1:23AM[0m [32mINF[0m [1mAlready cloned – skipping[0m [36mdir=[0m"D:\\helm_clones_artifacthub\\kubitodev__kubernetes-cloudflare-ddns"
[90m1:23AM[0m [33mWRN[0m [1mNo charts found – skipping[0m [36mrepo=[0mkubitodev/kubernetes-cloudflare-ddns
[90m1:23AM[0m [32mINF[0m [1mProcessing repo[0m [36mrepo=[0mGoogleChrome/lighthouse-ci [36mrepo_index=[0m443 [36mtotal=[0m486
[90m1:23AM[0m [32mINF[0m [1mAlready cloned – skipping[0m [36mdir=[0m"D:\\helm_clones_artifacthub\\GoogleChrome__lighthouse-ci"
[90m1:23AM[0m [33mWRN[0m [1mNo charts found – skipping[0m [36mrepo=[0mGoogleChrome/lighthouse-ci
[90m1:23AM[0m [32mINF[0m [1mProcessing repo[0m [36mrepo=[0mkube-logging/helm-charts [36mrepo_index=[0m444 [36mtotal=[0m486
[90m1:23AM[0m [32mINF[0m [1mAlready cloned – skipping[0m [36mdir=[0m"D:\\helm_clones_artifacthub\\kube-logging__helm-charts"
[90m1:23AM[0m [32mINF[0m [1mProcessing repo[0m [36mrepo=[0mcloudeteer/helm-charts [36mrepo_index=[0m445 [36mtotal=[0m486
[90m1:23AM[0m [32mINF[0m [1mAlready cloned – skipping[0m [36mdir=[0m"D:\\helm_clones_artifacthub\\cloudeteer__helm-charts"
[90m1:23AM[0m [32mINF[0m [1mProcessing repo[0m [36mrepo=[0mmattermost/mattermost-operator [36mrepo_index=[0m446 [36mtotal=[0m486
[90m1:23AM[0m [32mINF[0m [1mAlready cloned – skipping[0m [36mdir=[0m"D:\\helm_clones_artifacthub\\mattermost__mattermost-operator"
[90m1:23AM[0m [33mWRN[0m [1mNo charts found – skipping[0m [36mrepo=[0mmattermost/mattermost-operator
[90m1:23AM[0m [32mINF[0m [1mProcessing repo[0m [36mrepo=[0mnetbox-community/netbox-chart [36mrepo_index=[0m447 [36mtotal=[0m486
[90m1:23AM[0m [32mINF[0m [1mAlready cloned – skipping[0m [36mdir=[0m"D:\\helm_clones_artifacthub\\netbox-community__netbox-chart"
[90m1:23AM[0m [32mINF[0m [1mProcessing repo[0m [36mrepo=[0mobeone/charts [36mrepo_index=[0m448 [36mtotal=[0m486
[90m1:23AM[0m [32mINF[0m [1mAlready cloned – skipping[0m [36mdir=[0m"D:\\helm_clones_artifacthub\\obeone__charts"
[90m1:23AM[0m [33mWRN[0m [1mChart not in catalog – skipping[0m [36mchart=[0m"D:\\helm_clones_artifacthub\\obeone__charts\\charts\\dnscrypt-proxy"
[90m1:23AM[0m [33mWRN[0m [1mChart not in catalog – skipping[0m [36mchart=[0m"D:\\helm_clones_artifacthub\\obeone__charts\\charts\\draw-things"
[90m1:23AM[0m [33mWRN[0m [1mChart not in catalog – skipping[0m [36mchart=[0m"D:\\helm_clones_artifacthub\\obeone__charts\\charts\\fooocus"
[90m1:23AM[0m [33mWRN[0m [1mChart not in catalog – skipping[0m [36mchart=[0m"D:\\helm_clones_artifacthub\\obeone__charts\\charts\\libretranslate"
[90m1:23AM[0m [33mWRN[0m [1mChart not in catalog – skipping[0m [36mchart=[0m"D:\\helm_clones_artifacthub\\obeone__charts\\charts\\mktxp"
[90m1:23AM[0m [33mWRN[0m [1mChart not in catalog – skipping[0m [36mchart=[0m"D:\\helm_clones_artifacthub\\obeone__charts\\charts\\nfs-server"
[90m1:23AM[0m [33mWRN[0m [1mChart not in catalog – skipping[0m [36mchart=[0m"D:\\helm_clones_artifacthub\\obeone__charts\\charts\\olvid-bot"
[90m1:23AM[0m [33mWRN[0m [1mChart not in catalog – skipping[0m [36mchart=[0m"D:\\helm_clones_artifacthub\\obeone__charts\\charts\\opengist"
[90m1:23AM[0m [33mWRN[0m [1mChart not in catalog – skipping[0m [36mchart=[0m"D:\\helm_clones_artifacthub\\obeone__charts\\charts\\technitium-dnsserver"
[90m1:23AM[0m [33mWRN[0m [1mChart not in catalog – skipping[0m [36mchart=[0m"D:\\helm_clones_artifacthub\\obeone__charts\\charts\\transfer.sh"
[90m1:23AM[0m [33mWRN[0m [1mChart not in catalog – skipping[0m [36mchart=[0m"D:\\helm_clones_artifacthub\\obeone__charts\\charts\\winbox"
[90m1:23AM[0m [32mINF[0m [1mProcessing repo[0m [36mrepo=[0mCloudTooling/k8s-olm [36mrepo_index=[0m449 [36mtotal=[0m486
[90m1:23AM[0m [32mINF[0m [1mAlready cloned – skipping[0m [36mdir=[0m"D:\\helm_clones_artifacthub\\CloudTooling__k8s-olm"
[90m1:23AM[0m [32mINF[0m [1mProcessing repo[0m [36mrepo=[0msuda/charts [36mrepo_index=[0m450 [36mtotal=[0m486
[90m1:23AM[0m [32mINF[0m [1mAlready cloned – skipping[0m [36mdir=[0m"D:\\helm_clones_artifacthub\\suda__charts"
[90m1:23AM[0m [32mINF[0m [1mProcessing repo[0m [36mrepo=[0micoretech/helm [36mrepo_index=[0m451 [36mtotal=[0m486
[90m1:23AM[0m [32mINF[0m [1mAlready cloned – skipping[0m [36mdir=[0m"D:\\helm_clones_artifacthub\\icoretech__helm"
[90m1:23AM[0m [32mINF[0m [1mProcessing repo[0m [36mrepo=[0mcaas-team/py-kube-downscaler [36mrepo_index=[0m452 [36mtotal=[0m486
[90m1:23AM[0m [32mINF[0m [1mAlready cloned – skipping[0m [36mdir=[0m"D:\\helm_clones_artifacthub\\caas-team__py-kube-downscaler"
[90m1:23AM[0m [32mINF[0m [1mProcessing repo[0m [36mrepo=[0mliranme/redisinsight-secure [36mrepo_index=[0m453 [36mtotal=[0m486
[90m1:23AM[0m [32mINF[0m [1mAlready cloned – skipping[0m [36mdir=[0m"D:\\helm_clones_artifacthub\\liranme__redisinsight-secure"
[90m1:23AM[0m [32mINF[0m [1mProcessing repo[0m [36mrepo=[0mcnieg/helm-charts [36mrepo_index=[0m454 [36mtotal=[0m486
[90m1:23AM[0m [32mINF[0m [1mAlready cloned – skipping[0m [36mdir=[0m"D:\\helm_clones_artifacthub\\cnieg__helm-charts"
[90m1:23AM[0m [33mWRN[0m [1mChart not in catalog – skipping[0m [36mchart=[0m"D:\\helm_clones_artifacthub\\cnieg__helm-charts\\charts\\default-chart"
[90m1:23AM[0m [33mWRN[0m [1mChart not in catalog – skipping[0m [36mchart=[0m"D:\\helm_clones_artifacthub\\cnieg__helm-charts\\charts\\dependency-track"
[90m1:23AM[0m [33mWRN[0m [1mChart not in catalog – skipping[0m [36mchart=[0m"D:\\helm_clones_artifacthub\\cnieg__helm-charts\\charts\\gantt"
[90m1:23AM[0m [33mWRN[0m [1mChart not in catalog – skipping[0m [36mchart=[0m"D:\\helm_clones_artifacthub\\cnieg__helm-charts\\charts\\maildev"
[90m1:23AM[0m [33mWRN[0m [1mChart not in catalog – skipping[0m [36mchart=[0m"D:\\helm_clones_artifacthub\\cnieg__helm-charts\\charts\\passbolt"
[90m1:23AM[0m [33mWRN[0m [1mChart not in catalog – skipping[0m [36mchart=[0m"D:\\helm_clones_artifacthub\\cnieg__helm-charts\\charts\\proxy-relay"
[90m1:23AM[0m [32mINF[0m [1mProcessing repo[0m [36mrepo=[0mWarxcell/helm-chart [36mrepo_index=[0m455 [36mtotal=[0m486
[90m1:23AM[0m [32mINF[0m [1mAlready cloned – skipping[0m [36mdir=[0m"D:\\helm_clones_artifacthub\\Warxcell__helm-chart"
[90m1:23AM[0m [32mINF[0m [1mProcessing repo[0m [36mrepo=[0mSeleniumHQ/docker-selenium [36mrepo_index=[0m456 [36mtotal=[0m486
[90m1:23AM[0m [32mINF[0m [1mAlready cloned – skipping[0m [36mdir=[0m"D:\\helm_clones_artifacthub\\SeleniumHQ__docker-selenium"
[90m1:23AM[0m [32mINF[0m [1mProcessing repo[0m [36mrepo=[0mfonzdm/servarr [36mrepo_index=[0m457 [36mtotal=[0m486
[90m1:23AM[0m [32mINF[0m [1mAlready cloned – skipping[0m [36mdir=[0m"D:\\helm_clones_artifacthub\\fonzdm__servarr"
[90m1:23AM[0m [32mINF[0m [1mProcessing repo[0m [36mrepo=[0mOpenMined/PySyft [36mrepo_index=[0m458 [36mtotal=[0m486
[90m1:23AM[0m [32mINF[0m [1mAlready cloned – skipping[0m [36mdir=[0m"D:\\helm_clones_artifacthub\\OpenMined__PySyft"
[90m1:23AM[0m [32mINF[0m [1mProcessing repo[0m [36mrepo=[0mnimbolus/helm-charts [36mrepo_index=[0m459 [36mtotal=[0m486
[90m1:23AM[0m [32mINF[0m [1mAlready cloned – skipping[0m [36mdir=[0m"D:\\helm_clones_artifacthub\\nimbolus__helm-charts"
[90m1:23AM[0m [32mINF[0m [1mProcessing repo[0m [36mrepo=[0mtailscale/tailscale [36mrepo_index=[0m460 [36mtotal=[0m486
[90m1:23AM[0m [32mINF[0m [1mAlready cloned – skipping[0m [36mdir=[0m"D:\\helm_clones_artifacthub\\tailscale__tailscale"
[90m1:23AM[0m [32mINF[0m [1mProcessing repo[0m [36mrepo=[0mmvisonneau/tailscale-relay-over-k8s [36mrepo_index=[0m461 [36mtotal=[0m486
[90m1:23AM[0m [32mINF[0m [1mAlready cloned – skipping[0m [36mdir=[0m"D:\\helm_clones_artifacthub\\mvisonneau__tailscale-relay-over-k8s"
[90m1:23AM[0m [33mWRN[0m [1mNo charts found – skipping[0m [36mrepo=[0mmvisonneau/tailscale-relay-over-k8s
[90m1:23AM[0m [32mINF[0m [1mProcessing repo[0m [36mrepo=[0mUffizziCloud/uffizzi_controller [36mrepo_index=[0m462 [36mtotal=[0m486
[90m1:23AM[0m [32mINF[0m [1mAlready cloned – skipping[0m [36mdir=[0m"D:\\helm_clones_artifacthub\\UffizziCloud__uffizzi_controller"
[90m1:23AM[0m [32mINF[0m [1mProcessing repo[0m [36mrepo=[0mlouislam/uptime-kuma [36mrepo_index=[0m463 [36mtotal=[0m486
[90m1:23AM[0m [32mINF[0m [1mAlready cloned – skipping[0m [36mdir=[0m"D:\\helm_clones_artifacthub\\louislam__uptime-kuma"
[90m1:23AM[0m [33mWRN[0m [1mNo charts found – skipping[0m [36mrepo=[0mlouislam/uptime-kuma
[90m1:23AM[0m [32mINF[0m [1mProcessing repo[0m [36mrepo=[0mweaveworks/scope [36mrepo_index=[0m464 [36mtotal=[0m486
[90m1:23AM[0m [32mINF[0m [1mAlready cloned – skipping[0m [36mdir=[0m"D:\\helm_clones_artifacthub\\weaveworks__scope"
[90m1:23AM[0m [33mWRN[0m [1mNo charts found – skipping[0m [36mrepo=[0mweaveworks/scope
[90m1:23AM[0m [32mINF[0m [1mProcessing repo[0m [36mrepo=[0mKoenkk/zigbee2mqtt [36mrepo_index=[0m465 [36mtotal=[0m486
[90m1:23AM[0m [32mINF[0m [1mAlready cloned – skipping[0m [36mdir=[0m"D:\\helm_clones_artifacthub\\Koenkk__zigbee2mqtt"
[90m1:23AM[0m [33mWRN[0m [1mNo charts found – skipping[0m [36mrepo=[0mKoenkk/zigbee2mqtt
[90m1:23AM[0m [32mINF[0m [1mProcessing repo[0m [36mrepo=[0mabcdesktopio/helm [36mrepo_index=[0m466 [36mtotal=[0m486
[90m1:23AM[0m [32mINF[0m [1mAlready cloned – skipping[0m [36mdir=[0m"D:\\helm_clones_artifacthub\\abcdesktopio__helm"
[90m1:23AM[0m [32mINF[0m [1mProcessing repo[0m [36mrepo=[0mprojectcapsule/capsule [36mrepo_index=[0m467 [36mtotal=[0m486
[90m1:23AM[0m [32mINF[0m [1mAlready cloned – skipping[0m [36mdir=[0m"D:\\helm_clones_artifacthub\\projectcapsule__capsule"
[90m1:23AM[0m [32mINF[0m [1mProcessing repo[0m [36mrepo=[0mweka/csi-wekafs [36mrepo_index=[0m468 [36mtotal=[0m486
[90m1:23AM[0m [32mINF[0m [1mAlready cloned – skipping[0m [36mdir=[0m"D:\\helm_clones_artifacthub\\weka__csi-wekafs"
[90m1:23AM[0m [32mINF[0m [1mProcessing repo[0m [36mrepo=[0mdrone/drone-gc [36mrepo_index=[0m469 [36mtotal=[0m486
[90m1:23AM[0m [32mINF[0m [1mAlready cloned – skipping[0m [36mdir=[0m"D:\\helm_clones_artifacthub\\drone__drone-gc"
[90m1:23AM[0m [33mWRN[0m [1mNo charts found – skipping[0m [36mrepo=[0mdrone/drone-gc
[90m1:23AM[0m [32mINF[0m [1mProcessing repo[0m [36mrepo=[0margoproj-labs/gitops-promoter-helm [36mrepo_index=[0m470 [36mtotal=[0m486
[90m1:23AM[0m [32mINF[0m [1mAlready cloned – skipping[0m [36mdir=[0m"D:\\helm_clones_artifacthub\\argoproj-labs__gitops-promoter-helm"
[90m1:23AM[0m [32mINF[0m [1mProcessing repo[0m [36mrepo=[0mapache/hertzbeat [36mrepo_index=[0m471 [36mtotal=[0m486
[90m1:23AM[0m [32mINF[0m [1mAlready cloned – skipping[0m [36mdir=[0m"D:\\helm_clones_artifacthub\\apache__hertzbeat"
[90m1:23AM[0m [33mWRN[0m [1mNo charts found – skipping[0m [36mrepo=[0mapache/hertzbeat
[90m1:23AM[0m [32mINF[0m [1mProcessing repo[0m [36mrepo=[0msustainable-computing-io/kepler-helm-chart [36mrepo_index=[0m472 [36mtotal=[0m486
[90m1:23AM[0m [32mINF[0m [1mAlready cloned – skipping[0m [36mdir=[0m"D:\\helm_clones_artifacthub\\sustainable-computing-io__kepler-helm-chart"
[90m1:23AM[0m [32mINF[0m [1mProcessing repo[0m [36mrepo=[0mfactorhouse/kpow [36mrepo_index=[0m473 [36mtotal=[0m486
[90m1:23AM[0m [32mINF[0m [1mAlready cloned – skipping[0m [36mdir=[0m"D:\\helm_clones_artifacthub\\factorhouse__kpow"
[90m1:23AM[0m [33mWRN[0m [1mNo charts found – skipping[0m [36mrepo=[0mfactorhouse/kpow
[90m1:23AM[0m [32mINF[0m [1mProcessing repo[0m [36mrepo=[0mkubewarden/helm-charts [36mrepo_index=[0m474 [36mtotal=[0m486
[90m1:23AM[0m [32mINF[0m [1mAlready cloned – skipping[0m [36mdir=[0m"D:\\helm_clones_artifacthub\\kubewarden__helm-charts"
[90m1:23AM[0m [33mWRN[0m [1mChart not in catalog – skipping[0m [36mchart=[0m"D:\\helm_clones_artifacthub\\kubewarden__helm-charts\\charts\\kubewarden-crds"
[90m1:23AM[0m [33mWRN[0m [1mChart not in catalog – skipping[0m [36mchart=[0m"D:\\helm_clones_artifacthub\\kubewarden__helm-charts\\charts\\kubewarden-defaults"
[90m1:23AM[0m [33mWRN[0m [1mChart not in catalog – skipping[0m [36mchart=[0m"D:\\helm_clones_artifacthub\\kubewarden__helm-charts\\charts\\sbomscanner"
[90m1:23AM[0m [32mINF[0m [1mProcessing repo[0m [36mrepo=[0mnetscaler/netscaler-k8s-ingress-controller [36mrepo_index=[0m475 [36mtotal=[0m486
[90m1:23AM[0m [32mINF[0m [1mAlready cloned – skipping[0m [36mdir=[0m"D:\\helm_clones_artifacthub\\netscaler__netscaler-k8s-ingress-controller"
[90m1:23AM[0m [32mINF[0m [1mProcessing repo[0m [36mrepo=[0mcontainers/nri-plugins [36mrepo_index=[0m476 [36mtotal=[0m486
[90m1:23AM[0m [32mINF[0m [1mAlready cloned – skipping[0m [36mdir=[0m"D:\\helm_clones_artifacthub\\containers__nri-plugins"
[90m1:23AM[0m [32mINF[0m [1mProcessing repo[0m [36mrepo=[0mnutanix/helm-releases [36mrepo_index=[0m477 [36mtotal=[0m486
[90m1:23AM[0m [32mINF[0m [1mAlready cloned – skipping[0m [36mdir=[0m"D:\\helm_clones_artifacthub\\nutanix__helm-releases"
[90m1:23AM[0m [33mWRN[0m [1mNo charts found – skipping[0m [36mrepo=[0mnutanix/helm-releases
[90m1:23AM[0m [32mINF[0m [1mProcessing repo[0m [36mrepo=[0mopenmeterio/openmeter [36mrepo_index=[0m478 [36mtotal=[0m486
[90m1:23AM[0m [32mINF[0m [1mAlready cloned – skipping[0m [36mdir=[0m"D:\\helm_clones_artifacthub\\openmeterio__openmeter"
[90m1:23AM[0m [32mINF[0m [1mProcessing repo[0m [36mrepo=[0mOpenVPN/as-helm-chart [36mrepo_index=[0m479 [36mtotal=[0m486
[90m1:23AM[0m [32mINF[0m [1mAlready cloned – skipping[0m [36mdir=[0m"D:\\helm_clones_artifacthub\\OpenVPN__as-helm-chart"
[90m1:23AM[0m [32mINF[0m [1mProcessing repo[0m [36mrepo=[0mport-labs/port-k8s-exporter [36mrepo_index=[0m480 [36mtotal=[0m486
[90m1:23AM[0m [32mINF[0m [1mAlready cloned – skipping[0m [36mdir=[0m"D:\\helm_clones_artifacthub\\port-labs__port-k8s-exporter"
[90m1:23AM[0m [33mWRN[0m [1mNo charts found – skipping[0m [36mrepo=[0mport-labs/port-k8s-exporter
[90m1:23AM[0m [32mINF[0m [1mProcessing repo[0m [36mrepo=[0mprometheus-community/json_exporter [36mrepo_index=[0m481 [36mtotal=[0m486
[90m1:23AM[0m [32mINF[0m [1mAlready cloned – skipping[0m [36mdir=[0m"D:\\helm_clones_artifacthub\\prometheus-community__json_exporter"
[90m1:23AM[0m [33mWRN[0m [1mNo charts found – skipping[0m [36mrepo=[0mprometheus-community/json_exporter
[90m1:23AM[0m [32mINF[0m [1mProcessing repo[0m [36mrepo=[0ms3gw-tech/s3gw [36mrepo_index=[0m482 [36mtotal=[0m486
[90m1:23AM[0m [32mINF[0m [1mAlready cloned – skipping[0m [36mdir=[0m"D:\\helm_clones_artifacthub\\s3gw-tech__s3gw"
[90m1:23AM[0m [33mWRN[0m [1mNo charts found – skipping[0m [36mrepo=[0ms3gw-tech/s3gw
[90m1:23AM[0m [32mINF[0m [1mProcessing repo[0m [36mrepo=[0mkubewarden/sbomscanner [36mrepo_index=[0m483 [36mtotal=[0m486
[90m1:23AM[0m [32mINF[0m [1mAlready cloned – skipping[0m [36mdir=[0m"D:\\helm_clones_artifacthub\\kubewarden__sbomscanner"
[90m1:23AM[0m [32mINF[0m [1mProcessing repo[0m [36mrepo=[0mSonarSource/docker-sonarqube [36mrepo_index=[0m484 [36mtotal=[0m486
[90m1:23AM[0m [32mINF[0m [1mAlready cloned – skipping[0m [36mdir=[0m"D:\\helm_clones_artifacthub\\SonarSource__docker-sonarqube"
[90m1:23AM[0m [33mWRN[0m [1mNo charts found – skipping[0m [36mrepo=[0mSonarSource/docker-sonarqube
[90m1:23AM[0m [32mINF[0m [1mProcessing repo[0m [36mrepo=[0mapache/spark-kubernetes-operator [36mrepo_index=[0m485 [36mtotal=[0m486
[90m1:23AM[0m [32mINF[0m [1mAlready cloned – skipping[0m [36mdir=[0m"D:\\helm_clones_artifacthub\\apache__spark-kubernetes-operator"
[90m1:23AM[0m [32mINF[0m [1mProcessing repo[0m [36mrepo=[0mkuoss/venti [36mrepo_index=[0m486 [36mtotal=[0m486
[90m1:23AM[0m [32mINF[0m [1mAlready cloned – skipping[0m [36mdir=[0m"D:\\helm_clones_artifacthub\\kuoss__venti"
[90m1:23AM[0m [32mINF[0m [1mcatalog_fixed.json written[0m
[90m1:23AM[0m [32mINF[0m [1mcatalog_fixer_report.md written[0m

Catalog Fixer complete.
  Repos processed: 322
  Repos skipped:   164 (clone failed or no charts)
  Failing runs:    252
  Resolved:        38
  Resolution rate: 15%

Output files:
  catalog_fixed.json
  catalog_fixer_report.md
