[90m1:32AM[0m [32mINF[0m [1mLoaded environment variables from .env[0m
[90m1:32AM[0m [32mINF[0m [1mArtifact Hub source selected: loading repos from JSON[0m [36msearch_json=[0martifacthub_search.json [36mtop=[0m500
[90m1:32AM[0m [32mINF[0m [1mProcessing repo[0m [36mrepo=[0mprometheus-community/helm-charts [36mrepo_index=[0m1 [36mtotal_repos=[0m500
[90m1:32AM[0m [32mINF[0m [1mCloning (depth=1)[0m [36mdest=[0m"E:\\helm_clones_artifacthub\\prometheus-community__helm-charts" [36mrepo=[0mhttps://github.com/prometheus-community/helm-charts
[90m1:32AM[0m [31mERR[0m [1mClone failed – skipping[0m [36merror=[0m[31m[1m"exec: \"git\": executable file not found in %PATH%"[0m[0m [36mrepo=[0mprometheus-community/helm-charts
[90m1:32AM[0m [32mINF[0m [1mProcessing repo[0m [36mrepo=[0mcert-manager/cert-manager [36mrepo_index=[0m2 [36mtotal_repos=[0m500
[90m1:32AM[0m [32mINF[0m [1mCloning (depth=1)[0m [36mdest=[0m"E:\\helm_clones_artifacthub\\cert-manager__cert-manager" [36mrepo=[0mhttps://github.com/cert-manager/cert-manager
[90m1:32AM[0m [31mERR[0m [1mClone failed – skipping[0m [36merror=[0m[31m[1m"exec: \"git\": executable file not found in %PATH%"[0m[0m [36mrepo=[0mcert-manager/cert-manager
[90m1:32AM[0m [32mINF[0m [1mProcessing repo[0m [36mrepo=[0mkubernetes/ingress-nginx [36mrepo_index=[0m3 [36mtotal_repos=[0m500
[90m1:32AM[0m [32mINF[0m [1mCloning (depth=1)[0m [36mdest=[0m"E:\\helm_clones_artifacthub\\kubernetes__ingress-nginx" [36mrepo=[0mhttps://github.com/kubernetes/ingress-nginx
[90m1:32AM[0m [31mERR[0m [1mClone failed – skipping[0m [36merror=[0m[31m[1m"exec: \"git\": executable file not found in %PATH%"[0m[0m [36mrepo=[0mkubernetes/ingress-nginx
[90m1:32AM[0m [32mINF[0m [1mProcessing repo[0m [36mrepo=[0margoproj/argo-helm [36mrepo_index=[0m4 [36mtotal_repos=[0m500
[90m1:32AM[0m [32mINF[0m [1mCloning (depth=1)[0m [36mdest=[0m"E:\\helm_clones_artifacthub\\argoproj__argo-helm" [36mrepo=[0mhttps://github.com/argoproj/argo-helm
[90m1:32AM[0m [31mERR[0m [1mClone failed – skipping[0m [36merror=[0m[31m[1m"exec: \"git\": executable file not found in %PATH%"[0m[0m [36mrepo=[0margoproj/argo-helm
[90m1:32AM[0m [32mINF[0m [1mProcessing repo[0m [36mrepo=[0mbitnami/containers [36mrepo_index=[0m5 [36mtotal_repos=[0m500
[90m1:32AM[0m [32mINF[0m [1mCloning (depth=1)[0m [36mdest=[0m"E:\\helm_clones_artifacthub\\bitnami__containers" [36mrepo=[0mhttps://github.com/bitnami/containers
[90m1:32AM[0m [31mERR[0m [1mClone failed – skipping[0m [36merror=[0m[31m[1m"exec: \"git\": executable file not found in %PATH%"[0m[0m [36mrepo=[0mbitnami/containers
[90m1:32AM[0m [32mINF[0m [1mProcessing repo[0m [36mrepo=[0mbitnami/charts [36mrepo_index=[0m6 [36mtotal_repos=[0m500
[90m1:32AM[0m [32mINF[0m [1mCloning (depth=1)[0m [36mdest=[0m"E:\\helm_clones_artifacthub\\bitnami__charts" [36mrepo=[0mhttps://github.com/bitnami/charts
[90m1:32AM[0m [31mERR[0m [1mClone failed – skipping[0m [36merror=[0m[31m[1m"exec: \"git\": executable file not found in %PATH%"[0m[0m [36mrepo=[0mbitnami/charts
[90m1:32AM[0m [32mINF[0m [1mProcessing repo[0m [36mrepo=[0mtraefik/traefik-helm-chart [36mrepo_index=[0m7 [36mtotal_repos=[0m500
[90m1:32AM[0m [32mINF[0m [1mCloning (depth=1)[0m [36mdest=[0m"E:\\helm_clones_artifacthub\\traefik__traefik-helm-chart" [36mrepo=[0mhttps://github.com/traefik/traefik-helm-chart
[90m1:32AM[0m [31mERR[0m [1mClone failed – skipping[0m [36merror=[0m[31m[1m"exec: \"git\": executable file not found in %PATH%"[0m[0m [36mrepo=[0mtraefik/traefik-helm-chart
[90m1:32AM[0m [32mINF[0m [1mProcessing repo[0m [36mrepo=[0mkubernetes/dashboard [36mrepo_index=[0m8 [36mtotal_repos=[0m500
[90m1:32AM[0m [32mINF[0m [1mCloning (depth=1)[0m [36mdest=[0m"E:\\helm_clones_artifacthub\\kubernetes__dashboard" [36mrepo=[0mhttps://github.com/kubernetes/dashboard
[90m1:32AM[0m [31mERR[0m [1mClone failed – skipping[0m [36merror=[0m[31m[1m"exec: \"git\": executable file not found in %PATH%"[0m[0m [36mrepo=[0mkubernetes/dashboard
[90m1:32AM[0m [32mINF[0m [1mProcessing repo[0m [36mrepo=[0mgrafana/helm-charts [36mrepo_index=[0m9 [36mtotal_repos=[0m500
[90m1:32AM[0m [32mINF[0m [1mCloning (depth=1)[0m [36mdest=[0m"E:\\helm_clones_artifacthub\\grafana__helm-charts" [36mrepo=[0mhttps://github.com/grafana/helm-charts
[90m1:32AM[0m [31mERR[0m [1mClone failed – skipping[0m [36merror=[0m[31m[1m"exec: \"git\": executable file not found in %PATH%"[0m[0m [36mrepo=[0mgrafana/helm-charts
[90m1:32AM[0m [32mINF[0m [1mProcessing repo[0m [36mrepo=[0mkubernetes-sigs/metrics-server [36mrepo_index=[0m10 [36mtotal_repos=[0m500
[90m1:32AM[0m [32mINF[0m [1mCloning (depth=1)[0m [36mdest=[0m"E:\\helm_clones_artifacthub\\kubernetes-sigs__metrics-server" [36mrepo=[0mhttps://github.com/kubernetes-sigs/metrics-server
[90m1:32AM[0m [31mERR[0m [1mClone failed – skipping[0m [36merror=[0m[31m[1m"exec: \"git\": executable file not found in %PATH%"[0m[0m [36mrepo=[0mkubernetes-sigs/metrics-server
[90m1:32AM[0m [32mINF[0m [1mProcessing repo[0m [36mrepo=[0mhashicorp/vault [36mrepo_index=[0m11 [36mtotal_repos=[0m500
[90m1:32AM[0m [32mINF[0m [1mCloning (depth=1)[0m [36mdest=[0m"E:\\helm_clones_artifacthub\\hashicorp__vault" [36mrepo=[0mhttps://github.com/hashicorp/vault
[90m1:32AM[0m [31mERR[0m [1mClone failed – skipping[0m [36merror=[0m[31m[1m"exec: \"git\": executable file not found in %PATH%"[0m[0m [36mrepo=[0mhashicorp/vault
[90m1:32AM[0m [32mINF[0m [1mProcessing repo[0m [36mrepo=[0mgoharbor/harbor [36mrepo_index=[0m12 [36mtotal_repos=[0m500
[90m1:32AM[0m [32mINF[0m [1mCloning (depth=1)[0m [36mdest=[0m"E:\\helm_clones_artifacthub\\goharbor__harbor" [36mrepo=[0mhttps://github.com/goharbor/harbor
[90m1:32AM[0m [31mERR[0m [1mClone failed – skipping[0m [36merror=[0m[31m[1m"exec: \"git\": executable file not found in %PATH%"[0m[0m [36mrepo=[0mgoharbor/harbor
[90m1:32AM[0m [32mINF[0m [1mProcessing repo[0m [36mrepo=[0mjenkinsci/helm-charts [36mrepo_index=[0m13 [36mtotal_repos=[0m500
[90m1:32AM[0m [32mINF[0m [1mCloning (depth=1)[0m [36mdest=[0m"E:\\helm_clones_artifacthub\\jenkinsci__helm-charts" [36mrepo=[0mhttps://github.com/jenkinsci/helm-charts
[90m1:32AM[0m [31mERR[0m [1mClone failed – skipping[0m [36merror=[0m[31m[1m"exec: \"git\": executable file not found in %PATH%"[0m[0m [36mrepo=[0mjenkinsci/helm-charts
[90m1:32AM[0m [32mINF[0m [1mProcessing repo[0m [36mrepo=[0mexternal-secrets/external-secrets [36mrepo_index=[0m14 [36mtotal_repos=[0m500
[90m1:32AM[0m [32mINF[0m [1mCloning (depth=1)[0m [36mdest=[0m"E:\\helm_clones_artifacthub\\external-secrets__external-secrets" [36mrepo=[0mhttps://github.com/external-secrets/external-secrets
[90m1:32AM[0m [31mERR[0m [1mClone failed – skipping[0m [36merror=[0m[31m[1m"exec: \"git\": executable file not found in %PATH%"[0m[0m [36mrepo=[0mexternal-secrets/external-secrets
[90m1:32AM[0m [32mINF[0m [1mProcessing repo[0m [36mrepo=[0mkubernetes-sigs/external-dns [36mrepo_index=[0m15 [36mtotal_repos=[0m500
[90m1:32AM[0m [32mINF[0m [1mCloning (depth=1)[0m [36mdest=[0m"E:\\helm_clones_artifacthub\\kubernetes-sigs__external-dns" [36mrepo=[0mhttps://github.com/kubernetes-sigs/external-dns
[90m1:32AM[0m [31mERR[0m [1mClone failed – skipping[0m [36merror=[0m[31m[1m"exec: \"git\": executable file not found in %PATH%"[0m[0m [36mrepo=[0mkubernetes-sigs/external-dns
[90m1:32AM[0m [32mINF[0m [1mProcessing repo[0m [36mrepo=[0mlonghorn/longhorn-engine [36mrepo_index=[0m16 [36mtotal_repos=[0m500
[90m1:32AM[0m [32mINF[0m [1mCloning (depth=1)[0m [36mdest=[0m"E:\\helm_clones_artifacthub\\longhorn__longhorn-engine" [36mrepo=[0mhttps://github.com/longhorn/longhorn-engine
[90m1:32AM[0m [31mERR[0m [1mClone failed – skipping[0m [36merror=[0m[31m[1m"exec: \"git\": executable file not found in %PATH%"[0m[0m [36mrepo=[0mlonghorn/longhorn-engine
[90m1:32AM[0m [32mINF[0m [1mProcessing repo[0m [36mrepo=[0maws/eks-charts [36mrepo_index=[0m17 [36mtotal_repos=[0m500
[90m1:32AM[0m [32mINF[0m [1mCloning (depth=1)[0m [36mdest=[0m"E:\\helm_clones_artifacthub\\aws__eks-charts" [36mrepo=[0mhttps://github.com/aws/eks-charts
[90m1:32AM[0m [31mERR[0m [1mClone failed – skipping[0m [36merror=[0m[31m[1m"exec: \"git\": executable file not found in %PATH%"[0m[0m [36mrepo=[0maws/eks-charts
[90m1:32AM[0m [32mINF[0m [1mProcessing repo[0m [36mrepo=[0mkubernetes-incubator/external-dns [36mrepo_index=[0m18 [36mtotal_repos=[0m500
[90m1:32AM[0m [32mINF[0m [1mCloning (depth=1)[0m [36mdest=[0m"E:\\helm_clones_artifacthub\\kubernetes-incubator__external-dns" [36mrepo=[0mhttps://github.com/kubernetes-incubator/external-dns
[90m1:32AM[0m [31mERR[0m [1mClone failed – skipping[0m [36merror=[0m[31m[1m"exec: \"git\": executable file not found in %PATH%"[0m[0m [36mrepo=[0mkubernetes-incubator/external-dns
[90m1:32AM[0m [32mINF[0m [1mProcessing repo[0m [36mrepo=[0mapache/airflow [36mrepo_index=[0m19 [36mtotal_repos=[0m500
[90m1:32AM[0m [32mINF[0m [1mCloning (depth=1)[0m [36mdest=[0m"E:\\helm_clones_artifacthub\\apache__airflow" [36mrepo=[0mhttps://github.com/apache/airflow
[90m1:32AM[0m [31mERR[0m [1mClone failed – skipping[0m [36merror=[0m[31m[1m"exec: \"git\": executable file not found in %PATH%"[0m[0m [36mrepo=[0mapache/airflow
[90m1:32AM[0m [32mINF[0m [1mProcessing repo[0m [36mrepo=[0melastic/helm-charts [36mrepo_index=[0m20 [36mtotal_repos=[0m500
[90m1:32AM[0m [32mINF[0m [1mCloning (depth=1)[0m [36mdest=[0m"E:\\helm_clones_artifacthub\\elastic__helm-charts" [36mrepo=[0mhttps://github.com/elastic/helm-charts
[90m1:32AM[0m [31mERR[0m [1mClone failed – skipping[0m [36merror=[0m[31m[1m"exec: \"git\": executable file not found in %PATH%"[0m[0m [36mrepo=[0melastic/helm-charts
[90m1:32AM[0m [32mINF[0m [1mProcessing repo[0m [36mrepo=[0mnextcloud/helm [36mrepo_index=[0m21 [36mtotal_repos=[0m500
[90m1:32AM[0m [32mINF[0m [1mCloning (depth=1)[0m [36mdest=[0m"E:\\helm_clones_artifacthub\\nextcloud__helm" [36mrepo=[0mhttps://github.com/nextcloud/helm
[90m1:32AM[0m [31mERR[0m [1mClone failed – skipping[0m [36merror=[0m[31m[1m"exec: \"git\": executable file not found in %PATH%"[0m[0m [36mrepo=[0mnextcloud/helm
[90m1:32AM[0m [32mINF[0m [1mProcessing repo[0m [36mrepo=[0mvmware-tanzu/velero [36mrepo_index=[0m22 [36mtotal_repos=[0m500
[90m1:32AM[0m [32mINF[0m [1mCloning (depth=1)[0m [36mdest=[0m"E:\\helm_clones_artifacthub\\vmware-tanzu__velero" [36mrepo=[0mhttps://github.com/vmware-tanzu/velero
[90m1:32AM[0m [31mERR[0m [1mClone failed – skipping[0m [36merror=[0m[31m[1m"exec: \"git\": executable file not found in %PATH%"[0m[0m [36mrepo=[0mvmware-tanzu/velero
[90m1:32AM[0m [32mINF[0m [1mProcessing repo[0m [36mrepo=[0mcilium/cilium [36mrepo_index=[0m23 [36mtotal_repos=[0m500
[90m1:32AM[0m [32mINF[0m [1mCloning (depth=1)[0m [36mdest=[0m"E:\\helm_clones_artifacthub\\cilium__cilium" [36mrepo=[0mhttps://github.com/cilium/cilium
[90m1:32AM[0m [31mERR[0m [1mClone failed – skipping[0m [36merror=[0m[31m[1m"exec: \"git\": executable file not found in %PATH%"[0m[0m [36mrepo=[0mcilium/cilium
[90m1:32AM[0m [32mINF[0m [1mProcessing repo[0m [36mrepo=[0mkubernetes/autoscaler [36mrepo_index=[0m24 [36mtotal_repos=[0m500
[90m1:32AM[0m [32mINF[0m [1mCloning (depth=1)[0m [36mdest=[0m"E:\\helm_clones_artifacthub\\kubernetes__autoscaler" [36mrepo=[0mhttps://github.com/kubernetes/autoscaler
[90m1:32AM[0m [31mERR[0m [1mClone failed – skipping[0m [36merror=[0m[31m[1m"exec: \"git\": executable file not found in %PATH%"[0m[0m [36mrepo=[0mkubernetes/autoscaler
[90m1:32AM[0m [32mINF[0m [1mProcessing repo[0m [36mrepo=[0mmetallb/metallb [36mrepo_index=[0m25 [36mtotal_repos=[0m500
[90m1:32AM[0m [32mINF[0m [1mCloning (depth=1)[0m [36mdest=[0m"E:\\helm_clones_artifacthub\\metallb__metallb" [36mrepo=[0mhttps://github.com/metallb/metallb
[90m1:32AM[0m [31mERR[0m [1mClone failed – skipping[0m [36merror=[0m[31m[1m"exec: \"git\": executable file not found in %PATH%"[0m[0m [36mrepo=[0mmetallb/metallb
[90m1:32AM[0m [32mINF[0m [1mProcessing repo[0m [36mrepo=[0mistio/istio [36mrepo_index=[0m26 [36mtotal_repos=[0m500
[90m1:32AM[0m [32mINF[0m [1mCloning (depth=1)[0m [36mdest=[0m"E:\\helm_clones_artifacthub\\istio__istio" [36mrepo=[0mhttps://github.com/istio/istio
[90m1:32AM[0m [31mERR[0m [1mClone failed – skipping[0m [36merror=[0m[31m[1m"exec: \"git\": executable file not found in %PATH%"[0m[0m [36mrepo=[0mistio/istio
[90m1:32AM[0m [32mINF[0m [1mProcessing repo[0m [36mrepo=[0margoproj/argo-workflows [36mrepo_index=[0m27 [36mtotal_repos=[0m500
[90m1:32AM[0m [32mINF[0m [1mCloning (depth=1)[0m [36mdest=[0m"E:\\helm_clones_artifacthub\\argoproj__argo-workflows" [36mrepo=[0mhttps://github.com/argoproj/argo-workflows
[90m1:32AM[0m [31mERR[0m [1mClone failed – skipping[0m [36merror=[0m[31m[1m"exec: \"git\": executable file not found in %PATH%"[0m[0m [36mrepo=[0margoproj/argo-workflows
[90m1:32AM[0m [32mINF[0m [1mProcessing repo[0m [36mrepo=[0mrancher/ui [36mrepo_index=[0m28 [36mtotal_repos=[0m500
[90m1:32AM[0m [32mINF[0m [1mCloning (depth=1)[0m [36mdest=[0m"E:\\helm_clones_artifacthub\\rancher__ui" [36mrepo=[0mhttps://github.com/rancher/ui
[90m1:32AM[0m [31mERR[0m [1mClone failed – skipping[0m [36merror=[0m[31m[1m"exec: \"git\": executable file not found in %PATH%"[0m[0m [36mrepo=[0mrancher/ui
[90m1:32AM[0m [32mINF[0m [1mProcessing repo[0m [36mrepo=[0mSonarSource/helm-chart-sonarqube [36mrepo_index=[0m29 [36mtotal_repos=[0m500
[90m1:32AM[0m [32mINF[0m [1mCloning (depth=1)[0m [36mdest=[0m"E:\\helm_clones_artifacthub\\SonarSource__helm-chart-sonarqube" [36mrepo=[0mhttps://github.com/SonarSource/helm-chart-sonarqube
[90m1:32AM[0m [31mERR[0m [1mClone failed – skipping[0m [36merror=[0m[31m[1m"exec: \"git\": executable file not found in %PATH%"[0m[0m [36mrepo=[0mSonarSource/helm-chart-sonarqube
[90m1:32AM[0m [32mINF[0m [1mProcessing repo[0m [36mrepo=[0mgo-gitea/gitea [36mrepo_index=[0m30 [36mtotal_repos=[0m500
[90m1:32AM[0m [32mINF[0m [1mCloning (depth=1)[0m [36mdest=[0m"E:\\helm_clones_artifacthub\\go-gitea__gitea" [36mrepo=[0mhttps://github.com/go-gitea/gitea
[90m1:32AM[0m [31mERR[0m [1mClone failed – skipping[0m [36merror=[0m[31m[1m"exec: \"git\": executable file not found in %PATH%"[0m[0m [36mrepo=[0mgo-gitea/gitea
[90m1:32AM[0m [32mINF[0m [1mProcessing repo[0m [36mrepo=[0mkyverno/kyverno [36mrepo_index=[0m31 [36mtotal_repos=[0m500
[90m1:32AM[0m [32mINF[0m [1mCloning (depth=1)[0m [36mdest=[0m"E:\\helm_clones_artifacthub\\kyverno__kyverno" [36mrepo=[0mhttps://github.com/kyverno/kyverno
[90m1:32AM[0m [31mERR[0m [1mClone failed – skipping[0m [36merror=[0m[31m[1m"exec: \"git\": executable file not found in %PATH%"[0m[0m [36mrepo=[0mkyverno/kyverno
[90m1:32AM[0m [32mINF[0m [1mProcessing repo[0m [36mrepo=[0mfluent/fluent-bit [36mrepo_index=[0m32 [36mtotal_repos=[0m500
[90m1:32AM[0m [32mINF[0m [1mCloning (depth=1)[0m [36mdest=[0m"E:\\helm_clones_artifacthub\\fluent__fluent-bit" [36mrepo=[0mhttps://github.com/fluent/fluent-bit
[90m1:32AM[0m [31mERR[0m [1mClone failed – skipping[0m [36merror=[0m[31m[1m"exec: \"git\": executable file not found in %PATH%"[0m[0m [36mrepo=[0mfluent/fluent-bit
[90m1:32AM[0m [32mINF[0m [1mProcessing repo[0m [36mrepo=[0mcloudnative-pg/charts [36mrepo_index=[0m33 [36mtotal_repos=[0m500
[90m1:32AM[0m [32mINF[0m [1mCloning (depth=1)[0m [36mdest=[0m"E:\\helm_clones_artifacthub\\cloudnative-pg__charts" [36mrepo=[0mhttps://github.com/cloudnative-pg/charts
[90m1:32AM[0m [31mERR[0m [1mClone failed – skipping[0m [36merror=[0m[31m[1m"exec: \"git\": executable file not found in %PATH%"[0m[0m [36mrepo=[0mcloudnative-pg/charts
[90m1:32AM[0m [32mINF[0m [1mProcessing repo[0m [36mrepo=[0mDataDog/helm-charts [36mrepo_index=[0m34 [36mtotal_repos=[0m500
[90m1:32AM[0m [32mINF[0m [1mCloning (depth=1)[0m [36mdest=[0m"E:\\helm_clones_artifacthub\\DataDog__helm-charts" [36mrepo=[0mhttps://github.com/DataDog/helm-charts
[90m1:32AM[0m [31mERR[0m [1mClone failed – skipping[0m [36merror=[0m[31m[1m"exec: \"git\": executable file not found in %PATH%"[0m[0m [36mrepo=[0mDataDog/helm-charts
[90m1:32AM[0m [32mINF[0m [1mProcessing repo[0m [36mrepo=[0mrowanruseler/helm-charts [36mrepo_index=[0m35 [36mtotal_repos=[0m500
[90m1:32AM[0m [32mINF[0m [1mCloning (depth=1)[0m [36mdest=[0m"E:\\helm_clones_artifacthub\\rowanruseler__helm-charts" [36mrepo=[0mhttps://github.com/rowanruseler/helm-charts
[90m1:32AM[0m [31mERR[0m [1mClone failed – skipping[0m [36merror=[0m[31m[1m"exec: \"git\": executable file not found in %PATH%"[0m[0m [36mrepo=[0mrowanruseler/helm-charts
[90m1:32AM[0m [32mINF[0m [1mProcessing repo[0m [36mrepo=[0moauth2-proxy/manifests [36mrepo_index=[0m36 [36mtotal_repos=[0m500
[90m1:32AM[0m [32mINF[0m [1mCloning (depth=1)[0m [36mdest=[0m"E:\\helm_clones_artifacthub\\oauth2-proxy__manifests" [36mrepo=[0mhttps://github.com/oauth2-proxy/manifests
[90m1:32AM[0m [31mERR[0m [1mClone failed – skipping[0m [36merror=[0m[31m[1m"exec: \"git\": executable file not found in %PATH%"[0m[0m [36mrepo=[0moauth2-proxy/manifests
[90m1:32AM[0m [32mINF[0m [1mProcessing repo[0m [36mrepo=[0mgoauthentik/authentik [36mrepo_index=[0m37 [36mtotal_repos=[0m500
[90m1:32AM[0m [32mINF[0m [1mCloning (depth=1)[0m [36mdest=[0m"E:\\helm_clones_artifacthub\\goauthentik__authentik" [36mrepo=[0mhttps://github.com/goauthentik/authentik
[90m1:32AM[0m [31mERR[0m [1mClone failed – skipping[0m [36merror=[0m[31m[1m"exec: \"git\": executable file not found in %PATH%"[0m[0m [36mrepo=[0mgoauthentik/authentik
[90m1:32AM[0m [32mINF[0m [1mProcessing repo[0m [36mrepo=[0mbitnami-labs/sealed-secrets [36mrepo_index=[0m38 [36mtotal_repos=[0m500
[90m1:32AM[0m [32mINF[0m [1mCloning (depth=1)[0m [36mdest=[0m"E:\\helm_clones_artifacthub\\bitnami-labs__sealed-secrets" [36mrepo=[0mhttps://github.com/bitnami-labs/sealed-secrets
[90m1:32AM[0m [31mERR[0m [1mClone failed – skipping[0m [36merror=[0m[31m[1m"exec: \"git\": executable file not found in %PATH%"[0m[0m [36mrepo=[0mbitnami-labs/sealed-secrets
[90m1:32AM[0m [32mINF[0m [1mProcessing repo[0m [36mrepo=[0mkubernetes-sigs/nfs-subdir-external-provisioner [36mrepo_index=[0m39 [36mtotal_repos=[0m500
[90m1:32AM[0m [32mINF[0m [1mCloning (depth=1)[0m [36mdest=[0m"E:\\helm_clones_artifacthub\\kubernetes-sigs__nfs-subdir-external-provisioner" [36mrepo=[0mhttps://github.com/kubernetes-sigs/nfs-subdir-external-provisioner
[90m1:32AM[0m [31mERR[0m [1mClone failed – skipping[0m [36merror=[0m[31m[1m"exec: \"git\": executable file not found in %PATH%"[0m[0m [36mrepo=[0mkubernetes-sigs/nfs-subdir-external-provisioner
[90m1:32AM[0m [32mINF[0m [1mProcessing repo[0m [36mrepo=[0mnginx/kubernetes-ingress [36mrepo_index=[0m40 [36mtotal_repos=[0m500
[90m1:32AM[0m [32mINF[0m [1mCloning (depth=1)[0m [36mdest=[0m"E:\\helm_clones_artifacthub\\nginx__kubernetes-ingress" [36mrepo=[0mhttps://github.com/nginx/kubernetes-ingress
[90m1:32AM[0m [31mERR[0m [1mClone failed – skipping[0m [36merror=[0m[31m[1m"exec: \"git\": executable file not found in %PATH%"[0m[0m [36mrepo=[0mnginx/kubernetes-ingress
[90m1:32AM[0m [32mINF[0m [1mProcessing repo[0m [36mrepo=[0martifacthub/hub [36mrepo_index=[0m41 [36mtotal_repos=[0m500
[90m1:32AM[0m [32mINF[0m [1mCloning (depth=1)[0m [36mdest=[0m"E:\\helm_clones_artifacthub\\artifacthub__hub" [36mrepo=[0mhttps://github.com/artifacthub/hub
[90m1:32AM[0m [31mERR[0m [1mClone failed – skipping[0m [36merror=[0m[31m[1m"exec: \"git\": executable file not found in %PATH%"[0m[0m [36mrepo=[0martifacthub/hub
[90m1:32AM[0m [32mINF[0m [1mProcessing repo[0m [36mrepo=[0mnorwoodj/helm-docs [36mrepo_index=[0m42 [36mtotal_repos=[0m500
[90m1:32AM[0m [32mINF[0m [1mCloning (depth=1)[0m [36mdest=[0m"E:\\helm_clones_artifacthub\\norwoodj__helm-docs" [36mrepo=[0mhttps://github.com/norwoodj/helm-docs
[90m1:32AM[0m [31mERR[0m [1mClone failed – skipping[0m [36merror=[0m[31m[1m"exec: \"git\": executable file not found in %PATH%"[0m[0m [36mrepo=[0mnorwoodj/helm-docs
[90m1:32AM[0m [32mINF[0m [1mProcessing repo[0m [36mrepo=[0mMoJo2600/pihole-kubernetes [36mrepo_index=[0m43 [36mtotal_repos=[0m500
[90m1:32AM[0m [32mINF[0m [1mCloning (depth=1)[0m [36mdest=[0m"E:\\helm_clones_artifacthub\\MoJo2600__pihole-kubernetes" [36mrepo=[0mhttps://github.com/MoJo2600/pihole-kubernetes
[90m1:32AM[0m [31mERR[0m [1mClone failed – skipping[0m [36merror=[0m[31m[1m"exec: \"git\": executable file not found in %PATH%"[0m[0m [36mrepo=[0mMoJo2600/pihole-kubernetes
[90m1:32AM[0m [32mINF[0m [1mProcessing repo[0m [36mrepo=[0mhashicorp/consul-k8s [36mrepo_index=[0m44 [36mtotal_repos=[0m500
[90m1:32AM[0m [32mINF[0m [1mCloning (depth=1)[0m [36mdest=[0m"E:\\helm_clones_artifacthub\\hashicorp__consul-k8s" [36mrepo=[0mhttps://github.com/hashicorp/consul-k8s
[90m1:32AM[0m [31mERR[0m [1mClone failed – skipping[0m [36merror=[0m[31m[1m"exec: \"git\": executable file not found in %PATH%"[0m[0m [36mrepo=[0mhashicorp/consul-k8s
[90m1:32AM[0m [32mINF[0m [1mProcessing repo[0m [36mrepo=[0melastic/cloud-on-k8s [36mrepo_index=[0m45 [36mtotal_repos=[0m500
[90m1:32AM[0m [32mINF[0m [1mCloning (depth=1)[0m [36mdest=[0m"E:\\helm_clones_artifacthub\\elastic__cloud-on-k8s" [36mrepo=[0mhttps://github.com/elastic/cloud-on-k8s
[90m1:32AM[0m [31mERR[0m [1mClone failed – skipping[0m [36merror=[0m[31m[1m"exec: \"git\": executable file not found in %PATH%"[0m[0m [36mrepo=[0melastic/cloud-on-k8s
[90m1:32AM[0m [32mINF[0m [1mProcessing repo[0m [36mrepo=[0melastic/kibana [36mrepo_index=[0m46 [36mtotal_repos=[0m500
[90m1:32AM[0m [32mINF[0m [1mCloning (depth=1)[0m [36mdest=[0m"E:\\helm_clones_artifacthub\\elastic__kibana" [36mrepo=[0mhttps://github.com/elastic/kibana
[90m1:32AM[0m [31mERR[0m [1mClone failed – skipping[0m [36merror=[0m[31m[1m"exec: \"git\": executable file not found in %PATH%"[0m[0m [36mrepo=[0melastic/kibana
[90m1:32AM[0m [32mINF[0m [1mProcessing repo[0m [36mrepo=[0mcommunity-charts/helm-charts [36mrepo_index=[0m47 [36mtotal_repos=[0m500
[90m1:32AM[0m [32mINF[0m [1mCloning (depth=1)[0m [36mdest=[0m"E:\\helm_clones_artifacthub\\community-charts__helm-charts" [36mrepo=[0mhttps://github.com/community-charts/helm-charts
[90m1:32AM[0m [31mERR[0m [1mClone failed – skipping[0m [36merror=[0m[31m[1m"exec: \"git\": executable file not found in %PATH%"[0m[0m [36mrepo=[0mcommunity-charts/helm-charts
[90m1:32AM[0m [32mINF[0m [1mProcessing repo[0m [36mrepo=[0mkubernetes-sigs/descheduler [36mrepo_index=[0m48 [36mtotal_repos=[0m500
[90m1:32AM[0m [32mINF[0m [1mCloning (depth=1)[0m [36mdest=[0m"E:\\helm_clones_artifacthub\\kubernetes-sigs__descheduler" [36mrepo=[0mhttps://github.com/kubernetes-sigs/descheduler
[90m1:32AM[0m [31mERR[0m [1mClone failed – skipping[0m [36merror=[0m[31m[1m"exec: \"git\": executable file not found in %PATH%"[0m[0m [36mrepo=[0mkubernetes-sigs/descheduler
[90m1:32AM[0m [32mINF[0m [1mProcessing repo[0m [36mrepo=[0margoproj/argo-rollouts [36mrepo_index=[0m49 [36mtotal_repos=[0m500
[90m1:32AM[0m [32mINF[0m [1mCloning (depth=1)[0m [36mdest=[0m"E:\\helm_clones_artifacthub\\argoproj__argo-rollouts" [36mrepo=[0mhttps://github.com/argoproj/argo-rollouts
[90m1:32AM[0m [31mERR[0m [1mClone failed – skipping[0m [36merror=[0m[31m[1m"exec: \"git\": executable file not found in %PATH%"[0m[0m [36mrepo=[0margoproj/argo-rollouts
[90m1:32AM[0m [32mINF[0m [1mProcessing repo[0m [36mrepo=[0mjupyterhub/zero-to-jupyterhub-k8s [36mrepo_index=[0m50 [36mtotal_repos=[0m500
[90m1:32AM[0m [32mINF[0m [1mCloning (depth=1)[0m [36mdest=[0m"E:\\helm_clones_artifacthub\\jupyterhub__zero-to-jupyterhub-k8s" [36mrepo=[0mhttps://github.com/jupyterhub/zero-to-jupyterhub-k8s
[90m1:32AM[0m [31mERR[0m [1mClone failed – skipping[0m [36merror=[0m[31m[1m"exec: \"git\": executable file not found in %PATH%"[0m[0m [36mrepo=[0mjupyterhub/zero-to-jupyterhub-k8s
[90m1:32AM[0m [32mINF[0m [1mProcessing repo[0m [36mrepo=[0mjaegertracing/helm-charts [36mrepo_index=[0m51 [36mtotal_repos=[0m500
[90m1:32AM[0m [32mINF[0m [1mCloning (depth=1)[0m [36mdest=[0m"E:\\helm_clones_artifacthub\\jaegertracing__helm-charts" [36mrepo=[0mhttps://github.com/jaegertracing/helm-charts
[90m1:32AM[0m [31mERR[0m [1mClone failed – skipping[0m [36merror=[0m[31m[1m"exec: \"git\": executable file not found in %PATH%"[0m[0m [36mrepo=[0mjaegertracing/helm-charts
[90m1:32AM[0m [32mINF[0m [1mProcessing repo[0m [36mrepo=[0mstakater/Reloader [36mrepo_index=[0m52 [36mtotal_repos=[0m500
[90m1:32AM[0m [32mINF[0m [1mCloning (depth=1)[0m [36mdest=[0m"E:\\helm_clones_artifacthub\\stakater__Reloader" [36mrepo=[0mhttps://github.com/stakater/Reloader
[90m1:32AM[0m [31mERR[0m [1mClone failed – skipping[0m [36merror=[0m[31m[1m"exec: \"git\": executable file not found in %PATH%"[0m[0m [36mrepo=[0mstakater/Reloader
[90m1:32AM[0m [32mINF[0m [1mProcessing repo[0m [36mrepo=[0mnats-io/k8s [36mrepo_index=[0m53 [36mtotal_repos=[0m500
[90m1:32AM[0m [32mINF[0m [1mCloning (depth=1)[0m [36mdest=[0m"E:\\helm_clones_artifacthub\\nats-io__k8s" [36mrepo=[0mhttps://github.com/nats-io/k8s
[90m1:32AM[0m [31mERR[0m [1mClone failed – skipping[0m [36merror=[0m[31m[1m"exec: \"git\": executable file not found in %PATH%"[0m[0m [36mrepo=[0mnats-io/k8s
[90m1:32AM[0m [32mINF[0m [1mProcessing repo[0m [36mrepo=[0mmetabase/metabase [36mrepo_index=[0m54 [36mtotal_repos=[0m500
[90m1:32AM[0m [32mINF[0m [1mCloning (depth=1)[0m [36mdest=[0m"E:\\helm_clones_artifacthub\\metabase__metabase" [36mrepo=[0mhttps://github.com/metabase/metabase
[90m1:32AM[0m [31mERR[0m [1mClone failed – skipping[0m [36merror=[0m[31m[1m"exec: \"git\": executable file not found in %PATH%"[0m[0m [36mrepo=[0mmetabase/metabase
[90m1:32AM[0m [32mINF[0m [1mProcessing repo[0m [36mrepo=[0m8gears/n8n-helm-chart [36mrepo_index=[0m55 [36mtotal_repos=[0m500
[90m1:32AM[0m [32mINF[0m [1mCloning (depth=1)[0m [36mdest=[0m"E:\\helm_clones_artifacthub\\8gears__n8n-helm-chart" [36mrepo=[0mhttps://github.com/8gears/n8n-helm-chart
[90m1:32AM[0m [31mERR[0m [1mClone failed – skipping[0m [36merror=[0m[31m[1m"exec: \"git\": executable file not found in %PATH%"[0m[0m [36mrepo=[0m8gears/n8n-helm-chart
[90m1:32AM[0m [32mINF[0m [1mProcessing repo[0m [36mrepo=[0mdexidp/dex [36mrepo_index=[0m56 [36mtotal_repos=[0m500
[90m1:32AM[0m [32mINF[0m [1mCloning (depth=1)[0m [36mdest=[0m"E:\\helm_clones_artifacthub\\dexidp__dex" [36mrepo=[0mhttps://github.com/dexidp/dex
[90m1:32AM[0m [31mERR[0m [1mClone failed – skipping[0m [36merror=[0m[31m[1m"exec: \"git\": executable file not found in %PATH%"[0m[0m [36mrepo=[0mdexidp/dex
[90m1:32AM[0m [32mINF[0m [1mProcessing repo[0m [36mrepo=[0mbenc-uk/kubeview [36mrepo_index=[0m57 [36mtotal_repos=[0m500
[90m1:32AM[0m [32mINF[0m [1mCloning (depth=1)[0m [36mdest=[0m"E:\\helm_clones_artifacthub\\benc-uk__kubeview" [36mrepo=[0mhttps://github.com/benc-uk/kubeview
[90m1:32AM[0m [31mERR[0m [1mClone failed – skipping[0m [36merror=[0m[31m[1m"exec: \"git\": executable file not found in %PATH%"[0m[0m [36mrepo=[0mbenc-uk/kubeview
[90m1:32AM[0m [32mINF[0m [1mProcessing repo[0m [36mrepo=[0mairflow-helm/charts [36mrepo_index=[0m58 [36mtotal_repos=[0m500
[90m1:32AM[0m [32mINF[0m [1mCloning (depth=1)[0m [36mdest=[0m"E:\\helm_clones_artifacthub\\airflow-helm__charts" [36mrepo=[0mhttps://github.com/airflow-helm/charts
[90m1:32AM[0m [31mERR[0m [1mClone failed – skipping[0m [36merror=[0m[31m[1m"exec: \"git\": executable file not found in %PATH%"[0m[0m [36mrepo=[0mairflow-helm/charts
[90m1:32AM[0m [32mINF[0m [1mProcessing repo[0m [36mrepo=[0mdirsigler/uptime-kuma-helm [36mrepo_index=[0m59 [36mtotal_repos=[0m500
[90m1:32AM[0m [32mINF[0m [1mCloning (depth=1)[0m [36mdest=[0m"E:\\helm_clones_artifacthub\\dirsigler__uptime-kuma-helm" [36mrepo=[0mhttps://github.com/dirsigler/uptime-kuma-helm
[90m1:32AM[0m [31mERR[0m [1mClone failed – skipping[0m [36merror=[0m[31m[1m"exec: \"git\": executable file not found in %PATH%"[0m[0m [36mrepo=[0mdirsigler/uptime-kuma-helm
[90m1:32AM[0m [32mINF[0m [1mProcessing repo[0m [36mrepo=[0mkubernetes-sigs/nfs-ganesha-server-and-external-provisioner [36mrepo_index=[0m60 [36mtotal_repos=[0m500
[90m1:32AM[0m [32mINF[0m [1mCloning (depth=1)[0m [36mdest=[0m"E:\\helm_clones_artifacthub\\kubernetes-sigs__nfs-ganesha-server-and-external-provisioner" [36mrepo=[0mhttps://github.com/kubernetes-sigs/nfs-ganesha-server-and-external-provisioner
[90m1:32AM[0m [31mERR[0m [1mClone failed – skipping[0m [36merror=[0m[31m[1m"exec: \"git\": executable file not found in %PATH%"[0m[0m [36mrepo=[0mkubernetes-sigs/nfs-ganesha-server-and-external-provisioner
[90m1:32AM[0m [32mINF[0m [1mProcessing repo[0m [36mrepo=[0mrenovatebot/renovate [36mrepo_index=[0m61 [36mtotal_repos=[0m500
[90m1:32AM[0m [32mINF[0m [1mCloning (depth=1)[0m [36mdest=[0m"E:\\helm_clones_artifacthub\\renovatebot__renovate" [36mrepo=[0mhttps://github.com/renovatebot/renovate
[90m1:32AM[0m [31mERR[0m [1mClone failed – skipping[0m [36merror=[0m[31m[1m"exec: \"git\": executable file not found in %PATH%"[0m[0m [36mrepo=[0mrenovatebot/renovate
[90m1:32AM[0m [32mINF[0m [1mProcessing repo[0m [36mrepo=[0mjimmidyson/configmap-reload [36mrepo_index=[0m62 [36mtotal_repos=[0m500
[90m1:32AM[0m [32mINF[0m [1mCloning (depth=1)[0m [36mdest=[0m"E:\\helm_clones_artifacthub\\jimmidyson__configmap-reload" [36mrepo=[0mhttps://github.com/jimmidyson/configmap-reload
[90m1:32AM[0m [31mERR[0m [1mClone failed – skipping[0m [36merror=[0m[31m[1m"exec: \"git\": executable file not found in %PATH%"[0m[0m [36mrepo=[0mjimmidyson/configmap-reload
[90m1:32AM[0m [32mINF[0m [1mProcessing repo[0m [36mrepo=[0motwld/ollama-helm [36mrepo_index=[0m63 [36mtotal_repos=[0m500
[90m1:32AM[0m [32mINF[0m [1mCloning (depth=1)[0m [36mdest=[0m"E:\\helm_clones_artifacthub\\otwld__ollama-helm" [36mrepo=[0mhttps://github.com/otwld/ollama-helm
[90m1:32AM[0m [31mERR[0m [1mClone failed – skipping[0m [36merror=[0m[31m[1m"exec: \"git\": executable file not found in %PATH%"[0m[0m [36mrepo=[0motwld/ollama-helm
[90m1:32AM[0m [32mINF[0m [1mProcessing repo[0m [36mrepo=[0mchartmuseum/charts [36mrepo_index=[0m64 [36mtotal_repos=[0m500
[90m1:32AM[0m [32mINF[0m [1mCloning (depth=1)[0m [36mdest=[0m"E:\\helm_clones_artifacthub\\chartmuseum__charts" [36mrepo=[0mhttps://github.com/chartmuseum/charts
[90m1:32AM[0m [31mERR[0m [1mClone failed – skipping[0m [36merror=[0m[31m[1m"exec: \"git\": executable file not found in %PATH%"[0m[0m [36mrepo=[0mchartmuseum/charts
[90m1:32AM[0m [32mINF[0m [1mProcessing repo[0m [36mrepo=[0mapache/superset [36mrepo_index=[0m65 [36mtotal_repos=[0m500
[90m1:32AM[0m [32mINF[0m [1mCloning (depth=1)[0m [36mdest=[0m"E:\\helm_clones_artifacthub\\apache__superset" [36mrepo=[0mhttps://github.com/apache/superset
[90m1:32AM[0m [31mERR[0m [1mClone failed – skipping[0m [36merror=[0m[31m[1m"exec: \"git\": executable file not found in %PATH%"[0m[0m [36mrepo=[0mapache/superset
[90m1:32AM[0m [32mINF[0m [1mProcessing repo[0m [36mrepo=[0mfalcosecurity/charts [36mrepo_index=[0m66 [36mtotal_repos=[0m500
[90m1:32AM[0m [32mINF[0m [1mCloning (depth=1)[0m [36mdest=[0m"E:\\helm_clones_artifacthub\\falcosecurity__charts" [36mrepo=[0mhttps://github.com/falcosecurity/charts
[90m1:32AM[0m [31mERR[0m [1mClone failed – skipping[0m [36merror=[0m[31m[1m"exec: \"git\": executable file not found in %PATH%"[0m[0m [36mrepo=[0mfalcosecurity/charts
[90m1:32AM[0m [32mINF[0m [1mProcessing repo[0m [36mrepo=[0mminio/operator [36mrepo_index=[0m67 [36mtotal_repos=[0m500
[90m1:32AM[0m [32mINF[0m [1mCloning (depth=1)[0m [36mdest=[0m"E:\\helm_clones_artifacthub\\minio__operator" [36mrepo=[0mhttps://github.com/minio/operator
[90m1:32AM[0m [31mERR[0m [1mClone failed – skipping[0m [36merror=[0m[31m[1m"exec: \"git\": executable file not found in %PATH%"[0m[0m [36mrepo=[0mminio/operator
[90m1:32AM[0m [32mINF[0m [1mProcessing repo[0m [36mrepo=[0mprometheus/node_exporter [36mrepo_index=[0m68 [36mtotal_repos=[0m500
[90m1:32AM[0m [32mINF[0m [1mCloning (depth=1)[0m [36mdest=[0m"E:\\helm_clones_artifacthub\\prometheus__node_exporter" [36mrepo=[0mhttps://github.com/prometheus/node_exporter
[90m1:32AM[0m [31mERR[0m [1mClone failed – skipping[0m [36merror=[0m[31m[1m"exec: \"git\": executable file not found in %PATH%"[0m[0m [36mrepo=[0mprometheus/node_exporter
[90m1:32AM[0m [32mINF[0m [1mProcessing repo[0m [36mrepo=[0mkubernetes-sigs/headlamp [36mrepo_index=[0m69 [36mtotal_repos=[0m500
[90m1:32AM[0m [32mINF[0m [1mCloning (depth=1)[0m [36mdest=[0m"E:\\helm_clones_artifacthub\\kubernetes-sigs__headlamp" [36mrepo=[0mhttps://github.com/kubernetes-sigs/headlamp
[90m1:32AM[0m [31mERR[0m [1mClone failed – skipping[0m [36merror=[0m[31m[1m"exec: \"git\": executable file not found in %PATH%"[0m[0m [36mrepo=[0mkubernetes-sigs/headlamp
[90m1:32AM[0m [32mINF[0m [1mProcessing repo[0m [36mrepo=[0mKong/kubernetes-ingress-controller [36mrepo_index=[0m70 [36mtotal_repos=[0m500
[90m1:32AM[0m [32mINF[0m [1mCloning (depth=1)[0m [36mdest=[0m"E:\\helm_clones_artifacthub\\Kong__kubernetes-ingress-controller" [36mrepo=[0mhttps://github.com/Kong/kubernetes-ingress-controller
[90m1:32AM[0m [31mERR[0m [1mClone failed – skipping[0m [36merror=[0m[31m[1m"exec: \"git\": executable file not found in %PATH%"[0m[0m [36mrepo=[0mKong/kubernetes-ingress-controller
[90m1:32AM[0m [32mINF[0m [1mProcessing repo[0m [36mrepo=[0mopen-telemetry/opentelemetry-collector [36mrepo_index=[0m71 [36mtotal_repos=[0m500
[90m1:32AM[0m [32mINF[0m [1mCloning (depth=1)[0m [36mdest=[0m"E:\\helm_clones_artifacthub\\open-telemetry__opentelemetry-collector" [36mrepo=[0mhttps://github.com/open-telemetry/opentelemetry-collector
[90m1:32AM[0m [31mERR[0m [1mClone failed – skipping[0m [36merror=[0m[31m[1m"exec: \"git\": executable file not found in %PATH%"[0m[0m [36mrepo=[0mopen-telemetry/opentelemetry-collector
[90m1:32AM[0m [32mINF[0m [1mProcessing repo[0m [36mrepo=[0mDandyDeveloper/charts [36mrepo_index=[0m72 [36mtotal_repos=[0m500
[90m1:32AM[0m [32mINF[0m [1mCloning (depth=1)[0m [36mdest=[0m"E:\\helm_clones_artifacthub\\DandyDeveloper__charts" [36mrepo=[0mhttps://github.com/DandyDeveloper/charts
[90m1:32AM[0m [31mERR[0m [1mClone failed – skipping[0m [36merror=[0m[31m[1m"exec: \"git\": executable file not found in %PATH%"[0m[0m [36mrepo=[0mDandyDeveloper/charts
[90m1:32AM[0m [32mINF[0m [1mProcessing repo[0m [36mrepo=[0mrook/rook [36mrepo_index=[0m73 [36mtotal_repos=[0m500
[90m1:32AM[0m [32mINF[0m [1mCloning (depth=1)[0m [36mdest=[0m"E:\\helm_clones_artifacthub\\rook__rook" [36mrepo=[0mhttps://github.com/rook/rook
[90m1:32AM[0m [31mERR[0m [1mClone failed – skipping[0m [36merror=[0m[31m[1m"exec: \"git\": executable file not found in %PATH%"[0m[0m [36mrepo=[0mrook/rook
[90m1:32AM[0m [32mINF[0m [1mProcessing repo[0m [36mrepo=[0mdocker/distribution-library-image [36mrepo_index=[0m74 [36mtotal_repos=[0m500
[90m1:32AM[0m [32mINF[0m [1mCloning (depth=1)[0m [36mdest=[0m"E:\\helm_clones_artifacthub\\docker__distribution-library-image" [36mrepo=[0mhttps://github.com/docker/distribution-library-image
[90m1:32AM[0m [31mERR[0m [1mClone failed – skipping[0m [36merror=[0m[31m[1m"exec: \"git\": executable file not found in %PATH%"[0m[0m [36mrepo=[0mdocker/distribution-library-image
[90m1:32AM[0m [32mINF[0m [1mProcessing repo[0m [36mrepo=[0mcodecentric/helm-charts [36mrepo_index=[0m75 [36mtotal_repos=[0m500
[90m1:32AM[0m [32mINF[0m [1mCloning (depth=1)[0m [36mdest=[0m"E:\\helm_clones_artifacthub\\codecentric__helm-charts" [36mrepo=[0mhttps://github.com/codecentric/helm-charts
[90m1:32AM[0m [31mERR[0m [1mClone failed – skipping[0m [36merror=[0m[31m[1m"exec: \"git\": executable file not found in %PATH%"[0m[0m [36mrepo=[0mcodecentric/helm-charts
[90m1:32AM[0m [32mINF[0m [1mProcessing repo[0m [36mrepo=[0maquasecurity/helm-charts [36mrepo_index=[0m76 [36mtotal_repos=[0m500
[90m1:32AM[0m [32mINF[0m [1mCloning (depth=1)[0m [36mdest=[0m"E:\\helm_clones_artifacthub\\aquasecurity__helm-charts" [36mrepo=[0mhttps://github.com/aquasecurity/helm-charts
[90m1:32AM[0m [31mERR[0m [1mClone failed – skipping[0m [36merror=[0m[31m[1m"exec: \"git\": executable file not found in %PATH%"[0m[0m [36mrepo=[0maquasecurity/helm-charts
[90m1:32AM[0m [32mINF[0m [1mProcessing repo[0m [36mrepo=[0mopensearch-project/OpenSearch [36mrepo_index=[0m77 [36mtotal_repos=[0m500
[90m1:32AM[0m [32mINF[0m [1mCloning (depth=1)[0m [36mdest=[0m"E:\\helm_clones_artifacthub\\opensearch-project__OpenSearch" [36mrepo=[0mhttps://github.com/opensearch-project/OpenSearch
[90m1:32AM[0m [31mERR[0m [1mClone failed – skipping[0m [36merror=[0m[31m[1m"exec: \"git\": executable file not found in %PATH%"[0m[0m [36mrepo=[0mopensearch-project/OpenSearch
[90m1:32AM[0m [32mINF[0m [1mProcessing repo[0m [36mrepo=[0mitzg/minecraft-server-charts [36mrepo_index=[0m78 [36mtotal_repos=[0m500
[90m1:32AM[0m [32mINF[0m [1mCloning (depth=1)[0m [36mdest=[0m"E:\\helm_clones_artifacthub\\itzg__minecraft-server-charts" [36mrepo=[0mhttps://github.com/itzg/minecraft-server-charts
[90m1:32AM[0m [31mERR[0m [1mClone failed – skipping[0m [36merror=[0m[31m[1m"exec: \"git\": executable file not found in %PATH%"[0m[0m [36mrepo=[0mitzg/minecraft-server-charts
[90m1:32AM[0m [32mINF[0m [1mProcessing repo[0m [36mrepo=[0mprometheus-community/postgres_exporter [36mrepo_index=[0m79 [36mtotal_repos=[0m500
[90m1:32AM[0m [32mINF[0m [1mCloning (depth=1)[0m [36mdest=[0m"E:\\helm_clones_artifacthub\\prometheus-community__postgres_exporter" [36mrepo=[0mhttps://github.com/prometheus-community/postgres_exporter
[90m1:32AM[0m [31mERR[0m [1mClone failed – skipping[0m [36merror=[0m[31m[1m"exec: \"git\": executable file not found in %PATH%"[0m[0m [36mrepo=[0mprometheus-community/postgres_exporter
[90m1:32AM[0m [32mINF[0m [1mProcessing repo[0m [36mrepo=[0maws/aws-node-termination-handler [36mrepo_index=[0m80 [36mtotal_repos=[0m500
[90m1:32AM[0m [32mINF[0m [1mCloning (depth=1)[0m [36mdest=[0m"E:\\helm_clones_artifacthub\\aws__aws-node-termination-handler" [36mrepo=[0mhttps://github.com/aws/aws-node-termination-handler
[90m1:32AM[0m [31mERR[0m [1mClone failed – skipping[0m [36merror=[0m[31m[1m"exec: \"git\": executable file not found in %PATH%"[0m[0m [36mrepo=[0maws/aws-node-termination-handler
[90m1:32AM[0m [32mINF[0m [1mProcessing repo[0m [36mrepo=[0mkubereboot/charts [36mrepo_index=[0m81 [36mtotal_repos=[0m500
[90m1:32AM[0m [32mINF[0m [1mCloning (depth=1)[0m [36mdest=[0m"E:\\helm_clones_artifacthub\\kubereboot__charts" [36mrepo=[0mhttps://github.com/kubereboot/charts
[90m1:32AM[0m [31mERR[0m [1mClone failed – skipping[0m [36merror=[0m[31m[1m"exec: \"git\": executable file not found in %PATH%"[0m[0m [36mrepo=[0mkubereboot/charts
[90m1:32AM[0m [32mINF[0m [1mProcessing repo[0m [36mrepo=[0mVictoriaMetrics/helm-charts [36mrepo_index=[0m82 [36mtotal_repos=[0m500
[90m1:32AM[0m [32mINF[0m [1mCloning (depth=1)[0m [36mdest=[0m"E:\\helm_clones_artifacthub\\VictoriaMetrics__helm-charts" [36mrepo=[0mhttps://github.com/VictoriaMetrics/helm-charts
[90m1:32AM[0m [31mERR[0m [1mClone failed – skipping[0m [36merror=[0m[31m[1m"exec: \"git\": executable file not found in %PATH%"[0m[0m [36mrepo=[0mVictoriaMetrics/helm-charts
[90m1:32AM[0m [32mINF[0m [1mProcessing repo[0m [36mrepo=[0mrabbitmq/cluster-operator [36mrepo_index=[0m83 [36mtotal_repos=[0m500
[90m1:32AM[0m [32mINF[0m [1mCloning (depth=1)[0m [36mdest=[0m"E:\\helm_clones_artifacthub\\rabbitmq__cluster-operator" [36mrepo=[0mhttps://github.com/rabbitmq/cluster-operator
[90m1:32AM[0m [31mERR[0m [1mClone failed – skipping[0m [36merror=[0m[31m[1m"exec: \"git\": executable file not found in %PATH%"[0m[0m [36mrepo=[0mrabbitmq/cluster-operator
[90m1:32AM[0m [32mINF[0m [1mProcessing repo[0m [36mrepo=[0mbackstage/charts [36mrepo_index=[0m84 [36mtotal_repos=[0m500
[90m1:32AM[0m [32mINF[0m [1mCloning (depth=1)[0m [36mdest=[0m"E:\\helm_clones_artifacthub\\backstage__charts" [36mrepo=[0mhttps://github.com/backstage/charts
[90m1:32AM[0m [31mERR[0m [1mClone failed – skipping[0m [36merror=[0m[31m[1m"exec: \"git\": executable file not found in %PATH%"[0m[0m [36mrepo=[0mbackstage/charts
[90m1:32AM[0m [32mINF[0m [1mProcessing repo[0m [36mrepo=[0mopenebs/openebs [36mrepo_index=[0m85 [36mtotal_repos=[0m500
[90m1:32AM[0m [32mINF[0m [1mCloning (depth=1)[0m [36mdest=[0m"E:\\helm_clones_artifacthub\\openebs__openebs" [36mrepo=[0mhttps://github.com/openebs/openebs
[90m1:32AM[0m [31mERR[0m [1mClone failed – skipping[0m [36merror=[0m[31m[1m"exec: \"git\": executable file not found in %PATH%"[0m[0m [36mrepo=[0mopenebs/openebs
[90m1:32AM[0m [32mINF[0m [1mProcessing repo[0m [36mrepo=[0mopen-webui/helm-charts [36mrepo_index=[0m86 [36mtotal_repos=[0m500
[90m1:32AM[0m [32mINF[0m [1mCloning (depth=1)[0m [36mdest=[0m"E:\\helm_clones_artifacthub\\open-webui__helm-charts" [36mrepo=[0mhttps://github.com/open-webui/helm-charts
[90m1:32AM[0m [31mERR[0m [1mClone failed – skipping[0m [36merror=[0m[31m[1m"exec: \"git\": executable file not found in %PATH%"[0m[0m [36mrepo=[0mopen-webui/helm-charts
[90m1:32AM[0m [32mINF[0m [1mProcessing repo[0m [36mrepo=[0mpajikos/home-assistant-helm-chart [36mrepo_index=[0m87 [36mtotal_repos=[0m500
[90m1:32AM[0m [32mINF[0m [1mCloning (depth=1)[0m [36mdest=[0m"E:\\helm_clones_artifacthub\\pajikos__home-assistant-helm-chart" [36mrepo=[0mhttps://github.com/pajikos/home-assistant-helm-chart
[90m1:32AM[0m [31mERR[0m [1mClone failed – skipping[0m [36merror=[0m[31m[1m"exec: \"git\": executable file not found in %PATH%"[0m[0m [36mrepo=[0mpajikos/home-assistant-helm-chart
[90m1:32AM[0m [32mINF[0m [1mProcessing repo[0m [36mrepo=[0mgrafana/k8s-monitoring-helm [36mrepo_index=[0m88 [36mtotal_repos=[0m500
[90m1:32AM[0m [32mINF[0m [1mCloning (depth=1)[0m [36mdest=[0m"E:\\helm_clones_artifacthub\\grafana__k8s-monitoring-helm" [36mrepo=[0mhttps://github.com/grafana/k8s-monitoring-helm
[90m1:32AM[0m [31mERR[0m [1mClone failed – skipping[0m [36merror=[0m[31m[1m"exec: \"git\": executable file not found in %PATH%"[0m[0m [36mrepo=[0mgrafana/k8s-monitoring-helm
[90m1:32AM[0m [32mINF[0m [1mProcessing repo[0m [36mrepo=[0mkafbat/kafka-ui [36mrepo_index=[0m89 [36mtotal_repos=[0m500
[90m1:32AM[0m [32mINF[0m [1mCloning (depth=1)[0m [36mdest=[0m"E:\\helm_clones_artifacthub\\kafbat__kafka-ui" [36mrepo=[0mhttps://github.com/kafbat/kafka-ui
[90m1:32AM[0m [31mERR[0m [1mClone failed – skipping[0m [36merror=[0m[31m[1m"exec: \"git\": executable file not found in %PATH%"[0m[0m [36mrepo=[0mkafbat/kafka-ui
[90m1:32AM[0m [32mINF[0m [1mProcessing repo[0m [36mrepo=[0mactions/actions-runner-controller [36mrepo_index=[0m90 [36mtotal_repos=[0m500
[90m1:32AM[0m [32mINF[0m [1mCloning (depth=1)[0m [36mdest=[0m"E:\\helm_clones_artifacthub\\actions__actions-runner-controller" [36mrepo=[0mhttps://github.com/actions/actions-runner-controller
[90m1:32AM[0m [31mERR[0m [1mClone failed – skipping[0m [36merror=[0m[31m[1m"exec: \"git\": executable file not found in %PATH%"[0m[0m [36mrepo=[0mactions/actions-runner-controller
[90m1:32AM[0m [32mINF[0m [1mProcessing repo[0m [36mrepo=[0mprojectcalico/vpp-dataplane [36mrepo_index=[0m91 [36mtotal_repos=[0m500
[90m1:32AM[0m [32mINF[0m [1mCloning (depth=1)[0m [36mdest=[0m"E:\\helm_clones_artifacthub\\projectcalico__vpp-dataplane" [36mrepo=[0mhttps://github.com/projectcalico/vpp-dataplane
[90m1:32AM[0m [31mERR[0m [1mClone failed – skipping[0m [36merror=[0m[31m[1m"exec: \"git\": executable file not found in %PATH%"[0m[0m [36mrepo=[0mprojectcalico/vpp-dataplane
[90m1:32AM[0m [32mINF[0m [1mProcessing repo[0m [36mrepo=[0mFairwindsOps/goldilocks [36mrepo_index=[0m92 [36mtotal_repos=[0m500
[90m1:32AM[0m [32mINF[0m [1mCloning (depth=1)[0m [36mdest=[0m"E:\\helm_clones_artifacthub\\FairwindsOps__goldilocks" [36mrepo=[0mhttps://github.com/FairwindsOps/goldilocks
[90m1:32AM[0m [31mERR[0m [1mClone failed – skipping[0m [36merror=[0m[31m[1m"exec: \"git\": executable file not found in %PATH%"[0m[0m [36mrepo=[0mFairwindsOps/goldilocks
[90m1:32AM[0m [32mINF[0m [1mProcessing repo[0m [36mrepo=[0maws/aws-for-fluent-bit [36mrepo_index=[0m93 [36mtotal_repos=[0m500
[90m1:32AM[0m [32mINF[0m [1mCloning (depth=1)[0m [36mdest=[0m"E:\\helm_clones_artifacthub\\aws__aws-for-fluent-bit" [36mrepo=[0mhttps://github.com/aws/aws-for-fluent-bit
[90m1:32AM[0m [31mERR[0m [1mClone failed – skipping[0m [36merror=[0m[31m[1m"exec: \"git\": executable file not found in %PATH%"[0m[0m [36mrepo=[0maws/aws-for-fluent-bit
[90m1:32AM[0m [32mINF[0m [1mProcessing repo[0m [36mrepo=[0mCloudPirates-io/helm-charts [36mrepo_index=[0m94 [36mtotal_repos=[0m500
[90m1:32AM[0m [32mINF[0m [1mCloning (depth=1)[0m [36mdest=[0m"E:\\helm_clones_artifacthub\\CloudPirates-io__helm-charts" [36mrepo=[0mhttps://github.com/CloudPirates-io/helm-charts
[90m1:32AM[0m [31mERR[0m [1mClone failed – skipping[0m [36merror=[0m[31m[1m"exec: \"git\": executable file not found in %PATH%"[0m[0m [36mrepo=[0mCloudPirates-io/helm-charts
[90m1:32AM[0m [32mINF[0m [1mProcessing repo[0m [36mrepo=[0matlassian/data-center-helm-charts [36mrepo_index=[0m95 [36mtotal_repos=[0m500
[90m1:32AM[0m [32mINF[0m [1mCloning (depth=1)[0m [36mdest=[0m"E:\\helm_clones_artifacthub\\atlassian__data-center-helm-charts" [36mrepo=[0mhttps://github.com/atlassian/data-center-helm-charts
[90m1:32AM[0m [31mERR[0m [1mClone failed – skipping[0m [36merror=[0m[31m[1m"exec: \"git\": executable file not found in %PATH%"[0m[0m [36mrepo=[0matlassian/data-center-helm-charts
[90m1:32AM[0m [32mINF[0m [1mProcessing repo[0m [36mrepo=[0mkubernetes/node-problem-detector [36mrepo_index=[0m96 [36mtotal_repos=[0m500
[90m1:32AM[0m [32mINF[0m [1mCloning (depth=1)[0m [36mdest=[0m"E:\\helm_clones_artifacthub\\kubernetes__node-problem-detector" [36mrepo=[0mhttps://github.com/kubernetes/node-problem-detector
[90m1:32AM[0m [31mERR[0m [1mClone failed – skipping[0m [36merror=[0m[31m[1m"exec: \"git\": executable file not found in %PATH%"[0m[0m [36mrepo=[0mkubernetes/node-problem-detector
[90m1:32AM[0m [32mINF[0m [1mProcessing repo[0m [36mrepo=[0mfluxcd-community/helm-charts [36mrepo_index=[0m97 [36mtotal_repos=[0m500
[90m1:32AM[0m [32mINF[0m [1mCloning (depth=1)[0m [36mdest=[0m"E:\\helm_clones_artifacthub\\fluxcd-community__helm-charts" [36mrepo=[0mhttps://github.com/fluxcd-community/helm-charts
[90m1:32AM[0m [31mERR[0m [1mClone failed – skipping[0m [36merror=[0m[31m[1m"exec: \"git\": executable file not found in %PATH%"[0m[0m [36mrepo=[0mfluxcd-community/helm-charts
[90m1:32AM[0m [32mINF[0m [1mProcessing repo[0m [36mrepo=[0mEnapter/charts [36mrepo_index=[0m98 [36mtotal_repos=[0m500
[90m1:32AM[0m [32mINF[0m [1mCloning (depth=1)[0m [36mdest=[0m"E:\\helm_clones_artifacthub\\Enapter__charts" [36mrepo=[0mhttps://github.com/Enapter/charts
[90m1:32AM[0m [31mERR[0m [1mClone failed – skipping[0m [36merror=[0m[31m[1m"exec: \"git\": executable file not found in %PATH%"[0m[0m [36mrepo=[0mEnapter/charts
[90m1:32AM[0m [32mINF[0m [1mProcessing repo[0m [36mrepo=[0mminio/minio [36mrepo_index=[0m99 [36mtotal_repos=[0m500
[90m1:32AM[0m [32mINF[0m [1mCloning (depth=1)[0m [36mdest=[0m"E:\\helm_clones_artifacthub\\minio__minio" [36mrepo=[0mhttps://github.com/minio/minio
[90m1:32AM[0m [31mERR[0m [1mClone failed – skipping[0m [36merror=[0m[31m[1m"exec: \"git\": executable file not found in %PATH%"[0m[0m [36mrepo=[0mminio/minio
[90m1:32AM[0m [32mINF[0m [1mProcessing repo[0m [36mrepo=[0mstrimzi/strimzi-kafka-operator [36mrepo_index=[0m100 [36mtotal_repos=[0m500
[90m1:32AM[0m [32mINF[0m [1mCloning (depth=1)[0m [36mdest=[0m"E:\\helm_clones_artifacthub\\strimzi__strimzi-kafka-operator" [36mrepo=[0mhttps://github.com/strimzi/strimzi-kafka-operator
[90m1:32AM[0m [31mERR[0m [1mClone failed – skipping[0m [36merror=[0m[31m[1m"exec: \"git\": executable file not found in %PATH%"[0m[0m [36mrepo=[0mstrimzi/strimzi-kafka-operator
[90m1:32AM[0m [32mINF[0m [1mProcessing repo[0m [36mrepo=[0mdrone/drone [36mrepo_index=[0m101 [36mtotal_repos=[0m500
[90m1:32AM[0m [32mINF[0m [1mCloning (depth=1)[0m [36mdest=[0m"E:\\helm_clones_artifacthub\\drone__drone" [36mrepo=[0mhttps://github.com/drone/drone
[90m1:32AM[0m [31mERR[0m [1mClone failed – skipping[0m [36merror=[0m[31m[1m"exec: \"git\": executable file not found in %PATH%"[0m[0m [36mrepo=[0mdrone/drone
[90m1:32AM[0m [32mINF[0m [1mProcessing repo[0m [36mrepo=[0mhashicorp/vault-secrets-operator [36mrepo_index=[0m102 [36mtotal_repos=[0m500
[90m1:32AM[0m [32mINF[0m [1mCloning (depth=1)[0m [36mdest=[0m"E:\\helm_clones_artifacthub\\hashicorp__vault-secrets-operator" [36mrepo=[0mhttps://github.com/hashicorp/vault-secrets-operator
[90m1:32AM[0m [31mERR[0m [1mClone failed – skipping[0m [36merror=[0m[31m[1m"exec: \"git\": executable file not found in %PATH%"[0m[0m [36mrepo=[0mhashicorp/vault-secrets-operator
[90m1:32AM[0m [32mINF[0m [1mProcessing repo[0m [36mrepo=[0mmongodb/mongodb-kubernetes-operator [36mrepo_index=[0m103 [36mtotal_repos=[0m500
[90m1:32AM[0m [32mINF[0m [1mCloning (depth=1)[0m [36mdest=[0m"E:\\helm_clones_artifacthub\\mongodb__mongodb-kubernetes-operator" [36mrepo=[0mhttps://github.com/mongodb/mongodb-kubernetes-operator
[90m1:32AM[0m [31mERR[0m [1mClone failed – skipping[0m [36merror=[0m[31m[1m"exec: \"git\": executable file not found in %PATH%"[0m[0m [36mrepo=[0mmongodb/mongodb-kubernetes-operator
[90m1:32AM[0m [32mINF[0m [1mProcessing repo[0m [36mrepo=[0mopen-metadata/OpenMetadata [36mrepo_index=[0m104 [36mtotal_repos=[0m500
[90m1:32AM[0m [32mINF[0m [1mCloning (depth=1)[0m [36mdest=[0m"E:\\helm_clones_artifacthub\\open-metadata__OpenMetadata" [36mrepo=[0mhttps://github.com/open-metadata/OpenMetadata
[90m1:32AM[0m [31mERR[0m [1mClone failed – skipping[0m [36merror=[0m[31m[1m"exec: \"git\": executable file not found in %PATH%"[0m[0m [36mrepo=[0mopen-metadata/OpenMetadata
[90m1:32AM[0m [32mINF[0m [1mProcessing repo[0m [36mrepo=[0mprometheus-operator/prometheus-operator [36mrepo_index=[0m105 [36mtotal_repos=[0m500
[90m1:32AM[0m [32mINF[0m [1mCloning (depth=1)[0m [36mdest=[0m"E:\\helm_clones_artifacthub\\prometheus-operator__prometheus-operator" [36mrepo=[0mhttps://github.com/prometheus-operator/prometheus-operator
[90m1:32AM[0m [31mERR[0m [1mClone failed – skipping[0m [36merror=[0m[31m[1m"exec: \"git\": executable file not found in %PATH%"[0m[0m [36mrepo=[0mprometheus-operator/prometheus-operator
[90m1:32AM[0m [32mINF[0m [1mProcessing repo[0m [36mrepo=[0mhaproxytech/helm-charts [36mrepo_index=[0m106 [36mtotal_repos=[0m500
[90m1:32AM[0m [32mINF[0m [1mCloning (depth=1)[0m [36mdest=[0m"E:\\helm_clones_artifacthub\\haproxytech__helm-charts" [36mrepo=[0mhttps://github.com/haproxytech/helm-charts
[90m1:32AM[0m [31mERR[0m [1mClone failed – skipping[0m [36merror=[0m[31m[1m"exec: \"git\": executable file not found in %PATH%"[0m[0m [36mrepo=[0mhaproxytech/helm-charts
[90m1:32AM[0m [32mINF[0m [1mProcessing repo[0m [36mrepo=[0mlinkerd/linkerd2 [36mrepo_index=[0m107 [36mtotal_repos=[0m500
[90m1:32AM[0m [32mINF[0m [1mCloning (depth=1)[0m [36mdest=[0m"E:\\helm_clones_artifacthub\\linkerd__linkerd2" [36mrepo=[0mhttps://github.com/linkerd/linkerd2
[90m1:32AM[0m [31mERR[0m [1mClone failed – skipping[0m [36merror=[0m[31m[1m"exec: \"git\": executable file not found in %PATH%"[0m[0m [36mrepo=[0mlinkerd/linkerd2
[90m1:32AM[0m [32mINF[0m [1mProcessing repo[0m [36mrepo=[0mgissilabs/charts [36mrepo_index=[0m108 [36mtotal_repos=[0m500
[90m1:32AM[0m [32mINF[0m [1mCloning (depth=1)[0m [36mdest=[0m"E:\\helm_clones_artifacthub\\gissilabs__charts" [36mrepo=[0mhttps://github.com/gissilabs/charts
[90m1:32AM[0m [31mERR[0m [1mClone failed – skipping[0m [36merror=[0m[31m[1m"exec: \"git\": executable file not found in %PATH%"[0m[0m [36mrepo=[0mgissilabs/charts
[90m1:32AM[0m [32mINF[0m [1mProcessing repo[0m [36mrepo=[0mottoyiu/django-cors-headers [36mrepo_index=[0m109 [36mtotal_repos=[0m500
[90m1:32AM[0m [32mINF[0m [1mCloning (depth=1)[0m [36mdest=[0m"E:\\helm_clones_artifacthub\\ottoyiu__django-cors-headers" [36mrepo=[0mhttps://github.com/ottoyiu/django-cors-headers
[90m1:32AM[0m [31mERR[0m [1mClone failed – skipping[0m [36merror=[0m[31m[1m"exec: \"git\": executable file not found in %PATH%"[0m[0m [36mrepo=[0mottoyiu/django-cors-headers
[90m1:32AM[0m [32mINF[0m [1mProcessing repo[0m [36mrepo=[0mopencost/opencost-helm-chart [36mrepo_index=[0m110 [36mtotal_repos=[0m500
[90m1:32AM[0m [32mINF[0m [1mCloning (depth=1)[0m [36mdest=[0m"E:\\helm_clones_artifacthub\\opencost__opencost-helm-chart" [36mrepo=[0mhttps://github.com/opencost/opencost-helm-chart
[90m1:32AM[0m [31mERR[0m [1mClone failed – skipping[0m [36merror=[0m[31m[1m"exec: \"git\": executable file not found in %PATH%"[0m[0m [36mrepo=[0mopencost/opencost-helm-chart
[90m1:32AM[0m [32mINF[0m [1mProcessing repo[0m [36mrepo=[0mredpanda-data/redpanda-operator [36mrepo_index=[0m111 [36mtotal_repos=[0m500
[90m1:32AM[0m [32mINF[0m [1mCloning (depth=1)[0m [36mdest=[0m"E:\\helm_clones_artifacthub\\redpanda-data__redpanda-operator" [36mrepo=[0mhttps://github.com/redpanda-data/redpanda-operator
[90m1:32AM[0m [31mERR[0m [1mClone failed – skipping[0m [36merror=[0m[31m[1m"exec: \"git\": executable file not found in %PATH%"[0m[0m [36mrepo=[0mredpanda-data/redpanda-operator
[90m1:32AM[0m [32mINF[0m [1mProcessing repo[0m [36mrepo=[0mzitadel/zitadel-charts [36mrepo_index=[0m112 [36mtotal_repos=[0m500
[90m1:32AM[0m [32mINF[0m [1mCloning (depth=1)[0m [36mdest=[0m"E:\\helm_clones_artifacthub\\zitadel__zitadel-charts" [36mrepo=[0mhttps://github.com/zitadel/zitadel-charts
[90m1:32AM[0m [31mERR[0m [1mClone failed – skipping[0m [36merror=[0m[31m[1m"exec: \"git\": executable file not found in %PATH%"[0m[0m [36mrepo=[0mzitadel/zitadel-charts
[90m1:32AM[0m [32mINF[0m [1mProcessing repo[0m [36mrepo=[0mopen-policy-agent/gatekeeper [36mrepo_index=[0m113 [36mtotal_repos=[0m500
[90m1:32AM[0m [32mINF[0m [1mCloning (depth=1)[0m [36mdest=[0m"E:\\helm_clones_artifacthub\\open-policy-agent__gatekeeper" [36mrepo=[0mhttps://github.com/open-policy-agent/gatekeeper
[90m1:32AM[0m [31mERR[0m [1mClone failed – skipping[0m [36merror=[0m[31m[1m"exec: \"git\": executable file not found in %PATH%"[0m[0m [36mrepo=[0mopen-policy-agent/gatekeeper
[90m1:32AM[0m [32mINF[0m [1mProcessing repo[0m [36mrepo=[0mgrafana/grafana [36mrepo_index=[0m114 [36mtotal_repos=[0m500
[90m1:32AM[0m [32mINF[0m [1mCloning (depth=1)[0m [36mdest=[0m"E:\\helm_clones_artifacthub\\grafana__grafana" [36mrepo=[0mhttps://github.com/grafana/grafana
[90m1:32AM[0m [31mERR[0m [1mClone failed – skipping[0m [36merror=[0m[31m[1m"exec: \"git\": executable file not found in %PATH%"[0m[0m [36mrepo=[0mgrafana/grafana
[90m1:32AM[0m [32mINF[0m [1mProcessing repo[0m [36mrepo=[0mprojectcontour/contour [36mrepo_index=[0m115 [36mtotal_repos=[0m500
[90m1:32AM[0m [32mINF[0m [1mCloning (depth=1)[0m [36mdest=[0m"E:\\helm_clones_artifacthub\\projectcontour__contour" [36mrepo=[0mhttps://github.com/projectcontour/contour
[90m1:32AM[0m [31mERR[0m [1mClone failed – skipping[0m [36merror=[0m[31m[1m"exec: \"git\": executable file not found in %PATH%"[0m[0m [36mrepo=[0mprojectcontour/contour
[90m1:32AM[0m [32mINF[0m [1mProcessing repo[0m [36mrepo=[0mjp-gouin/helm-openldap [36mrepo_index=[0m116 [36mtotal_repos=[0m500
[90m1:32AM[0m [32mINF[0m [1mCloning (depth=1)[0m [36mdest=[0m"E:\\helm_clones_artifacthub\\jp-gouin__helm-openldap" [36mrepo=[0mhttps://github.com/jp-gouin/helm-openldap
[90m1:32AM[0m [31mERR[0m [1mClone failed – skipping[0m [36merror=[0m[31m[1m"exec: \"git\": executable file not found in %PATH%"[0m[0m [36mrepo=[0mjp-gouin/helm-openldap
[90m1:32AM[0m [32mINF[0m [1mProcessing repo[0m [36mrepo=[0minfluxdata/influxdb [36mrepo_index=[0m117 [36mtotal_repos=[0m500
[90m1:32AM[0m [32mINF[0m [1mCloning (depth=1)[0m [36mdest=[0m"E:\\helm_clones_artifacthub\\influxdata__influxdb" [36mrepo=[0mhttps://github.com/influxdata/influxdb
[90m1:32AM[0m [31mERR[0m [1mClone failed – skipping[0m [36merror=[0m[31m[1m"exec: \"git\": executable file not found in %PATH%"[0m[0m [36mrepo=[0minfluxdata/influxdb
[90m1:32AM[0m [32mINF[0m [1mProcessing repo[0m [36mrepo=[0mzammad/zammad [36mrepo_index=[0m118 [36mtotal_repos=[0m500
[90m1:32AM[0m [32mINF[0m [1mCloning (depth=1)[0m [36mdest=[0m"E:\\helm_clones_artifacthub\\zammad__zammad" [36mrepo=[0mhttps://github.com/zammad/zammad
[90m1:32AM[0m [31mERR[0m [1mClone failed – skipping[0m [36merror=[0m[31m[1m"exec: \"git\": executable file not found in %PATH%"[0m[0m [36mrepo=[0mzammad/zammad
[90m1:32AM[0m [32mINF[0m [1mProcessing repo[0m [36mrepo=[0mMailu/Mailu [36mrepo_index=[0m119 [36mtotal_repos=[0m500
[90m1:32AM[0m [32mINF[0m [1mCloning (depth=1)[0m [36mdest=[0m"E:\\helm_clones_artifacthub\\Mailu__Mailu" [36mrepo=[0mhttps://github.com/Mailu/Mailu
[90m1:32AM[0m [31mERR[0m [1mClone failed – skipping[0m [36merror=[0m[31m[1m"exec: \"git\": executable file not found in %PATH%"[0m[0m [36mrepo=[0mMailu/Mailu
[90m1:32AM[0m [32mINF[0m [1mProcessing repo[0m [36mrepo=[0mpiraeusdatastore/helm-charts [36mrepo_index=[0m120 [36mtotal_repos=[0m500
[90m1:32AM[0m [32mINF[0m [1mCloning (depth=1)[0m [36mdest=[0m"E:\\helm_clones_artifacthub\\piraeusdatastore__helm-charts" [36mrepo=[0mhttps://github.com/piraeusdatastore/helm-charts
[90m1:32AM[0m [31mERR[0m [1mClone failed – skipping[0m [36merror=[0m[31m[1m"exec: \"git\": executable file not found in %PATH%"[0m[0m [36mrepo=[0mpiraeusdatastore/helm-charts
[90m1:32AM[0m [32mINF[0m [1mProcessing repo[0m [36mrepo=[0mceph/ceph-csi [36mrepo_index=[0m121 [36mtotal_repos=[0m500
[90m1:32AM[0m [32mINF[0m [1mCloning (depth=1)[0m [36mdest=[0m"E:\\helm_clones_artifacthub\\ceph__ceph-csi" [36mrepo=[0mhttps://github.com/ceph/ceph-csi
[90m1:32AM[0m [31mERR[0m [1mClone failed – skipping[0m [36merror=[0m[31m[1m"exec: \"git\": executable file not found in %PATH%"[0m[0m [36mrepo=[0mceph/ceph-csi
[90m1:32AM[0m [32mINF[0m [1mProcessing repo[0m [36mrepo=[0mkyverno/policies [36mrepo_index=[0m122 [36mtotal_repos=[0m500
[90m1:32AM[0m [32mINF[0m [1mCloning (depth=1)[0m [36mdest=[0m"E:\\helm_clones_artifacthub\\kyverno__policies" [36mrepo=[0mhttps://github.com/kyverno/policies
[90m1:32AM[0m [31mERR[0m [1mClone failed – skipping[0m [36merror=[0m[31m[1m"exec: \"git\": executable file not found in %PATH%"[0m[0m [36mrepo=[0mkyverno/policies
[90m1:32AM[0m [32mINF[0m [1mProcessing repo[0m [36mrepo=[0mapache/solr-operator [36mrepo_index=[0m123 [36mtotal_repos=[0m500
[90m1:32AM[0m [32mINF[0m [1mCloning (depth=1)[0m [36mdest=[0m"E:\\helm_clones_artifacthub\\apache__solr-operator" [36mrepo=[0mhttps://github.com/apache/solr-operator
[90m1:32AM[0m [31mERR[0m [1mClone failed – skipping[0m [36merror=[0m[31m[1m"exec: \"git\": executable file not found in %PATH%"[0m[0m [36mrepo=[0mapache/solr-operator
[90m1:32AM[0m [32mINF[0m [1mProcessing repo[0m [36mrepo=[0macryldata/datahub-helm [36mrepo_index=[0m124 [36mtotal_repos=[0m500
[90m1:32AM[0m [32mINF[0m [1mCloning (depth=1)[0m [36mdest=[0m"E:\\helm_clones_artifacthub\\acryldata__datahub-helm" [36mrepo=[0mhttps://github.com/acryldata/datahub-helm
[90m1:32AM[0m [31mERR[0m [1mClone failed – skipping[0m [36merror=[0m[31m[1m"exec: \"git\": executable file not found in %PATH%"[0m[0m [36mrepo=[0macryldata/datahub-helm
[90m1:32AM[0m [32mINF[0m [1mProcessing repo[0m [36mrepo=[0mkubernetes/kube-state-metrics [36mrepo_index=[0m125 [36mtotal_repos=[0m500
[90m1:32AM[0m [32mINF[0m [1mCloning (depth=1)[0m [36mdest=[0m"E:\\helm_clones_artifacthub\\kubernetes__kube-state-metrics" [36mrepo=[0mhttps://github.com/kubernetes/kube-state-metrics
[90m1:32AM[0m [31mERR[0m [1mClone failed – skipping[0m [36merror=[0m[31m[1m"exec: \"git\": executable file not found in %PATH%"[0m[0m [36mrepo=[0mkubernetes/kube-state-metrics
[90m1:32AM[0m [32mINF[0m [1mProcessing repo[0m [36mrepo=[0mkubernetes-sigs/kind [36mrepo_index=[0m126 [36mtotal_repos=[0m500
[90m1:32AM[0m [32mINF[0m [1mCloning (depth=1)[0m [36mdest=[0m"E:\\helm_clones_artifacthub\\kubernetes-sigs__kind" [36mrepo=[0mhttps://github.com/kubernetes-sigs/kind
[90m1:32AM[0m [31mERR[0m [1mClone failed – skipping[0m [36merror=[0m[31m[1m"exec: \"git\": executable file not found in %PATH%"[0m[0m [36mrepo=[0mkubernetes-sigs/kind
[90m1:32AM[0m [32mINF[0m [1mProcessing repo[0m [36mrepo=[0mfluxcd/flux2 [36mrepo_index=[0m127 [36mtotal_repos=[0m500
[90m1:32AM[0m [32mINF[0m [1mCloning (depth=1)[0m [36mdest=[0m"E:\\helm_clones_artifacthub\\fluxcd__flux2" [36mrepo=[0mhttps://github.com/fluxcd/flux2
[90m1:32AM[0m [31mERR[0m [1mClone failed – skipping[0m [36merror=[0m[31m[1m"exec: \"git\": executable file not found in %PATH%"[0m[0m [36mrepo=[0mfluxcd/flux2
[90m1:32AM[0m [32mINF[0m [1mProcessing repo[0m [36mrepo=[0mportainer/k8s [36mrepo_index=[0m128 [36mtotal_repos=[0m500
[90m1:32AM[0m [32mINF[0m [1mCloning (depth=1)[0m [36mdest=[0m"E:\\helm_clones_artifacthub\\portainer__k8s" [36mrepo=[0mhttps://github.com/portainer/k8s
[90m1:32AM[0m [31mERR[0m [1mClone failed – skipping[0m [36merror=[0m[31m[1m"exec: \"git\": executable file not found in %PATH%"[0m[0m [36mrepo=[0mportainer/k8s
[90m1:32AM[0m [32mINF[0m [1mProcessing repo[0m [36mrepo=[0mcert-manager/trust-manager [36mrepo_index=[0m129 [36mtotal_repos=[0m500
[90m1:32AM[0m [32mINF[0m [1mCloning (depth=1)[0m [36mdest=[0m"E:\\helm_clones_artifacthub\\cert-manager__trust-manager" [36mrepo=[0mhttps://github.com/cert-manager/trust-manager
[90m1:32AM[0m [31mERR[0m [1mClone failed – skipping[0m [36merror=[0m[31m[1m"exec: \"git\": executable file not found in %PATH%"[0m[0m [36mrepo=[0mcert-manager/trust-manager
[90m1:32AM[0m [32mINF[0m [1mProcessing repo[0m [36mrepo=[0mchaos-mesh/chaos-mesh [36mrepo_index=[0m130 [36mtotal_repos=[0m500
[90m1:32AM[0m [32mINF[0m [1mCloning (depth=1)[0m [36mdest=[0m"E:\\helm_clones_artifacthub\\chaos-mesh__chaos-mesh" [36mrepo=[0mhttps://github.com/chaos-mesh/chaos-mesh
[90m1:32AM[0m [31mERR[0m [1mClone failed – skipping[0m [36merror=[0m[31m[1m"exec: \"git\": executable file not found in %PATH%"[0m[0m [36mrepo=[0mchaos-mesh/chaos-mesh
[90m1:32AM[0m [32mINF[0m [1mProcessing repo[0m [36mrepo=[0mCisco-Talos/clamav-devel [36mrepo_index=[0m131 [36mtotal_repos=[0m500
[90m1:32AM[0m [32mINF[0m [1mCloning (depth=1)[0m [36mdest=[0m"E:\\helm_clones_artifacthub\\Cisco-Talos__clamav-devel" [36mrepo=[0mhttps://github.com/Cisco-Talos/clamav-devel
[90m1:32AM[0m [31mERR[0m [1mClone failed – skipping[0m [36merror=[0m[31m[1m"exec: \"git\": executable file not found in %PATH%"[0m[0m [36mrepo=[0mCisco-Talos/clamav-devel
[90m1:32AM[0m [32mINF[0m [1mProcessing repo[0m [36mrepo=[0mcockroachdb/cockroach [36mrepo_index=[0m132 [36mtotal_repos=[0m500
[90m1:32AM[0m [32mINF[0m [1mCloning (depth=1)[0m [36mdest=[0m"E:\\helm_clones_artifacthub\\cockroachdb__cockroach" [36mrepo=[0mhttps://github.com/cockroachdb/cockroach
[90m1:32AM[0m [31mERR[0m [1mClone failed – skipping[0m [36merror=[0m[31m[1m"exec: \"git\": executable file not found in %PATH%"[0m[0m [36mrepo=[0mcockroachdb/cockroach
[90m1:32AM[0m [32mINF[0m [1mProcessing repo[0m [36mrepo=[0mbootc/netbox-chart [36mrepo_index=[0m133 [36mtotal_repos=[0m500
[90m1:32AM[0m [32mINF[0m [1mCloning (depth=1)[0m [36mdest=[0m"E:\\helm_clones_artifacthub\\bootc__netbox-chart" [36mrepo=[0mhttps://github.com/bootc/netbox-chart
[90m1:32AM[0m [31mERR[0m [1mClone failed – skipping[0m [36merror=[0m[31m[1m"exec: \"git\": executable file not found in %PATH%"[0m[0m [36mrepo=[0mbootc/netbox-chart
[90m1:32AM[0m [32mINF[0m [1mProcessing repo[0m [36mrepo=[0mOpsMx/spinnaker-helm [36mrepo_index=[0m134 [36mtotal_repos=[0m500
[90m1:32AM[0m [32mINF[0m [1mCloning (depth=1)[0m [36mdest=[0m"E:\\helm_clones_artifacthub\\OpsMx__spinnaker-helm" [36mrepo=[0mhttps://github.com/OpsMx/spinnaker-helm
[90m1:32AM[0m [31mERR[0m [1mClone failed – skipping[0m [36merror=[0m[31m[1m"exec: \"git\": executable file not found in %PATH%"[0m[0m [36mrepo=[0mOpsMx/spinnaker-helm
[90m1:32AM[0m [32mINF[0m [1mProcessing repo[0m [36mrepo=[0mvalkey-io/valkey-helm [36mrepo_index=[0m135 [36mtotal_repos=[0m500
[90m1:32AM[0m [32mINF[0m [1mCloning (depth=1)[0m [36mdest=[0m"E:\\helm_clones_artifacthub\\valkey-io__valkey-helm" [36mrepo=[0mhttps://github.com/valkey-io/valkey-helm
[90m1:32AM[0m [31mERR[0m [1mClone failed – skipping[0m [36merror=[0m[31m[1m"exec: \"git\": executable file not found in %PATH%"[0m[0m [36mrepo=[0mvalkey-io/valkey-helm
[90m1:32AM[0m [32mINF[0m [1mProcessing repo[0m [36mrepo=[0mrunatlantis/helm-charts [36mrepo_index=[0m136 [36mtotal_repos=[0m500
[90m1:32AM[0m [32mINF[0m [1mCloning (depth=1)[0m [36mdest=[0m"E:\\helm_clones_artifacthub\\runatlantis__helm-charts" [36mrepo=[0mhttps://github.com/runatlantis/helm-charts
[90m1:32AM[0m [31mERR[0m [1mClone failed – skipping[0m [36merror=[0m[31m[1m"exec: \"git\": executable file not found in %PATH%"[0m[0m [36mrepo=[0mrunatlantis/helm-charts
[90m1:32AM[0m [32mINF[0m [1mProcessing repo[0m [36mrepo=[0mmariadb-operator/mariadb-operator [36mrepo_index=[0m137 [36mtotal_repos=[0m500
[90m1:32AM[0m [32mINF[0m [1mCloning (depth=1)[0m [36mdest=[0m"E:\\helm_clones_artifacthub\\mariadb-operator__mariadb-operator" [36mrepo=[0mhttps://github.com/mariadb-operator/mariadb-operator
[90m1:32AM[0m [31mERR[0m [1mClone failed – skipping[0m [36merror=[0m[31m[1m"exec: \"git\": executable file not found in %PATH%"[0m[0m [36mrepo=[0mmariadb-operator/mariadb-operator
[90m1:32AM[0m [32mINF[0m [1mProcessing repo[0m [36mrepo=[0mmilvus-io/milvus-helm [36mrepo_index=[0m138 [36mtotal_repos=[0m500
[90m1:32AM[0m [32mINF[0m [1mCloning (depth=1)[0m [36mdest=[0m"E:\\helm_clones_artifacthub\\milvus-io__milvus-helm" [36mrepo=[0mhttps://github.com/milvus-io/milvus-helm
[90m1:32AM[0m [31mERR[0m [1mClone failed – skipping[0m [36merror=[0m[31m[1m"exec: \"git\": executable file not found in %PATH%"[0m[0m [36mrepo=[0mmilvus-io/milvus-helm
[90m1:32AM[0m [32mINF[0m [1mProcessing repo[0m [36mrepo=[0mcamunda/camunda-platform-helm [36mrepo_index=[0m139 [36mtotal_repos=[0m500
[90m1:32AM[0m [32mINF[0m [1mCloning (depth=1)[0m [36mdest=[0m"E:\\helm_clones_artifacthub\\camunda__camunda-platform-helm" [36mrepo=[0mhttps://github.com/camunda/camunda-platform-helm
[90m1:32AM[0m [31mERR[0m [1mClone failed – skipping[0m [36merror=[0m[31m[1m"exec: \"git\": executable file not found in %PATH%"[0m[0m [36mrepo=[0mcamunda/camunda-platform-helm
[90m1:32AM[0m [32mINF[0m [1mProcessing repo[0m [36mrepo=[0mcloudflare/cloudflared [36mrepo_index=[0m140 [36mtotal_repos=[0m500
[90m1:32AM[0m [32mINF[0m [1mCloning (depth=1)[0m [36mdest=[0m"E:\\helm_clones_artifacthub\\cloudflare__cloudflared" [36mrepo=[0mhttps://github.com/cloudflare/cloudflared
[90m1:32AM[0m [31mERR[0m [1mClone failed – skipping[0m [36merror=[0m[31m[1m"exec: \"git\": executable file not found in %PATH%"[0m[0m [36mrepo=[0mcloudflare/cloudflared
[90m1:32AM[0m [32mINF[0m [1mProcessing repo[0m [36mrepo=[0mrancher/local-path-provisioner [36mrepo_index=[0m141 [36mtotal_repos=[0m500
[90m1:32AM[0m [32mINF[0m [1mCloning (depth=1)[0m [36mdest=[0m"E:\\helm_clones_artifacthub\\rancher__local-path-provisioner" [36mrepo=[0mhttps://github.com/rancher/local-path-provisioner
[90m1:32AM[0m [31mERR[0m [1mClone failed – skipping[0m [36merror=[0m[31m[1m"exec: \"git\": executable file not found in %PATH%"[0m[0m [36mrepo=[0mrancher/local-path-provisioner
[90m1:32AM[0m [32mINF[0m [1mProcessing repo[0m [36mrepo=[0mprometheus/mysqld_exporter [36mrepo_index=[0m142 [36mtotal_repos=[0m500
[90m1:32AM[0m [32mINF[0m [1mCloning (depth=1)[0m [36mdest=[0m"E:\\helm_clones_artifacthub\\prometheus__mysqld_exporter" [36mrepo=[0mhttps://github.com/prometheus/mysqld_exporter
[90m1:32AM[0m [31mERR[0m [1mClone failed – skipping[0m [36merror=[0m[31m[1m"exec: \"git\": executable file not found in %PATH%"[0m[0m [36mrepo=[0mprometheus/mysqld_exporter
[90m1:32AM[0m [32mINF[0m [1mProcessing repo[0m [36mrepo=[0mloft-sh/vcluster [36mrepo_index=[0m143 [36mtotal_repos=[0m500
[90m1:32AM[0m [32mINF[0m [1mCloning (depth=1)[0m [36mdest=[0m"E:\\helm_clones_artifacthub\\loft-sh__vcluster" [36mrepo=[0mhttps://github.com/loft-sh/vcluster
[90m1:32AM[0m [31mERR[0m [1mClone failed – skipping[0m [36merror=[0m[31m[1m"exec: \"git\": executable file not found in %PATH%"[0m[0m [36mrepo=[0mloft-sh/vcluster
[90m1:32AM[0m [32mINF[0m [1mProcessing repo[0m [36mrepo=[0mfluxcd/flagger [36mrepo_index=[0m144 [36mtotal_repos=[0m500
[90m1:32AM[0m [32mINF[0m [1mCloning (depth=1)[0m [36mdest=[0m"E:\\helm_clones_artifacthub\\fluxcd__flagger" [36mrepo=[0mhttps://github.com/fluxcd/flagger
[90m1:32AM[0m [31mERR[0m [1mClone failed – skipping[0m [36merror=[0m[31m[1m"exec: \"git\": executable file not found in %PATH%"[0m[0m [36mrepo=[0mfluxcd/flagger
[90m1:32AM[0m [32mINF[0m [1mProcessing repo[0m [36mrepo=[0mclearml/clearml [36mrepo_index=[0m145 [36mtotal_repos=[0m500
[90m1:32AM[0m [32mINF[0m [1mCloning (depth=1)[0m [36mdest=[0m"E:\\helm_clones_artifacthub\\clearml__clearml" [36mrepo=[0mhttps://github.com/clearml/clearml
[90m1:32AM[0m [31mERR[0m [1mClone failed – skipping[0m [36merror=[0m[31m[1m"exec: \"git\": executable file not found in %PATH%"[0m[0m [36mrepo=[0mclearml/clearml
[90m1:32AM[0m [32mINF[0m [1mProcessing repo[0m [36mrepo=[0mcodefresh-io/gitops-runtime-helm [36mrepo_index=[0m146 [36mtotal_repos=[0m500
[90m1:32AM[0m [32mINF[0m [1mCloning (depth=1)[0m [36mdest=[0m"E:\\helm_clones_artifacthub\\codefresh-io__gitops-runtime-helm" [36mrepo=[0mhttps://github.com/codefresh-io/gitops-runtime-helm
[90m1:32AM[0m [31mERR[0m [1mClone failed – skipping[0m [36merror=[0m[31m[1m"exec: \"git\": executable file not found in %PATH%"[0m[0m [36mrepo=[0mcodefresh-io/gitops-runtime-helm
[90m1:32AM[0m [32mINF[0m [1mProcessing repo[0m [36mrepo=[0mWeblateOrg/helm [36mrepo_index=[0m147 [36mtotal_repos=[0m500
[90m1:32AM[0m [32mINF[0m [1mCloning (depth=1)[0m [36mdest=[0m"E:\\helm_clones_artifacthub\\WeblateOrg__helm" [36mrepo=[0mhttps://github.com/WeblateOrg/helm
[90m1:32AM[0m [31mERR[0m [1mClone failed – skipping[0m [36merror=[0m[31m[1m"exec: \"git\": executable file not found in %PATH%"[0m[0m [36mrepo=[0mWeblateOrg/helm
[90m1:32AM[0m [32mINF[0m [1mProcessing repo[0m [36mrepo=[0mopensearch-project/helm-charts [36mrepo_index=[0m148 [36mtotal_repos=[0m500
[90m1:32AM[0m [32mINF[0m [1mCloning (depth=1)[0m [36mdest=[0m"E:\\helm_clones_artifacthub\\opensearch-project__helm-charts" [36mrepo=[0mhttps://github.com/opensearch-project/helm-charts
[90m1:32AM[0m [31mERR[0m [1mClone failed – skipping[0m [36merror=[0m[31m[1m"exec: \"git\": executable file not found in %PATH%"[0m[0m [36mrepo=[0mopensearch-project/helm-charts
[90m1:32AM[0m [32mINF[0m [1mProcessing repo[0m [36mrepo=[0mcoder/coder [36mrepo_index=[0m149 [36mtotal_repos=[0m500
[90m1:32AM[0m [32mINF[0m [1mCloning (depth=1)[0m [36mdest=[0m"E:\\helm_clones_artifacthub\\coder__coder" [36mrepo=[0mhttps://github.com/coder/coder
[90m1:32AM[0m [31mERR[0m [1mClone failed – skipping[0m [36merror=[0m[31m[1m"exec: \"git\": executable file not found in %PATH%"[0m[0m [36mrepo=[0mcoder/coder
[90m1:32AM[0m [32mINF[0m [1mProcessing repo[0m [36mrepo=[0mkubernetes-sigs/sig-storage-local-static-provisioner [36mrepo_index=[0m150 [36mtotal_repos=[0m500
[90m1:32AM[0m [32mINF[0m [1mCloning (depth=1)[0m [36mdest=[0m"E:\\helm_clones_artifacthub\\kubernetes-sigs__sig-storage-local-static-provisioner" [36mrepo=[0mhttps://github.com/kubernetes-sigs/sig-storage-local-static-provisioner
[90m1:32AM[0m [31mERR[0m [1mClone failed – skipping[0m [36merror=[0m[31m[1m"exec: \"git\": executable file not found in %PATH%"[0m[0m [36mrepo=[0mkubernetes-sigs/sig-storage-local-static-provisioner
[90m1:32AM[0m [32mINF[0m [1mProcessing repo[0m [36mrepo=[0mopenfga/openfga [36mrepo_index=[0m151 [36mtotal_repos=[0m500
[90m1:32AM[0m [32mINF[0m [1mCloning (depth=1)[0m [36mdest=[0m"E:\\helm_clones_artifacthub\\openfga__openfga" [36mrepo=[0mhttps://github.com/openfga/openfga
[90m1:32AM[0m [31mERR[0m [1mClone failed – skipping[0m [36merror=[0m[31m[1m"exec: \"git\": executable file not found in %PATH%"[0m[0m [36mrepo=[0mopenfga/openfga
[90m1:32AM[0m [32mINF[0m [1mProcessing repo[0m [36mrepo=[0msemaphoreui/semaphore [36mrepo_index=[0m152 [36mtotal_repos=[0m500
[90m1:32AM[0m [32mINF[0m [1mCloning (depth=1)[0m [36mdest=[0m"E:\\helm_clones_artifacthub\\semaphoreui__semaphore" [36mrepo=[0mhttps://github.com/semaphoreui/semaphore
[90m1:32AM[0m [31mERR[0m [1mClone failed – skipping[0m [36merror=[0m[31m[1m"exec: \"git\": executable file not found in %PATH%"[0m[0m [36mrepo=[0msemaphoreui/semaphore
[90m1:32AM[0m [32mINF[0m [1mProcessing repo[0m [36mrepo=[0mcowboysysop/charts [36mrepo_index=[0m153 [36mtotal_repos=[0m500
[90m1:32AM[0m [32mINF[0m [1mCloning (depth=1)[0m [36mdest=[0m"E:\\helm_clones_artifacthub\\cowboysysop__charts" [36mrepo=[0mhttps://github.com/cowboysysop/charts
[90m1:32AM[0m [31mERR[0m [1mClone failed – skipping[0m [36merror=[0m[31m[1m"exec: \"git\": executable file not found in %PATH%"[0m[0m [36mrepo=[0mcowboysysop/charts
[90m1:32AM[0m [32mINF[0m [1mProcessing repo[0m [36mrepo=[0mdeliveryhero/helm-charts [36mrepo_index=[0m154 [36mtotal_repos=[0m500
[90m1:32AM[0m [32mINF[0m [1mCloning (depth=1)[0m [36mdest=[0m"E:\\helm_clones_artifacthub\\deliveryhero__helm-charts" [36mrepo=[0mhttps://github.com/deliveryhero/helm-charts
[90m1:32AM[0m [31mERR[0m [1mClone failed – skipping[0m [36merror=[0m[31m[1m"exec: \"git\": executable file not found in %PATH%"[0m[0m [36mrepo=[0mdeliveryhero/helm-charts
[90m1:32AM[0m [32mINF[0m [1mProcessing repo[0m [36mrepo=[0mkubernetes/api [36mrepo_index=[0m155 [36mtotal_repos=[0m500
[90m1:32AM[0m [32mINF[0m [1mCloning (depth=1)[0m [36mdest=[0m"E:\\helm_clones_artifacthub\\kubernetes__api" [36mrepo=[0mhttps://github.com/kubernetes/api
[90m1:32AM[0m [31mERR[0m [1mClone failed – skipping[0m [36merror=[0m[31m[1m"exec: \"git\": executable file not found in %PATH%"[0m[0m [36mrepo=[0mkubernetes/api
[90m1:32AM[0m [32mINF[0m [1mProcessing repo[0m [36mrepo=[0mdanielqsj/kafka_exporter [36mrepo_index=[0m156 [36mtotal_repos=[0m500
[90m1:32AM[0m [32mINF[0m [1mCloning (depth=1)[0m [36mdest=[0m"E:\\helm_clones_artifacthub\\danielqsj__kafka_exporter" [36mrepo=[0mhttps://github.com/danielqsj/kafka_exporter
[90m1:32AM[0m [31mERR[0m [1mClone failed – skipping[0m [36merror=[0m[31m[1m"exec: \"git\": executable file not found in %PATH%"[0m[0m [36mrepo=[0mdanielqsj/kafka_exporter
[90m1:32AM[0m [32mINF[0m [1mProcessing repo[0m [36mrepo=[0mpercona/mongodb_exporter [36mrepo_index=[0m157 [36mtotal_repos=[0m500
[90m1:32AM[0m [32mINF[0m [1mCloning (depth=1)[0m [36mdest=[0m"E:\\helm_clones_artifacthub\\percona__mongodb_exporter" [36mrepo=[0mhttps://github.com/percona/mongodb_exporter
[90m1:32AM[0m [31mERR[0m [1mClone failed – skipping[0m [36merror=[0m[31m[1m"exec: \"git\": executable file not found in %PATH%"[0m[0m [36mrepo=[0mpercona/mongodb_exporter
[90m1:32AM[0m [32mINF[0m [1mProcessing repo[0m [36mrepo=[0mwebhookrelay/webhook-demo [36mrepo_index=[0m158 [36mtotal_repos=[0m500
[90m1:32AM[0m [32mINF[0m [1mCloning (depth=1)[0m [36mdest=[0m"E:\\helm_clones_artifacthub\\webhookrelay__webhook-demo" [36mrepo=[0mhttps://github.com/webhookrelay/webhook-demo
[90m1:32AM[0m [31mERR[0m [1mClone failed – skipping[0m [36merror=[0m[31m[1m"exec: \"git\": executable file not found in %PATH%"[0m[0m [36mrepo=[0mwebhookrelay/webhook-demo
[90m1:32AM[0m [32mINF[0m [1mProcessing repo[0m [36mrepo=[0mgroundhog2k/helm-charts [36mrepo_index=[0m159 [36mtotal_repos=[0m500
[90m1:32AM[0m [32mINF[0m [1mCloning (depth=1)[0m [36mdest=[0m"E:\\helm_clones_artifacthub\\groundhog2k__helm-charts" [36mrepo=[0mhttps://github.com/groundhog2k/helm-charts
[90m1:32AM[0m [31mERR[0m [1mClone failed – skipping[0m [36merror=[0m[31m[1m"exec: \"git\": executable file not found in %PATH%"[0m[0m [36mrepo=[0mgroundhog2k/helm-charts
[90m1:32AM[0m [32mINF[0m [1mProcessing repo[0m [36mrepo=[0mfission/fission [36mrepo_index=[0m160 [36mtotal_repos=[0m500
[90m1:32AM[0m [32mINF[0m [1mCloning (depth=1)[0m [36mdest=[0m"E:\\helm_clones_artifacthub\\fission__fission" [36mrepo=[0mhttps://github.com/fission/fission
[90m1:32AM[0m [31mERR[0m [1mClone failed – skipping[0m [36merror=[0m[31m[1m"exec: \"git\": executable file not found in %PATH%"[0m[0m [36mrepo=[0mfission/fission
[90m1:32AM[0m [32mINF[0m [1mProcessing repo[0m [36mrepo=[0mmeshery/meshery-istio [36mrepo_index=[0m161 [36mtotal_repos=[0m500
[90m1:32AM[0m [32mINF[0m [1mCloning (depth=1)[0m [36mdest=[0m"E:\\helm_clones_artifacthub\\meshery__meshery-istio" [36mrepo=[0mhttps://github.com/meshery/meshery-istio
[90m1:32AM[0m [31mERR[0m [1mClone failed – skipping[0m [36merror=[0m[31m[1m"exec: \"git\": executable file not found in %PATH%"[0m[0m [36mrepo=[0mmeshery/meshery-istio
[90m1:32AM[0m [32mINF[0m [1mProcessing repo[0m [36mrepo=[0mzalando/patroni [36mrepo_index=[0m162 [36mtotal_repos=[0m500
[90m1:32AM[0m [32mINF[0m [1mCloning (depth=1)[0m [36mdest=[0m"E:\\helm_clones_artifacthub\\zalando__patroni" [36mrepo=[0mhttps://github.com/zalando/patroni
[90m1:32AM[0m [31mERR[0m [1mClone failed – skipping[0m [36merror=[0m[31m[1m"exec: \"git\": executable file not found in %PATH%"[0m[0m [36mrepo=[0mzalando/patroni
[90m1:32AM[0m [32mINF[0m [1mProcessing repo[0m [36mrepo=[0mbitcoin/bitcoin [36mrepo_index=[0m163 [36mtotal_repos=[0m500
[90m1:32AM[0m [32mINF[0m [1mCloning (depth=1)[0m [36mdest=[0m"E:\\helm_clones_artifacthub\\bitcoin__bitcoin" [36mrepo=[0mhttps://github.com/bitcoin/bitcoin
[90m1:32AM[0m [31mERR[0m [1mClone failed – skipping[0m [36merror=[0m[31m[1m"exec: \"git\": executable file not found in %PATH%"[0m[0m [36mrepo=[0mbitcoin/bitcoin
[90m1:32AM[0m [32mINF[0m [1mProcessing repo[0m [36mrepo=[0mjouve/charts [36mrepo_index=[0m164 [36mtotal_repos=[0m500
[90m1:32AM[0m [32mINF[0m [1mCloning (depth=1)[0m [36mdest=[0m"E:\\helm_clones_artifacthub\\jouve__charts" [36mrepo=[0mhttps://github.com/jouve/charts
[90m1:32AM[0m [31mERR[0m [1mClone failed – skipping[0m [36merror=[0m[31m[1m"exec: \"git\": executable file not found in %PATH%"[0m[0m [36mrepo=[0mjouve/charts
[90m1:32AM[0m [32mINF[0m [1mProcessing repo[0m [36mrepo=[0mmongo-express/mongo-express [36mrepo_index=[0m165 [36mtotal_repos=[0m500
[90m1:32AM[0m [32mINF[0m [1mCloning (depth=1)[0m [36mdest=[0m"E:\\helm_clones_artifacthub\\mongo-express__mongo-express" [36mrepo=[0mhttps://github.com/mongo-express/mongo-express
[90m1:32AM[0m [31mERR[0m [1mClone failed – skipping[0m [36merror=[0m[31m[1m"exec: \"git\": executable file not found in %PATH%"[0m[0m [36mrepo=[0mmongo-express/mongo-express
[90m1:32AM[0m [32mINF[0m [1mProcessing repo[0m [36mrepo=[0malibaba/nacos [36mrepo_index=[0m166 [36mtotal_repos=[0m500
[90m1:32AM[0m [32mINF[0m [1mCloning (depth=1)[0m [36mdest=[0m"E:\\helm_clones_artifacthub\\alibaba__nacos" [36mrepo=[0mhttps://github.com/alibaba/nacos
[90m1:32AM[0m [31mERR[0m [1mClone failed – skipping[0m [36merror=[0m[31m[1m"exec: \"git\": executable file not found in %PATH%"[0m[0m [36mrepo=[0malibaba/nacos
[90m1:32AM[0m [32mINF[0m [1mProcessing repo[0m [36mrepo=[0memqx/emqx [36mrepo_index=[0m167 [36mtotal_repos=[0m500
[90m1:32AM[0m [32mINF[0m [1mCloning (depth=1)[0m [36mdest=[0m"E:\\helm_clones_artifacthub\\emqx__emqx" [36mrepo=[0mhttps://github.com/emqx/emqx
[90m1:32AM[0m [31mERR[0m [1mClone failed – skipping[0m [36merror=[0m[31m[1m"exec: \"git\": executable file not found in %PATH%"[0m[0m [36mrepo=[0memqx/emqx
[90m1:32AM[0m [32mINF[0m [1mProcessing repo[0m [36mrepo=[0mseaweedfs/seaweedfs [36mrepo_index=[0m168 [36mtotal_repos=[0m500
[90m1:32AM[0m [32mINF[0m [1mCloning (depth=1)[0m [36mdest=[0m"E:\\helm_clones_artifacthub\\seaweedfs__seaweedfs" [36mrepo=[0mhttps://github.com/seaweedfs/seaweedfs
[90m1:32AM[0m [31mERR[0m [1mClone failed – skipping[0m [36merror=[0m[31m[1m"exec: \"git\": executable file not found in %PATH%"[0m[0m [36mrepo=[0mseaweedfs/seaweedfs
[90m1:32AM[0m [32mINF[0m [1mProcessing repo[0m [36mrepo=[0mpravega/zookeeper-operator [36mrepo_index=[0m169 [36mtotal_repos=[0m500
[90m1:32AM[0m [32mINF[0m [1mCloning (depth=1)[0m [36mdest=[0m"E:\\helm_clones_artifacthub\\pravega__zookeeper-operator" [36mrepo=[0mhttps://github.com/pravega/zookeeper-operator
[90m1:32AM[0m [31mERR[0m [1mClone failed – skipping[0m [36merror=[0m[31m[1m"exec: \"git\": executable file not found in %PATH%"[0m[0m [36mrepo=[0mpravega/zookeeper-operator
[90m1:32AM[0m [32mINF[0m [1mProcessing repo[0m [36mrepo=[0mnicholaswilde/helm-charts [36mrepo_index=[0m170 [36mtotal_repos=[0m500
[90m1:32AM[0m [32mINF[0m [1mCloning (depth=1)[0m [36mdest=[0m"E:\\helm_clones_artifacthub\\nicholaswilde__helm-charts" [36mrepo=[0mhttps://github.com/nicholaswilde/helm-charts
[90m1:32AM[0m [31mERR[0m [1mClone failed – skipping[0m [36merror=[0m[31m[1m"exec: \"git\": executable file not found in %PATH%"[0m[0m [36mrepo=[0mnicholaswilde/helm-charts
[90m1:32AM[0m [32mINF[0m [1mProcessing repo[0m [36mrepo=[0mlanggenius/dify [36mrepo_index=[0m171 [36mtotal_repos=[0m500
[90m1:32AM[0m [32mINF[0m [1mCloning (depth=1)[0m [36mdest=[0m"E:\\helm_clones_artifacthub\\langgenius__dify" [36mrepo=[0mhttps://github.com/langgenius/dify
[90m1:32AM[0m [31mERR[0m [1mClone failed – skipping[0m [36merror=[0m[31m[1m"exec: \"git\": executable file not found in %PATH%"[0m[0m [36mrepo=[0mlanggenius/dify
[90m1:32AM[0m [32mINF[0m [1mProcessing repo[0m [36mrepo=[0mdragonflyoss/dragonfly [36mrepo_index=[0m172 [36mtotal_repos=[0m500
[90m1:32AM[0m [32mINF[0m [1mCloning (depth=1)[0m [36mdest=[0m"E:\\helm_clones_artifacthub\\dragonflyoss__dragonfly" [36mrepo=[0mhttps://github.com/dragonflyoss/dragonfly
[90m1:32AM[0m [31mERR[0m [1mClone failed – skipping[0m [36merror=[0m[31m[1m"exec: \"git\": executable file not found in %PATH%"[0m[0m [36mrepo=[0mdragonflyoss/dragonfly
[90m1:32AM[0m [32mINF[0m [1mProcessing repo[0m [36mrepo=[0mmattermost/mattermost-helm [36mrepo_index=[0m173 [36mtotal_repos=[0m500
[90m1:32AM[0m [32mINF[0m [1mCloning (depth=1)[0m [36mdest=[0m"E:\\helm_clones_artifacthub\\mattermost__mattermost-helm" [36mrepo=[0mhttps://github.com/mattermost/mattermost-helm
[90m1:32AM[0m [31mERR[0m [1mClone failed – skipping[0m [36merror=[0m[31m[1m"exec: \"git\": executable file not found in %PATH%"[0m[0m [36mrepo=[0mmattermost/mattermost-helm
[90m1:32AM[0m [32mINF[0m [1mProcessing repo[0m [36mrepo=[0memberstack/kubernetes-reflector [36mrepo_index=[0m174 [36mtotal_repos=[0m500
[90m1:32AM[0m [32mINF[0m [1mCloning (depth=1)[0m [36mdest=[0m"E:\\helm_clones_artifacthub\\emberstack__kubernetes-reflector" [36mrepo=[0mhttps://github.com/emberstack/kubernetes-reflector
[90m1:32AM[0m [31mERR[0m [1mClone failed – skipping[0m [36merror=[0m[31m[1m"exec: \"git\": executable file not found in %PATH%"[0m[0m [36mrepo=[0memberstack/kubernetes-reflector
[90m1:32AM[0m [32mINF[0m [1mProcessing repo[0m [36mrepo=[0mjfrog/charts [36mrepo_index=[0m175 [36mtotal_repos=[0m500
[90m1:32AM[0m [32mINF[0m [1mCloning (depth=1)[0m [36mdest=[0m"E:\\helm_clones_artifacthub\\jfrog__charts" [36mrepo=[0mhttps://github.com/jfrog/charts
[90m1:32AM[0m [31mERR[0m [1mClone failed – skipping[0m [36merror=[0m[31m[1m"exec: \"git\": executable file not found in %PATH%"[0m[0m [36mrepo=[0mjfrog/charts
[90m1:32AM[0m [32mINF[0m [1mProcessing repo[0m [36mrepo=[0mAdWerx/charts [36mrepo_index=[0m176 [36mtotal_repos=[0m500
[90m1:32AM[0m [32mINF[0m [1mCloning (depth=1)[0m [36mdest=[0m"E:\\helm_clones_artifacthub\\AdWerx__charts" [36mrepo=[0mhttps://github.com/AdWerx/charts
[90m1:32AM[0m [31mERR[0m [1mClone failed – skipping[0m [36merror=[0m[31m[1m"exec: \"git\": executable file not found in %PATH%"[0m[0m [36mrepo=[0mAdWerx/charts
[90m1:32AM[0m [32mINF[0m [1mProcessing repo[0m [36mrepo=[0mcetic/helm-nifi [36mrepo_index=[0m177 [36mtotal_repos=[0m500
[90m1:32AM[0m [32mINF[0m [1mCloning (depth=1)[0m [36mdest=[0m"E:\\helm_clones_artifacthub\\cetic__helm-nifi" [36mrepo=[0mhttps://github.com/cetic/helm-nifi
[90m1:32AM[0m [31mERR[0m [1mClone failed – skipping[0m [36merror=[0m[31m[1m"exec: \"git\": executable file not found in %PATH%"[0m[0m [36mrepo=[0mcetic/helm-nifi
[90m1:32AM[0m [32mINF[0m [1mProcessing repo[0m [36mrepo=[0mSigNoz/charts [36mrepo_index=[0m178 [36mtotal_repos=[0m500
[90m1:32AM[0m [32mINF[0m [1mCloning (depth=1)[0m [36mdest=[0m"E:\\helm_clones_artifacthub\\SigNoz__charts" [36mrepo=[0mhttps://github.com/SigNoz/charts
[90m1:32AM[0m [31mERR[0m [1mClone failed – skipping[0m [36merror=[0m[31m[1m"exec: \"git\": executable file not found in %PATH%"[0m[0m [36mrepo=[0mSigNoz/charts
[90m1:32AM[0m [32mINF[0m [1mProcessing repo[0m [36mrepo=[0mDependencyTrack/helm-charts [36mrepo_index=[0m179 [36mtotal_repos=[0m500
[90m1:32AM[0m [32mINF[0m [1mCloning (depth=1)[0m [36mdest=[0m"E:\\helm_clones_artifacthub\\DependencyTrack__helm-charts" [36mrepo=[0mhttps://github.com/DependencyTrack/helm-charts
[90m1:32AM[0m [31mERR[0m [1mClone failed – skipping[0m [36merror=[0m[31m[1m"exec: \"git\": executable file not found in %PATH%"[0m[0m [36mrepo=[0mDependencyTrack/helm-charts
[90m1:32AM[0m [32mINF[0m [1mProcessing repo[0m [36mrepo=[0mkubeshark/kubeshark.github.io [36mrepo_index=[0m180 [36mtotal_repos=[0m500
[90m1:32AM[0m [32mINF[0m [1mCloning (depth=1)[0m [36mdest=[0m"E:\\helm_clones_artifacthub\\kubeshark__kubeshark.github.io" [36mrepo=[0mhttps://github.com/kubeshark/kubeshark.github.io
[90m1:32AM[0m [31mERR[0m [1mClone failed – skipping[0m [36merror=[0m[31m[1m"exec: \"git\": executable file not found in %PATH%"[0m[0m [36mrepo=[0mkubeshark/kubeshark.github.io
[90m1:32AM[0m [32mINF[0m [1mProcessing repo[0m [36mrepo=[0menix/kube-image-keeper [36mrepo_index=[0m181 [36mtotal_repos=[0m500
[90m1:32AM[0m [32mINF[0m [1mCloning (depth=1)[0m [36mdest=[0m"E:\\helm_clones_artifacthub\\enix__kube-image-keeper" [36mrepo=[0mhttps://github.com/enix/kube-image-keeper
[90m1:32AM[0m [31mERR[0m [1mClone failed – skipping[0m [36merror=[0m[31m[1m"exec: \"git\": executable file not found in %PATH%"[0m[0m [36mrepo=[0menix/kube-image-keeper
[90m1:32AM[0m [32mINF[0m [1mProcessing repo[0m [36mrepo=[0mFairwindsOps/polaris [36mrepo_index=[0m182 [36mtotal_repos=[0m500
[90m1:32AM[0m [32mINF[0m [1mCloning (depth=1)[0m [36mdest=[0m"E:\\helm_clones_artifacthub\\FairwindsOps__polaris" [36mrepo=[0mhttps://github.com/FairwindsOps/polaris
[90m1:32AM[0m [31mERR[0m [1mClone failed – skipping[0m [36merror=[0m[31m[1m"exec: \"git\": executable file not found in %PATH%"[0m[0m [36mrepo=[0mFairwindsOps/polaris
[90m1:32AM[0m [32mINF[0m [1mProcessing repo[0m [36mrepo=[0mgabe565/charts [36mrepo_index=[0m183 [36mtotal_repos=[0m500
[90m1:32AM[0m [32mINF[0m [1mCloning (depth=1)[0m [36mdest=[0m"E:\\helm_clones_artifacthub\\gabe565__charts" [36mrepo=[0mhttps://github.com/gabe565/charts
[90m1:32AM[0m [31mERR[0m [1mClone failed – skipping[0m [36merror=[0m[31m[1m"exec: \"git\": executable file not found in %PATH%"[0m[0m [36mrepo=[0mgabe565/charts
[90m1:32AM[0m [32mINF[0m [1mProcessing repo[0m [36mrepo=[0mrundeck/rundeck [36mrepo_index=[0m184 [36mtotal_repos=[0m500
[90m1:32AM[0m [32mINF[0m [1mCloning (depth=1)[0m [36mdest=[0m"E:\\helm_clones_artifacthub\\rundeck__rundeck" [36mrepo=[0mhttps://github.com/rundeck/rundeck
[90m1:32AM[0m [31mERR[0m [1mClone failed – skipping[0m [36merror=[0m[31m[1m"exec: \"git\": executable file not found in %PATH%"[0m[0m [36mrepo=[0mrundeck/rundeck
[90m1:32AM[0m [32mINF[0m [1mProcessing repo[0m [36mrepo=[0mmeilisearch/meilisearch-kubernetes [36mrepo_index=[0m185 [36mtotal_repos=[0m500
[90m1:32AM[0m [32mINF[0m [1mCloning (depth=1)[0m [36mdest=[0m"E:\\helm_clones_artifacthub\\meilisearch__meilisearch-kubernetes" [36mrepo=[0mhttps://github.com/meilisearch/meilisearch-kubernetes
[90m1:32AM[0m [31mERR[0m [1mClone failed – skipping[0m [36merror=[0m[31m[1m"exec: \"git\": executable file not found in %PATH%"[0m[0m [36mrepo=[0mmeilisearch/meilisearch-kubernetes
[90m1:32AM[0m [32mINF[0m [1mProcessing repo[0m [36mrepo=[0mSumoLogic/sumologic-kubernetes-collection [36mrepo_index=[0m186 [36mtotal_repos=[0m500
[90m1:32AM[0m [32mINF[0m [1mCloning (depth=1)[0m [36mdest=[0m"E:\\helm_clones_artifacthub\\SumoLogic__sumologic-kubernetes-collection" [36mrepo=[0mhttps://github.com/SumoLogic/sumologic-kubernetes-collection
[90m1:32AM[0m [31mERR[0m [1mClone failed – skipping[0m [36merror=[0m[31m[1m"exec: \"git\": executable file not found in %PATH%"[0m[0m [36mrepo=[0mSumoLogic/sumologic-kubernetes-collection
[90m1:32AM[0m [32mINF[0m [1mProcessing repo[0m [36mrepo=[0mkubeshop/botkube [36mrepo_index=[0m187 [36mtotal_repos=[0m500
[90m1:32AM[0m [32mINF[0m [1mCloning (depth=1)[0m [36mdest=[0m"E:\\helm_clones_artifacthub\\kubeshop__botkube" [36mrepo=[0mhttps://github.com/kubeshop/botkube
[90m1:32AM[0m [31mERR[0m [1mClone failed – skipping[0m [36merror=[0m[31m[1m"exec: \"git\": executable file not found in %PATH%"[0m[0m [36mrepo=[0mkubeshop/botkube
[90m1:32AM[0m [32mINF[0m [1mProcessing repo[0m [36mrepo=[0mdemocratic-csi/charts [36mrepo_index=[0m188 [36mtotal_repos=[0m500
[90m1:32AM[0m [32mINF[0m [1mCloning (depth=1)[0m [36mdest=[0m"E:\\helm_clones_artifacthub\\democratic-csi__charts" [36mrepo=[0mhttps://github.com/democratic-csi/charts
[90m1:32AM[0m [31mERR[0m [1mClone failed – skipping[0m [36merror=[0m[31m[1m"exec: \"git\": executable file not found in %PATH%"[0m[0m [36mrepo=[0mdemocratic-csi/charts
[90m1:32AM[0m [32mINF[0m [1mProcessing repo[0m [36mrepo=[0meclipse-che/che-operator [36mrepo_index=[0m189 [36mtotal_repos=[0m500
[90m1:32AM[0m [32mINF[0m [1mCloning (depth=1)[0m [36mdest=[0m"E:\\helm_clones_artifacthub\\eclipse-che__che-operator" [36mrepo=[0mhttps://github.com/eclipse-che/che-operator
[90m1:32AM[0m [31mERR[0m [1mClone failed – skipping[0m [36merror=[0m[31m[1m"exec: \"git\": executable file not found in %PATH%"[0m[0m [36mrepo=[0meclipse-che/che-operator
[90m1:32AM[0m [32mINF[0m [1mProcessing repo[0m [36mrepo=[0mjitsi-contrib/jitsi-helm [36mrepo_index=[0m190 [36mtotal_repos=[0m500
[90m1:32AM[0m [32mINF[0m [1mCloning (depth=1)[0m [36mdest=[0m"E:\\helm_clones_artifacthub\\jitsi-contrib__jitsi-helm" [36mrepo=[0mhttps://github.com/jitsi-contrib/jitsi-helm
[90m1:32AM[0m [31mERR[0m [1mClone failed – skipping[0m [36merror=[0m[31m[1m"exec: \"git\": executable file not found in %PATH%"[0m[0m [36mrepo=[0mjitsi-contrib/jitsi-helm
[90m1:32AM[0m [32mINF[0m [1mProcessing repo[0m [36mrepo=[0mverdaccio/charts [36mrepo_index=[0m191 [36mtotal_repos=[0m500
[90m1:32AM[0m [32mINF[0m [1mCloning (depth=1)[0m [36mdest=[0m"E:\\helm_clones_artifacthub\\verdaccio__charts" [36mrepo=[0mhttps://github.com/verdaccio/charts
[90m1:32AM[0m [31mERR[0m [1mClone failed – skipping[0m [36merror=[0m[31m[1m"exec: \"git\": executable file not found in %PATH%"[0m[0m [36mrepo=[0mverdaccio/charts
[90m1:32AM[0m [32mINF[0m [1mProcessing repo[0m [36mrepo=[0mgocd/gocd [36mrepo_index=[0m192 [36mtotal_repos=[0m500
[90m1:32AM[0m [32mINF[0m [1mCloning (depth=1)[0m [36mdest=[0m"E:\\helm_clones_artifacthub\\gocd__gocd" [36mrepo=[0mhttps://github.com/gocd/gocd
[90m1:32AM[0m [31mERR[0m [1mClone failed – skipping[0m [36merror=[0m[31m[1m"exec: \"git\": executable file not found in %PATH%"[0m[0m [36mrepo=[0mgocd/gocd
[90m1:32AM[0m [32mINF[0m [1mProcessing repo[0m [36mrepo=[0mk8sgpt-ai/k8sgpt-operator [36mrepo_index=[0m193 [36mtotal_repos=[0m500
[90m1:32AM[0m [32mINF[0m [1mCloning (depth=1)[0m [36mdest=[0m"E:\\helm_clones_artifacthub\\k8sgpt-ai__k8sgpt-operator" [36mrepo=[0mhttps://github.com/k8sgpt-ai/k8sgpt-operator
[90m1:32AM[0m [31mERR[0m [1mClone failed – skipping[0m [36merror=[0m[31m[1m"exec: \"git\": executable file not found in %PATH%"[0m[0m [36mrepo=[0mk8sgpt-ai/k8sgpt-operator
[90m1:32AM[0m [32mINF[0m [1mProcessing repo[0m [36mrepo=[0mk8tz/k8tz [36mrepo_index=[0m194 [36mtotal_repos=[0m500
[90m1:32AM[0m [32mINF[0m [1mCloning (depth=1)[0m [36mdest=[0m"E:\\helm_clones_artifacthub\\k8tz__k8tz" [36mrepo=[0mhttps://github.com/k8tz/k8tz
[90m1:32AM[0m [31mERR[0m [1mClone failed – skipping[0m [36merror=[0m[31m[1m"exec: \"git\": executable file not found in %PATH%"[0m[0m [36mrepo=[0mk8tz/k8tz
[90m1:32AM[0m [32mINF[0m [1mProcessing repo[0m [36mrepo=[0menix/san-iscsi-csi [36mrepo_index=[0m195 [36mtotal_repos=[0m500
[90m1:32AM[0m [32mINF[0m [1mCloning (depth=1)[0m [36mdest=[0m"E:\\helm_clones_artifacthub\\enix__san-iscsi-csi" [36mrepo=[0mhttps://github.com/enix/san-iscsi-csi
[90m1:32AM[0m [31mERR[0m [1mClone failed – skipping[0m [36merror=[0m[31m[1m"exec: \"git\": executable file not found in %PATH%"[0m[0m [36mrepo=[0menix/san-iscsi-csi
[90m1:32AM[0m [32mINF[0m [1mProcessing repo[0m [36mrepo=[0mdrakkan/sftpgo [36mrepo_index=[0m196 [36mtotal_repos=[0m500
[90m1:32AM[0m [32mINF[0m [1mCloning (depth=1)[0m [36mdest=[0m"E:\\helm_clones_artifacthub\\drakkan__sftpgo" [36mrepo=[0mhttps://github.com/drakkan/sftpgo
[90m1:32AM[0m [31mERR[0m [1mClone failed – skipping[0m [36merror=[0m[31m[1m"exec: \"git\": executable file not found in %PATH%"[0m[0m [36mrepo=[0mdrakkan/sftpgo
[90m1:32AM[0m [32mINF[0m [1mProcessing repo[0m [36mrepo=[0mbackube/volsync [36mrepo_index=[0m197 [36mtotal_repos=[0m500
[90m1:32AM[0m [32mINF[0m [1mCloning (depth=1)[0m [36mdest=[0m"E:\\helm_clones_artifacthub\\backube__volsync" [36mrepo=[0mhttps://github.com/backube/volsync
[90m1:32AM[0m [31mERR[0m [1mClone failed – skipping[0m [36merror=[0m[31m[1m"exec: \"git\": executable file not found in %PATH%"[0m[0m [36mrepo=[0mbackube/volsync
[90m1:32AM[0m [32mINF[0m [1mProcessing repo[0m [36mrepo=[0mconcourse/concourse-chart [36mrepo_index=[0m198 [36mtotal_repos=[0m500
[90m1:32AM[0m [32mINF[0m [1mCloning (depth=1)[0m [36mdest=[0m"E:\\helm_clones_artifacthub\\concourse__concourse-chart" [36mrepo=[0mhttps://github.com/concourse/concourse-chart
[90m1:32AM[0m [31mERR[0m [1mClone failed – skipping[0m [36merror=[0m[31m[1m"exec: \"git\": executable file not found in %PATH%"[0m[0m [36mrepo=[0mconcourse/concourse-chart
[90m1:32AM[0m [32mINF[0m [1mProcessing repo[0m [36mrepo=[0mDynatrace/dynatrace-operator [36mrepo_index=[0m199 [36mtotal_repos=[0m500
[90m1:32AM[0m [32mINF[0m [1mCloning (depth=1)[0m [36mdest=[0m"E:\\helm_clones_artifacthub\\Dynatrace__dynatrace-operator" [36mrepo=[0mhttps://github.com/Dynatrace/dynatrace-operator
[90m1:32AM[0m [31mERR[0m [1mClone failed – skipping[0m [36merror=[0m[31m[1m"exec: \"git\": executable file not found in %PATH%"[0m[0m [36mrepo=[0mDynatrace/dynatrace-operator
[90m1:32AM[0m [32mINF[0m [1mProcessing repo[0m [36mrepo=[0mgrafana-community/helm-charts [36mrepo_index=[0m200 [36mtotal_repos=[0m500
[90m1:32AM[0m [32mINF[0m [1mCloning (depth=1)[0m [36mdest=[0m"E:\\helm_clones_artifacthub\\grafana-community__helm-charts" [36mrepo=[0mhttps://github.com/grafana-community/helm-charts
[90m1:32AM[0m [31mERR[0m [1mClone failed – skipping[0m [36merror=[0m[31m[1m"exec: \"git\": executable file not found in %PATH%"[0m[0m [36mrepo=[0mgrafana-community/helm-charts
[90m1:32AM[0m [32mINF[0m [1mProcessing repo[0m [36mrepo=[0mkubernetes/charts [36mrepo_index=[0m201 [36mtotal_repos=[0m500
[90m1:32AM[0m [32mINF[0m [1mCloning (depth=1)[0m [36mdest=[0m"E:\\helm_clones_artifacthub\\kubernetes__charts" [36mrepo=[0mhttps://github.com/kubernetes/charts
[90m1:32AM[0m [31mERR[0m [1mClone failed – skipping[0m [36merror=[0m[31m[1m"exec: \"git\": executable file not found in %PATH%"[0m[0m [36mrepo=[0mkubernetes/charts
[90m1:32AM[0m [32mINF[0m [1mProcessing repo[0m [36mrepo=[0mkubernetes/community [36mrepo_index=[0m202 [36mtotal_repos=[0m500
[90m1:32AM[0m [32mINF[0m [1mCloning (depth=1)[0m [36mdest=[0m"E:\\helm_clones_artifacthub\\kubernetes__community" [36mrepo=[0mhttps://github.com/kubernetes/community
[90m1:32AM[0m [31mERR[0m [1mClone failed – skipping[0m [36merror=[0m[31m[1m"exec: \"git\": executable file not found in %PATH%"[0m[0m [36mrepo=[0mkubernetes/community
[90m1:32AM[0m [32mINF[0m [1mProcessing repo[0m [36mrepo=[0maws/amazon-vpc-cni-k8s [36mrepo_index=[0m203 [36mtotal_repos=[0m500
[90m1:32AM[0m [32mINF[0m [1mCloning (depth=1)[0m [36mdest=[0m"E:\\helm_clones_artifacthub\\aws__amazon-vpc-cni-k8s" [36mrepo=[0mhttps://github.com/aws/amazon-vpc-cni-k8s
[90m1:32AM[0m [31mERR[0m [1mClone failed – skipping[0m [36merror=[0m[31m[1m"exec: \"git\": executable file not found in %PATH%"[0m[0m [36mrepo=[0maws/amazon-vpc-cni-k8s
[90m1:32AM[0m [32mINF[0m [1mProcessing repo[0m [36mrepo=[0mgadsme/charts [36mrepo_index=[0m204 [36mtotal_repos=[0m500
[90m1:32AM[0m [32mINF[0m [1mCloning (depth=1)[0m [36mdest=[0m"E:\\helm_clones_artifacthub\\gadsme__charts" [36mrepo=[0mhttps://github.com/gadsme/charts
[90m1:32AM[0m [31mERR[0m [1mClone failed – skipping[0m [36merror=[0m[31m[1m"exec: \"git\": executable file not found in %PATH%"[0m[0m [36mrepo=[0mgadsme/charts
[90m1:32AM[0m [32mINF[0m [1mProcessing repo[0m [36mrepo=[0mfrappe/frappe [36mrepo_index=[0m205 [36mtotal_repos=[0m500
[90m1:32AM[0m [32mINF[0m [1mCloning (depth=1)[0m [36mdest=[0m"E:\\helm_clones_artifacthub\\frappe__frappe" [36mrepo=[0mhttps://github.com/frappe/frappe
[90m1:32AM[0m [31mERR[0m [1mClone failed – skipping[0m [36merror=[0m[31m[1m"exec: \"git\": executable file not found in %PATH%"[0m[0m [36mrepo=[0mfrappe/frappe
[90m1:32AM[0m [32mINF[0m [1mProcessing repo[0m [36mrepo=[0mpfisterer/apache-hadoop-helm [36mrepo_index=[0m206 [36mtotal_repos=[0m500
[90m1:32AM[0m [32mINF[0m [1mCloning (depth=1)[0m [36mdest=[0m"E:\\helm_clones_artifacthub\\pfisterer__apache-hadoop-helm" [36mrepo=[0mhttps://github.com/pfisterer/apache-hadoop-helm
[90m1:32AM[0m [31mERR[0m [1mClone failed – skipping[0m [36merror=[0m[31m[1m"exec: \"git\": executable file not found in %PATH%"[0m[0m [36mrepo=[0mpfisterer/apache-hadoop-helm
[90m1:32AM[0m [32mINF[0m [1mProcessing repo[0m [36mrepo=[0mory/hydra [36mrepo_index=[0m207 [36mtotal_repos=[0m500
[90m1:32AM[0m [32mINF[0m [1mCloning (depth=1)[0m [36mdest=[0m"E:\\helm_clones_artifacthub\\ory__hydra" [36mrepo=[0mhttps://github.com/ory/hydra
[90m1:32AM[0m [31mERR[0m [1mClone failed – skipping[0m [36merror=[0m[31m[1m"exec: \"git\": executable file not found in %PATH%"[0m[0m [36mrepo=[0mory/hydra
[90m1:32AM[0m [32mINF[0m [1mProcessing repo[0m [36mrepo=[0mprometheus-msteams/prometheus-msteams [36mrepo_index=[0m208 [36mtotal_repos=[0m500
[90m1:32AM[0m [32mINF[0m [1mCloning (depth=1)[0m [36mdest=[0m"E:\\helm_clones_artifacthub\\prometheus-msteams__prometheus-msteams" [36mrepo=[0mhttps://github.com/prometheus-msteams/prometheus-msteams
[90m1:32AM[0m [31mERR[0m [1mClone failed – skipping[0m [36merror=[0m[31m[1m"exec: \"git\": executable file not found in %PATH%"[0m[0m [36mrepo=[0mprometheus-msteams/prometheus-msteams
[90m1:32AM[0m [32mINF[0m [1mProcessing repo[0m [36mrepo=[0melastic/apm [36mrepo_index=[0m209 [36mtotal_repos=[0m500
[90m1:32AM[0m [32mINF[0m [1mCloning (depth=1)[0m [36mdest=[0m"E:\\helm_clones_artifacthub\\elastic__apm" [36mrepo=[0mhttps://github.com/elastic/apm
[90m1:32AM[0m [31mERR[0m [1mClone failed – skipping[0m [36merror=[0m[31m[1m"exec: \"git\": executable file not found in %PATH%"[0m[0m [36mrepo=[0melastic/apm
[90m1:32AM[0m [32mINF[0m [1mProcessing repo[0m [36mrepo=[0minspektor-gadget/inspektor-gadget [36mrepo_index=[0m210 [36mtotal_repos=[0m500
[90m1:32AM[0m [32mINF[0m [1mCloning (depth=1)[0m [36mdest=[0m"E:\\helm_clones_artifacthub\\inspektor-gadget__inspektor-gadget" [36mrepo=[0mhttps://github.com/inspektor-gadget/inspektor-gadget
[90m1:32AM[0m [31mERR[0m [1mClone failed – skipping[0m [36merror=[0m[31m[1m"exec: \"git\": executable file not found in %PATH%"[0m[0m [36mrepo=[0minspektor-gadget/inspektor-gadget
[90m1:32AM[0m [32mINF[0m [1mProcessing repo[0m [36mrepo=[0mhomarr-labs/homarr [36mrepo_index=[0m211 [36mtotal_repos=[0m500
[90m1:32AM[0m [32mINF[0m [1mCloning (depth=1)[0m [36mdest=[0m"E:\\helm_clones_artifacthub\\homarr-labs__homarr" [36mrepo=[0mhttps://github.com/homarr-labs/homarr
[90m1:32AM[0m [31mERR[0m [1mClone failed – skipping[0m [36merror=[0m[31m[1m"exec: \"git\": executable file not found in %PATH%"[0m[0m [36mrepo=[0mhomarr-labs/homarr
[90m1:32AM[0m [32mINF[0m [1mProcessing repo[0m [36mrepo=[0mhpe-storage/csi-driver [36mrepo_index=[0m212 [36mtotal_repos=[0m500
[90m1:32AM[0m [32mINF[0m [1mCloning (depth=1)[0m [36mdest=[0m"E:\\helm_clones_artifacthub\\hpe-storage__csi-driver" [36mrepo=[0mhttps://github.com/hpe-storage/csi-driver
[90m1:32AM[0m [31mERR[0m [1mClone failed – skipping[0m [36merror=[0m[31m[1m"exec: \"git\": executable file not found in %PATH%"[0m[0m [36mrepo=[0mhpe-storage/csi-driver
[90m1:32AM[0m [32mINF[0m [1mProcessing repo[0m [36mrepo=[0mkestra-io/kestra [36mrepo_index=[0m213 [36mtotal_repos=[0m500
[90m1:32AM[0m [32mINF[0m [1mCloning (depth=1)[0m [36mdest=[0m"E:\\helm_clones_artifacthub\\kestra-io__kestra" [36mrepo=[0mhttps://github.com/kestra-io/kestra
[90m1:32AM[0m [31mERR[0m [1mClone failed – skipping[0m [36merror=[0m[31m[1m"exec: \"git\": executable file not found in %PATH%"[0m[0m [36mrepo=[0mkestra-io/kestra
[90m1:32AM[0m [32mINF[0m [1mProcessing repo[0m [36mrepo=[0mabahmed/kwatch [36mrepo_index=[0m214 [36mtotal_repos=[0m500
[90m1:32AM[0m [32mINF[0m [1mCloning (depth=1)[0m [36mdest=[0m"E:\\helm_clones_artifacthub\\abahmed__kwatch" [36mrepo=[0mhttps://github.com/abahmed/kwatch
[90m1:32AM[0m [31mERR[0m [1mClone failed – skipping[0m [36merror=[0m[31m[1m"exec: \"git\": executable file not found in %PATH%"[0m[0m [36mrepo=[0mabahmed/kwatch
[90m1:32AM[0m [32mINF[0m [1mProcessing repo[0m [36mrepo=[0mlangfuse/langfuse-k8s [36mrepo_index=[0m215 [36mtotal_repos=[0m500
[90m1:32AM[0m [32mINF[0m [1mCloning (depth=1)[0m [36mdest=[0m"E:\\helm_clones_artifacthub\\langfuse__langfuse-k8s" [36mrepo=[0mhttps://github.com/langfuse/langfuse-k8s
[90m1:32AM[0m [31mERR[0m [1mClone failed – skipping[0m [36merror=[0m[31m[1m"exec: \"git\": executable file not found in %PATH%"[0m[0m [36mrepo=[0mlangfuse/langfuse-k8s
[90m1:32AM[0m [32mINF[0m [1mProcessing repo[0m [36mrepo=[0mprometheus/snmp_exporter [36mrepo_index=[0m216 [36mtotal_repos=[0m500
[90m1:32AM[0m [32mINF[0m [1mCloning (depth=1)[0m [36mdest=[0m"E:\\helm_clones_artifacthub\\prometheus__snmp_exporter" [36mrepo=[0mhttps://github.com/prometheus/snmp_exporter
[90m1:32AM[0m [31mERR[0m [1mClone failed – skipping[0m [36merror=[0m[31m[1m"exec: \"git\": executable file not found in %PATH%"[0m[0m [36mrepo=[0mprometheus/snmp_exporter
[90m1:32AM[0m [32mINF[0m [1mProcessing repo[0m [36mrepo=[0mchatwoot/chatwoot [36mrepo_index=[0m217 [36mtotal_repos=[0m500
[90m1:32AM[0m [32mINF[0m [1mCloning (depth=1)[0m [36mdest=[0m"E:\\helm_clones_artifacthub\\chatwoot__chatwoot" [36mrepo=[0mhttps://github.com/chatwoot/chatwoot
[90m1:32AM[0m [31mERR[0m [1mClone failed – skipping[0m [36merror=[0m[31m[1m"exec: \"git\": executable file not found in %PATH%"[0m[0m [36mrepo=[0mchatwoot/chatwoot
[90m1:32AM[0m [32mINF[0m [1mProcessing repo[0m [36mrepo=[0mkubitodev/helm [36mrepo_index=[0m218 [36mtotal_repos=[0m500
[90m1:32AM[0m [32mINF[0m [1mCloning (depth=1)[0m [36mdest=[0m"E:\\helm_clones_artifacthub\\kubitodev__helm" [36mrepo=[0mhttps://github.com/kubitodev/helm
[90m1:32AM[0m [31mERR[0m [1mClone failed – skipping[0m [36merror=[0m[31m[1m"exec: \"git\": executable file not found in %PATH%"[0m[0m [36mrepo=[0mkubitodev/helm
[90m1:32AM[0m [32mINF[0m [1mProcessing repo[0m [36mrepo=[0mhome-assistant/home-assistant [36mrepo_index=[0m219 [36mtotal_repos=[0m500
[90m1:32AM[0m [32mINF[0m [1mCloning (depth=1)[0m [36mdest=[0m"E:\\helm_clones_artifacthub\\home-assistant__home-assistant" [36mrepo=[0mhttps://github.com/home-assistant/home-assistant
[90m1:32AM[0m [31mERR[0m [1mClone failed – skipping[0m [36merror=[0m[31m[1m"exec: \"git\": executable file not found in %PATH%"[0m[0m [36mrepo=[0mhome-assistant/home-assistant
[90m1:32AM[0m [32mINF[0m [1mProcessing repo[0m [36mrepo=[0mwiremind/wiremind-helm-charts [36mrepo_index=[0m220 [36mtotal_repos=[0m500
[90m1:32AM[0m [32mINF[0m [1mCloning (depth=1)[0m [36mdest=[0m"E:\\helm_clones_artifacthub\\wiremind__wiremind-helm-charts" [36mrepo=[0mhttps://github.com/wiremind/wiremind-helm-charts
[90m1:32AM[0m [31mERR[0m [1mClone failed – skipping[0m [36merror=[0m[31m[1m"exec: \"git\": executable file not found in %PATH%"[0m[0m [36mrepo=[0mwiremind/wiremind-helm-charts
[90m1:32AM[0m [32mINF[0m [1mProcessing repo[0m [36mrepo=[0mpaperless-ngx/paperless-ngx [36mrepo_index=[0m221 [36mtotal_repos=[0m500
[90m1:32AM[0m [32mINF[0m [1mCloning (depth=1)[0m [36mdest=[0m"E:\\helm_clones_artifacthub\\paperless-ngx__paperless-ngx" [36mrepo=[0mhttps://github.com/paperless-ngx/paperless-ngx
[90m1:32AM[0m [31mERR[0m [1mClone failed – skipping[0m [36merror=[0m[31m[1m"exec: \"git\": executable file not found in %PATH%"[0m[0m [36mrepo=[0mpaperless-ngx/paperless-ngx
[90m1:32AM[0m [32mINF[0m [1mProcessing repo[0m [36mrepo=[0mhirosystems/stacks-blockchain-api [36mrepo_index=[0m222 [36mtotal_repos=[0m500
[90m1:32AM[0m [32mINF[0m [1mCloning (depth=1)[0m [36mdest=[0m"E:\\helm_clones_artifacthub\\hirosystems__stacks-blockchain-api" [36mrepo=[0mhttps://github.com/hirosystems/stacks-blockchain-api
[90m1:32AM[0m [31mERR[0m [1mClone failed – skipping[0m [36merror=[0m[31m[1m"exec: \"git\": executable file not found in %PATH%"[0m[0m [36mrepo=[0mhirosystems/stacks-blockchain-api
[90m1:32AM[0m [32mINF[0m [1mProcessing repo[0m [36mrepo=[0mmorgoved/wazuh-helm [36mrepo_index=[0m223 [36mtotal_repos=[0m500
[90m1:32AM[0m [32mINF[0m [1mCloning (depth=1)[0m [36mdest=[0m"E:\\helm_clones_artifacthub\\morgoved__wazuh-helm" [36mrepo=[0mhttps://github.com/morgoved/wazuh-helm
[90m1:32AM[0m [31mERR[0m [1mClone failed – skipping[0m [36merror=[0m[31m[1m"exec: \"git\": executable file not found in %PATH%"[0m[0m [36mrepo=[0mmorgoved/wazuh-helm
[90m1:32AM[0m [32mINF[0m [1mProcessing repo[0m [36mrepo=[0mapache/apisix-ingress-controller [36mrepo_index=[0m224 [36mtotal_repos=[0m500
[90m1:32AM[0m [32mINF[0m [1mCloning (depth=1)[0m [36mdest=[0m"E:\\helm_clones_artifacthub\\apache__apisix-ingress-controller" [36mrepo=[0mhttps://github.com/apache/apisix-ingress-controller
[90m1:32AM[0m [31mERR[0m [1mClone failed – skipping[0m [36merror=[0m[31m[1m"exec: \"git\": executable file not found in %PATH%"[0m[0m [36mrepo=[0mapache/apisix-ingress-controller
[90m1:32AM[0m [32mINF[0m [1mProcessing repo[0m [36mrepo=[0mdatawire/ambassador [36mrepo_index=[0m225 [36mtotal_repos=[0m500
[90m1:32AM[0m [32mINF[0m [1mCloning (depth=1)[0m [36mdest=[0m"E:\\helm_clones_artifacthub\\datawire__ambassador" [36mrepo=[0mhttps://github.com/datawire/ambassador
[90m1:32AM[0m [31mERR[0m [1mClone failed – skipping[0m [36merror=[0m[31m[1m"exec: \"git\": executable file not found in %PATH%"[0m[0m [36mrepo=[0mdatawire/ambassador
[90m1:32AM[0m [32mINF[0m [1mProcessing repo[0m [36mrepo=[0mrimusz/hostpath-provisioner [36mrepo_index=[0m226 [36mtotal_repos=[0m500
[90m1:32AM[0m [32mINF[0m [1mCloning (depth=1)[0m [36mdest=[0m"E:\\helm_clones_artifacthub\\rimusz__hostpath-provisioner" [36mrepo=[0mhttps://github.com/rimusz/hostpath-provisioner
[90m1:32AM[0m [31mERR[0m [1mClone failed – skipping[0m [36merror=[0m[31m[1m"exec: \"git\": executable file not found in %PATH%"[0m[0m [36mrepo=[0mrimusz/hostpath-provisioner
[90m1:32AM[0m [32mINF[0m [1mProcessing repo[0m [36mrepo=[0mimgproxy/imgproxy [36mrepo_index=[0m227 [36mtotal_repos=[0m500
[90m1:32AM[0m [32mINF[0m [1mCloning (depth=1)[0m [36mdest=[0m"E:\\helm_clones_artifacthub\\imgproxy__imgproxy" [36mrepo=[0mhttps://github.com/imgproxy/imgproxy
[90m1:32AM[0m [31mERR[0m [1mClone failed – skipping[0m [36merror=[0m[31m[1m"exec: \"git\": executable file not found in %PATH%"[0m[0m [36mrepo=[0mimgproxy/imgproxy
[90m1:32AM[0m [32mINF[0m [1mProcessing repo[0m [36mrepo=[0minfluxdata/helm-charts [36mrepo_index=[0m228 [36mtotal_repos=[0m500
[90m1:32AM[0m [32mINF[0m [1mCloning (depth=1)[0m [36mdest=[0m"E:\\helm_clones_artifacthub\\influxdata__helm-charts" [36mrepo=[0mhttps://github.com/influxdata/helm-charts
[90m1:32AM[0m [31mERR[0m [1mClone failed – skipping[0m [36merror=[0m[31m[1m"exec: \"git\": executable file not found in %PATH%"[0m[0m [36mrepo=[0minfluxdata/helm-charts
[90m1:32AM[0m [32mINF[0m [1mProcessing repo[0m [36mrepo=[0mzalando/postgres-operator [36mrepo_index=[0m229 [36mtotal_repos=[0m500
[90m1:32AM[0m [32mINF[0m [1mCloning (depth=1)[0m [36mdest=[0m"E:\\helm_clones_artifacthub\\zalando__postgres-operator" [36mrepo=[0mhttps://github.com/zalando/postgres-operator
[90m1:32AM[0m [31mERR[0m [1mClone failed – skipping[0m [36merror=[0m[31m[1m"exec: \"git\": executable file not found in %PATH%"[0m[0m [36mrepo=[0mzalando/postgres-operator
[90m1:32AM[0m [32mINF[0m [1mProcessing repo[0m [36mrepo=[0mcetic/helm-postgresql [36mrepo_index=[0m230 [36mtotal_repos=[0m500
[90m1:32AM[0m [32mINF[0m [1mCloning (depth=1)[0m [36mdest=[0m"E:\\helm_clones_artifacthub\\cetic__helm-postgresql" [36mrepo=[0mhttps://github.com/cetic/helm-postgresql
[90m1:32AM[0m [31mERR[0m [1mClone failed – skipping[0m [36merror=[0m[31m[1m"exec: \"git\": executable file not found in %PATH%"[0m[0m [36mrepo=[0mcetic/helm-postgresql
[90m1:32AM[0m [32mINF[0m [1mProcessing repo[0m [36mrepo=[0mgetredash/contrib-helm-chart [36mrepo_index=[0m231 [36mtotal_repos=[0m500
[90m1:32AM[0m [32mINF[0m [1mCloning (depth=1)[0m [36mdest=[0m"E:\\helm_clones_artifacthub\\getredash__contrib-helm-chart" [36mrepo=[0mhttps://github.com/getredash/contrib-helm-chart
[90m1:32AM[0m [31mERR[0m [1mClone failed – skipping[0m [36merror=[0m[31m[1m"exec: \"git\": executable file not found in %PATH%"[0m[0m [36mrepo=[0mgetredash/contrib-helm-chart
[90m1:32AM[0m [32mINF[0m [1mProcessing repo[0m [36mrepo=[0mmatrix-org/synapse [36mrepo_index=[0m232 [36mtotal_repos=[0m500
[90m1:32AM[0m [32mINF[0m [1mCloning (depth=1)[0m [36mdest=[0m"E:\\helm_clones_artifacthub\\matrix-org__synapse" [36mrepo=[0mhttps://github.com/matrix-org/synapse
[90m1:32AM[0m [31mERR[0m [1mClone failed – skipping[0m [36merror=[0m[31m[1m"exec: \"git\": executable file not found in %PATH%"[0m[0m [36mrepo=[0mmatrix-org/synapse
[90m1:32AM[0m [32mINF[0m [1mProcessing repo[0m [36mrepo=[0mguerzon/vaultwarden [36mrepo_index=[0m233 [36mtotal_repos=[0m500
[90m1:32AM[0m [32mINF[0m [1mCloning (depth=1)[0m [36mdest=[0m"E:\\helm_clones_artifacthub\\guerzon__vaultwarden" [36mrepo=[0mhttps://github.com/guerzon/vaultwarden
[90m1:32AM[0m [31mERR[0m [1mClone failed – skipping[0m [36merror=[0m[31m[1m"exec: \"git\": executable file not found in %PATH%"[0m[0m [36mrepo=[0mguerzon/vaultwarden
[90m1:32AM[0m [32mINF[0m [1mProcessing repo[0m [36mrepo=[0mzabbix-community/helm-zabbix [36mrepo_index=[0m234 [36mtotal_repos=[0m500
[90m1:32AM[0m [32mINF[0m [1mCloning (depth=1)[0m [36mdest=[0m"E:\\helm_clones_artifacthub\\zabbix-community__helm-zabbix" [36mrepo=[0mhttps://github.com/zabbix-community/helm-zabbix
[90m1:32AM[0m [31mERR[0m [1mClone failed – skipping[0m [36merror=[0m[31m[1m"exec: \"git\": executable file not found in %PATH%"[0m[0m [36mrepo=[0mzabbix-community/helm-zabbix
[90m1:32AM[0m [32mINF[0m [1mProcessing repo[0m [36mrepo=[0mproject-zot/helm-charts [36mrepo_index=[0m235 [36mtotal_repos=[0m500
[90m1:32AM[0m [32mINF[0m [1mCloning (depth=1)[0m [36mdest=[0m"E:\\helm_clones_artifacthub\\project-zot__helm-charts" [36mrepo=[0mhttps://github.com/project-zot/helm-charts
[90m1:32AM[0m [31mERR[0m [1mClone failed – skipping[0m [36merror=[0m[31m[1m"exec: \"git\": executable file not found in %PATH%"[0m[0m [36mrepo=[0mproject-zot/helm-charts
[90m1:32AM[0m [32mINF[0m [1mProcessing repo[0m [36mrepo=[0mngrok/ngrok-operator [36mrepo_index=[0m236 [36mtotal_repos=[0m500
[90m1:32AM[0m [32mINF[0m [1mCloning (depth=1)[0m [36mdest=[0m"E:\\helm_clones_artifacthub\\ngrok__ngrok-operator" [36mrepo=[0mhttps://github.com/ngrok/ngrok-operator
[90m1:32AM[0m [31mERR[0m [1mClone failed – skipping[0m [36merror=[0m[31m[1m"exec: \"git\": executable file not found in %PATH%"[0m[0m [36mrepo=[0mngrok/ngrok-operator
[90m1:32AM[0m [32mINF[0m [1mProcessing repo[0m [36mrepo=[0mopen-feature/open-feature-operator [36mrepo_index=[0m237 [36mtotal_repos=[0m500
[90m1:32AM[0m [32mINF[0m [1mCloning (depth=1)[0m [36mdest=[0m"E:\\helm_clones_artifacthub\\open-feature__open-feature-operator" [36mrepo=[0mhttps://github.com/open-feature/open-feature-operator
[90m1:32AM[0m [31mERR[0m [1mClone failed – skipping[0m [36merror=[0m[31m[1m"exec: \"git\": executable file not found in %PATH%"[0m[0m [36mrepo=[0mopen-feature/open-feature-operator
[90m1:32AM[0m [32mINF[0m [1mProcessing repo[0m [36mrepo=[0mtelepresenceio/telepresence [36mrepo_index=[0m238 [36mtotal_repos=[0m500
[90m1:32AM[0m [32mINF[0m [1mCloning (depth=1)[0m [36mdest=[0m"E:\\helm_clones_artifacthub\\telepresenceio__telepresence" [36mrepo=[0mhttps://github.com/telepresenceio/telepresence
[90m1:32AM[0m [31mERR[0m [1mClone failed – skipping[0m [36merror=[0m[31m[1m"exec: \"git\": executable file not found in %PATH%"[0m[0m [36mrepo=[0mtelepresenceio/telepresence
[90m1:32AM[0m [32mINF[0m [1mProcessing repo[0m [36mrepo=[0mNetApp/trident [36mrepo_index=[0m239 [36mtotal_repos=[0m500
[90m1:32AM[0m [32mINF[0m [1mCloning (depth=1)[0m [36mdest=[0m"E:\\helm_clones_artifacthub\\NetApp__trident" [36mrepo=[0mhttps://github.com/NetApp/trident
[90m1:32AM[0m [31mERR[0m [1mClone failed – skipping[0m [36merror=[0m[31m[1m"exec: \"git\": executable file not found in %PATH%"[0m[0m [36mrepo=[0mNetApp/trident
[90m1:32AM[0m [32mINF[0m [1mProcessing repo[0m [36mrepo=[0mweaviate/weaviate [36mrepo_index=[0m240 [36mtotal_repos=[0m500
[90m1:32AM[0m [32mINF[0m [1mCloning (depth=1)[0m [36mdest=[0m"E:\\helm_clones_artifacthub\\weaviate__weaviate" [36mrepo=[0mhttps://github.com/weaviate/weaviate
[90m1:32AM[0m [31mERR[0m [1mClone failed – skipping[0m [36merror=[0m[31m[1m"exec: \"git\": executable file not found in %PATH%"[0m[0m [36mrepo=[0mweaviate/weaviate
[90m1:32AM[0m [32mINF[0m [1mProcessing repo[0m [36mrepo=[0mevryfs/helm-charts [36mrepo_index=[0m241 [36mtotal_repos=[0m500
[90m1:32AM[0m [32mINF[0m [1mCloning (depth=1)[0m [36mdest=[0m"E:\\helm_clones_artifacthub\\evryfs__helm-charts" [36mrepo=[0mhttps://github.com/evryfs/helm-charts
[90m1:32AM[0m [31mERR[0m [1mClone failed – skipping[0m [36merror=[0m[31m[1m"exec: \"git\": executable file not found in %PATH%"[0m[0m [36mrepo=[0mevryfs/helm-charts
[90m1:32AM[0m [32mINF[0m [1mProcessing repo[0m [36mrepo=[0mSQLJames/factorio-server-charts [36mrepo_index=[0m242 [36mtotal_repos=[0m500
[90m1:32AM[0m [32mINF[0m [1mCloning (depth=1)[0m [36mdest=[0m"E:\\helm_clones_artifacthub\\SQLJames__factorio-server-charts" [36mrepo=[0mhttps://github.com/SQLJames/factorio-server-charts
[90m1:32AM[0m [31mERR[0m [1mClone failed – skipping[0m [36merror=[0m[31m[1m"exec: \"git\": executable file not found in %PATH%"[0m[0m [36mrepo=[0mSQLJames/factorio-server-charts
[90m1:32AM[0m [32mINF[0m [1mProcessing repo[0m [36mrepo=[0mCrowdStrike/falcon-helm [36mrepo_index=[0m243 [36mtotal_repos=[0m500
[90m1:32AM[0m [32mINF[0m [1mCloning (depth=1)[0m [36mdest=[0m"E:\\helm_clones_artifacthub\\CrowdStrike__falcon-helm" [36mrepo=[0mhttps://github.com/CrowdStrike/falcon-helm
[90m1:32AM[0m [31mERR[0m [1mClone failed – skipping[0m [36merror=[0m[31m[1m"exec: \"git\": executable file not found in %PATH%"[0m[0m [36mrepo=[0mCrowdStrike/falcon-helm
[90m1:32AM[0m [32mINF[0m [1mProcessing repo[0m [36mrepo=[0mlinuxserver/docker-jellyfin [36mrepo_index=[0m244 [36mtotal_repos=[0m500
[90m1:32AM[0m [32mINF[0m [1mCloning (depth=1)[0m [36mdest=[0m"E:\\helm_clones_artifacthub\\linuxserver__docker-jellyfin" [36mrepo=[0mhttps://github.com/linuxserver/docker-jellyfin
[90m1:32AM[0m [31mERR[0m [1mClone failed – skipping[0m [36merror=[0m[31m[1m"exec: \"git\": executable file not found in %PATH%"[0m[0m [36mrepo=[0mlinuxserver/docker-jellyfin
[90m1:32AM[0m [32mINF[0m [1mProcessing repo[0m [36mrepo=[0mk8gb-io/k8gb [36mrepo_index=[0m245 [36mtotal_repos=[0m500
[90m1:32AM[0m [32mINF[0m [1mCloning (depth=1)[0m [36mdest=[0m"E:\\helm_clones_artifacthub\\k8gb-io__k8gb" [36mrepo=[0mhttps://github.com/k8gb-io/k8gb
[90m1:32AM[0m [31mERR[0m [1mClone failed – skipping[0m [36merror=[0m[31m[1m"exec: \"git\": executable file not found in %PATH%"[0m[0m [36mrepo=[0mk8gb-io/k8gb
[90m1:32AM[0m [32mINF[0m [1mProcessing repo[0m [36mrepo=[0mk8up-io/k8up [36mrepo_index=[0m246 [36mtotal_repos=[0m500
[90m1:32AM[0m [32mINF[0m [1mCloning (depth=1)[0m [36mdest=[0m"E:\\helm_clones_artifacthub\\k8up-io__k8up" [36mrepo=[0mhttps://github.com/k8up-io/k8up
[90m1:32AM[0m [31mERR[0m [1mClone failed – skipping[0m [36merror=[0m[31m[1m"exec: \"git\": executable file not found in %PATH%"[0m[0m [36mrepo=[0mk8up-io/k8up
[90m1:32AM[0m [32mINF[0m [1mProcessing repo[0m [36mrepo=[0mneo4j/neo4j [36mrepo_index=[0m247 [36mtotal_repos=[0m500
[90m1:32AM[0m [32mINF[0m [1mCloning (depth=1)[0m [36mdest=[0m"E:\\helm_clones_artifacthub\\neo4j__neo4j" [36mrepo=[0mhttps://github.com/neo4j/neo4j
[90m1:32AM[0m [31mERR[0m [1mClone failed – skipping[0m [36merror=[0m[31m[1m"exec: \"git\": executable file not found in %PATH%"[0m[0m [36mrepo=[0mneo4j/neo4j
[90m1:32AM[0m [32mINF[0m [1mProcessing repo[0m [36mrepo=[0mstenic/helm-charts [36mrepo_index=[0m248 [36mtotal_repos=[0m500
[90m1:32AM[0m [32mINF[0m [1mCloning (depth=1)[0m [36mdest=[0m"E:\\helm_clones_artifacthub\\stenic__helm-charts" [36mrepo=[0mhttps://github.com/stenic/helm-charts
[90m1:32AM[0m [31mERR[0m [1mClone failed – skipping[0m [36merror=[0m[31m[1m"exec: \"git\": executable file not found in %PATH%"[0m[0m [36mrepo=[0mstenic/helm-charts
[90m1:32AM[0m [32mINF[0m [1mProcessing repo[0m [36mrepo=[0mprometheus/cloudwatch_exporter [36mrepo_index=[0m249 [36mtotal_repos=[0m500
[90m1:32AM[0m [32mINF[0m [1mCloning (depth=1)[0m [36mdest=[0m"E:\\helm_clones_artifacthub\\prometheus__cloudwatch_exporter" [36mrepo=[0mhttps://github.com/prometheus/cloudwatch_exporter
[90m1:32AM[0m [31mERR[0m [1mClone failed – skipping[0m [36merror=[0m[31m[1m"exec: \"git\": executable file not found in %PATH%"[0m[0m [36mrepo=[0mprometheus/cloudwatch_exporter
[90m1:32AM[0m [32mINF[0m [1mProcessing repo[0m [36mrepo=[0myugabyte/yugabyte-db [36mrepo_index=[0m250 [36mtotal_repos=[0m500
[90m1:32AM[0m [32mINF[0m [1mCloning (depth=1)[0m [36mdest=[0m"E:\\helm_clones_artifacthub\\yugabyte__yugabyte-db" [36mrepo=[0mhttps://github.com/yugabyte/yugabyte-db
[90m1:32AM[0m [31mERR[0m [1mClone failed – skipping[0m [36merror=[0m[31m[1m"exec: \"git\": executable file not found in %PATH%"[0m[0m [36mrepo=[0myugabyte/yugabyte-db
[90m1:32AM[0m [32mINF[0m [1mProcessing repo[0m [36mrepo=[0msmallstep/certificates [36mrepo_index=[0m251 [36mtotal_repos=[0m500
[90m1:32AM[0m [32mINF[0m [1mCloning (depth=1)[0m [36mdest=[0m"E:\\helm_clones_artifacthub\\smallstep__certificates" [36mrepo=[0mhttps://github.com/smallstep/certificates
[90m1:32AM[0m [31mERR[0m [1mClone failed – skipping[0m [36merror=[0m[31m[1m"exec: \"git\": executable file not found in %PATH%"[0m[0m [36mrepo=[0msmallstep/certificates
[90m1:32AM[0m [32mINF[0m [1mProcessing repo[0m [36mrepo=[0mkubernetes-sigs/aws-ebs-csi-driver [36mrepo_index=[0m252 [36mtotal_repos=[0m500
[90m1:32AM[0m [32mINF[0m [1mCloning (depth=1)[0m [36mdest=[0m"E:\\helm_clones_artifacthub\\kubernetes-sigs__aws-ebs-csi-driver" [36mrepo=[0mhttps://github.com/kubernetes-sigs/aws-ebs-csi-driver
[90m1:32AM[0m [31mERR[0m [1mClone failed – skipping[0m [36merror=[0m[31m[1m"exec: \"git\": executable file not found in %PATH%"[0m[0m [36mrepo=[0mkubernetes-sigs/aws-ebs-csi-driver
[90m1:32AM[0m [32mINF[0m [1mProcessing repo[0m [36mrepo=[0mdask/helm-chart [36mrepo_index=[0m253 [36mtotal_repos=[0m500
[90m1:32AM[0m [32mINF[0m [1mCloning (depth=1)[0m [36mdest=[0m"E:\\helm_clones_artifacthub\\dask__helm-chart" [36mrepo=[0mhttps://github.com/dask/helm-chart
[90m1:32AM[0m [31mERR[0m [1mClone failed – skipping[0m [36merror=[0m[31m[1m"exec: \"git\": executable file not found in %PATH%"[0m[0m [36mrepo=[0mdask/helm-chart
[90m1:32AM[0m [32mINF[0m [1mProcessing repo[0m [36mrepo=[0mdgraph-io/charts [36mrepo_index=[0m254 [36mtotal_repos=[0m500
[90m1:32AM[0m [32mINF[0m [1mCloning (depth=1)[0m [36mdest=[0m"E:\\helm_clones_artifacthub\\dgraph-io__charts" [36mrepo=[0mhttps://github.com/dgraph-io/charts
[90m1:32AM[0m [31mERR[0m [1mClone failed – skipping[0m [36merror=[0m[31m[1m"exec: \"git\": executable file not found in %PATH%"[0m[0m [36mrepo=[0mdgraph-io/charts
[90m1:32AM[0m [32mINF[0m [1mProcessing repo[0m [36mrepo=[0mrimusz/charts [36mrepo_index=[0m255 [36mtotal_repos=[0m500
[90m1:32AM[0m [32mINF[0m [1mCloning (depth=1)[0m [36mdest=[0m"E:\\helm_clones_artifacthub\\rimusz__charts" [36mrepo=[0mhttps://github.com/rimusz/charts
[90m1:32AM[0m [31mERR[0m [1mClone failed – skipping[0m [36merror=[0m[31m[1m"exec: \"git\": executable file not found in %PATH%"[0m[0m [36mrepo=[0mrimusz/charts
[90m1:32AM[0m [32mINF[0m [1mProcessing repo[0m [36mrepo=[0mlocalstack/helm-charts [36mrepo_index=[0m256 [36mtotal_repos=[0m500
[90m1:32AM[0m [32mINF[0m [1mCloning (depth=1)[0m [36mdest=[0m"E:\\helm_clones_artifacthub\\localstack__helm-charts" [36mrepo=[0mhttps://github.com/localstack/helm-charts
[90m1:32AM[0m [31mERR[0m [1mClone failed – skipping[0m [36merror=[0m[31m[1m"exec: \"git\": executable file not found in %PATH%"[0m[0m [36mrepo=[0mlocalstack/helm-charts
[90m1:32AM[0m [32mINF[0m [1mProcessing repo[0m [36mrepo=[0mbanzaicloud/logging-operator [36mrepo_index=[0m257 [36mtotal_repos=[0m500
[90m1:32AM[0m [32mINF[0m [1mCloning (depth=1)[0m [36mdest=[0m"E:\\helm_clones_artifacthub\\banzaicloud__logging-operator" [36mrepo=[0mhttps://github.com/banzaicloud/logging-operator
[90m1:32AM[0m [31mERR[0m [1mClone failed – skipping[0m [36merror=[0m[31m[1m"exec: \"git\": executable file not found in %PATH%"[0m[0m [36mrepo=[0mbanzaicloud/logging-operator
[90m1:32AM[0m [32mINF[0m [1mProcessing repo[0m [36mrepo=[0moutline/outline [36mrepo_index=[0m258 [36mtotal_repos=[0m500
[90m1:32AM[0m [32mINF[0m [1mCloning (depth=1)[0m [36mdest=[0m"E:\\helm_clones_artifacthub\\outline__outline" [36mrepo=[0mhttps://github.com/outline/outline
[90m1:32AM[0m [31mERR[0m [1mClone failed – skipping[0m [36merror=[0m[31m[1m"exec: \"git\": executable file not found in %PATH%"[0m[0m [36mrepo=[0moutline/outline
[90m1:32AM[0m [32mINF[0m [1mProcessing repo[0m [36mrepo=[0mpercona/percona-helm-charts [36mrepo_index=[0m259 [36mtotal_repos=[0m500
[90m1:32AM[0m [32mINF[0m [1mCloning (depth=1)[0m [36mdest=[0m"E:\\helm_clones_artifacthub\\percona__percona-helm-charts" [36mrepo=[0mhttps://github.com/percona/percona-helm-charts
[90m1:32AM[0m [31mERR[0m [1mClone failed – skipping[0m [36merror=[0m[31m[1m"exec: \"git\": executable file not found in %PATH%"[0m[0m [36mrepo=[0mpercona/percona-helm-charts
[90m1:32AM[0m [32mINF[0m [1mProcessing repo[0m [36mrepo=[0mjetstack/kube-lego [36mrepo_index=[0m260 [36mtotal_repos=[0m500
[90m1:32AM[0m [32mINF[0m [1mCloning (depth=1)[0m [36mdest=[0m"E:\\helm_clones_artifacthub\\jetstack__kube-lego" [36mrepo=[0mhttps://github.com/jetstack/kube-lego
[90m1:32AM[0m [31mERR[0m [1mClone failed – skipping[0m [36merror=[0m[31m[1m"exec: \"git\": executable file not found in %PATH%"[0m[0m [36mrepo=[0mjetstack/kube-lego
[90m1:32AM[0m [32mINF[0m [1mProcessing repo[0m [36mrepo=[0mROCm/k8s-device-plugin [36mrepo_index=[0m261 [36mtotal_repos=[0m500
[90m1:32AM[0m [32mINF[0m [1mCloning (depth=1)[0m [36mdest=[0m"E:\\helm_clones_artifacthub\\ROCm__k8s-device-plugin" [36mrepo=[0mhttps://github.com/ROCm/k8s-device-plugin
[90m1:32AM[0m [31mERR[0m [1mClone failed – skipping[0m [36merror=[0m[31m[1m"exec: \"git\": executable file not found in %PATH%"[0m[0m [36mrepo=[0mROCm/k8s-device-plugin
[90m1:32AM[0m [32mINF[0m [1mProcessing repo[0m [36mrepo=[0mredpanda-data/helm-charts [36mrepo_index=[0m262 [36mtotal_repos=[0m500
[90m1:32AM[0m [32mINF[0m [1mCloning (depth=1)[0m [36mdest=[0m"E:\\helm_clones_artifacthub\\redpanda-data__helm-charts" [36mrepo=[0mhttps://github.com/redpanda-data/helm-charts
[90m1:32AM[0m [31mERR[0m [1mClone failed – skipping[0m [36merror=[0m[31m[1m"exec: \"git\": executable file not found in %PATH%"[0m[0m [36mrepo=[0mredpanda-data/helm-charts
[90m1:32AM[0m [32mINF[0m [1mProcessing repo[0m [36mrepo=[0mFlagsmith/flagsmith-charts [36mrepo_index=[0m263 [36mtotal_repos=[0m500
[90m1:32AM[0m [32mINF[0m [1mCloning (depth=1)[0m [36mdest=[0m"E:\\helm_clones_artifacthub\\Flagsmith__flagsmith-charts" [36mrepo=[0mhttps://github.com/Flagsmith/flagsmith-charts
[90m1:32AM[0m [31mERR[0m [1mClone failed – skipping[0m [36merror=[0m[31m[1m"exec: \"git\": executable file not found in %PATH%"[0m[0m [36mrepo=[0mFlagsmith/flagsmith-charts
[90m1:32AM[0m [32mINF[0m [1mProcessing repo[0m [36mrepo=[0mglasskube/operator [36mrepo_index=[0m264 [36mtotal_repos=[0m500
[90m1:32AM[0m [32mINF[0m [1mCloning (depth=1)[0m [36mdest=[0m"E:\\helm_clones_artifacthub\\glasskube__operator" [36mrepo=[0mhttps://github.com/glasskube/operator
[90m1:32AM[0m [31mERR[0m [1mClone failed – skipping[0m [36merror=[0m[31m[1m"exec: \"git\": executable file not found in %PATH%"[0m[0m [36mrepo=[0mglasskube/operator
[90m1:32AM[0m [32mINF[0m [1mProcessing repo[0m [36mrepo=[0mStarRocks/starrocks-kubernetes-operator [36mrepo_index=[0m265 [36mtotal_repos=[0m500
[90m1:32AM[0m [32mINF[0m [1mCloning (depth=1)[0m [36mdest=[0m"E:\\helm_clones_artifacthub\\StarRocks__starrocks-kubernetes-operator" [36mrepo=[0mhttps://github.com/StarRocks/starrocks-kubernetes-operator
[90m1:32AM[0m [31mERR[0m [1mClone failed – skipping[0m [36merror=[0m[31m[1m"exec: \"git\": executable file not found in %PATH%"[0m[0m [36mrepo=[0mStarRocks/starrocks-kubernetes-operator
[90m1:32AM[0m [32mINF[0m [1mProcessing repo[0m [36mrepo=[0mnginx/nginx-gateway-fabric [36mrepo_index=[0m266 [36mtotal_repos=[0m500
[90m1:32AM[0m [32mINF[0m [1mCloning (depth=1)[0m [36mdest=[0m"E:\\helm_clones_artifacthub\\nginx__nginx-gateway-fabric" [36mrepo=[0mhttps://github.com/nginx/nginx-gateway-fabric
[90m1:32AM[0m [31mERR[0m [1mClone failed – skipping[0m [36merror=[0m[31m[1m"exec: \"git\": executable file not found in %PATH%"[0m[0m [36mrepo=[0mnginx/nginx-gateway-fabric
[90m1:32AM[0m [32mINF[0m [1mProcessing repo[0m [36mrepo=[0mmakeplane/plane [36mrepo_index=[0m267 [36mtotal_repos=[0m500
[90m1:32AM[0m [32mINF[0m [1mCloning (depth=1)[0m [36mdest=[0m"E:\\helm_clones_artifacthub\\makeplane__plane" [36mrepo=[0mhttps://github.com/makeplane/plane
[90m1:32AM[0m [31mERR[0m [1mClone failed – skipping[0m [36merror=[0m[31m[1m"exec: \"git\": executable file not found in %PATH%"[0m[0m [36mrepo=[0mmakeplane/plane
[90m1:32AM[0m [32mINF[0m [1mProcessing repo[0m [36mrepo=[0mbackube/scribe [36mrepo_index=[0m268 [36mtotal_repos=[0m500
[90m1:32AM[0m [32mINF[0m [1mCloning (depth=1)[0m [36mdest=[0m"E:\\helm_clones_artifacthub\\backube__scribe" [36mrepo=[0mhttps://github.com/backube/scribe
[90m1:32AM[0m [31mERR[0m [1mClone failed – skipping[0m [36merror=[0m[31m[1m"exec: \"git\": executable file not found in %PATH%"[0m[0m [36mrepo=[0mbackube/scribe
[90m1:32AM[0m [32mINF[0m [1mProcessing repo[0m [36mrepo=[0mapache/camel-k [36mrepo_index=[0m269 [36mtotal_repos=[0m500
[90m1:32AM[0m [32mINF[0m [1mCloning (depth=1)[0m [36mdest=[0m"E:\\helm_clones_artifacthub\\apache__camel-k" [36mrepo=[0mhttps://github.com/apache/camel-k
[90m1:32AM[0m [31mERR[0m [1mClone failed – skipping[0m [36merror=[0m[31m[1m"exec: \"git\": executable file not found in %PATH%"[0m[0m [36mrepo=[0mapache/camel-k
[90m1:32AM[0m [32mINF[0m [1mProcessing repo[0m [36mrepo=[0mneuvector/neuvector [36mrepo_index=[0m270 [36mtotal_repos=[0m500
[90m1:32AM[0m [32mINF[0m [1mCloning (depth=1)[0m [36mdest=[0m"E:\\helm_clones_artifacthub\\neuvector__neuvector" [36mrepo=[0mhttps://github.com/neuvector/neuvector
[90m1:32AM[0m [31mERR[0m [1mClone failed – skipping[0m [36merror=[0m[31m[1m"exec: \"git\": executable file not found in %PATH%"[0m[0m [36mrepo=[0mneuvector/neuvector
[90m1:32AM[0m [32mINF[0m [1mProcessing repo[0m [36mrepo=[0mgobwas/glob [36mrepo_index=[0m271 [36mtotal_repos=[0m500
[90m1:32AM[0m [32mINF[0m [1mCloning (depth=1)[0m [36mdest=[0m"E:\\helm_clones_artifacthub\\gobwas__glob" [36mrepo=[0mhttps://github.com/gobwas/glob
[90m1:32AM[0m [31mERR[0m [1mClone failed – skipping[0m [36merror=[0m[31m[1m"exec: \"git\": executable file not found in %PATH%"[0m[0m [36mrepo=[0mgobwas/glob
[90m1:32AM[0m [32mINF[0m [1mProcessing repo[0m [36mrepo=[0mMaikuMori/helm-charts [36mrepo_index=[0m272 [36mtotal_repos=[0m500
[90m1:32AM[0m [32mINF[0m [1mCloning (depth=1)[0m [36mdest=[0m"E:\\helm_clones_artifacthub\\MaikuMori__helm-charts" [36mrepo=[0mhttps://github.com/MaikuMori/helm-charts
[90m1:32AM[0m [31mERR[0m [1mClone failed – skipping[0m [36merror=[0m[31m[1m"exec: \"git\": executable file not found in %PATH%"[0m[0m [36mrepo=[0mMaikuMori/helm-charts
[90m1:32AM[0m [32mINF[0m [1mProcessing repo[0m [36mrepo=[0moauth2-proxy/oauth2-proxy [36mrepo_index=[0m273 [36mtotal_repos=[0m500
[90m1:32AM[0m [32mINF[0m [1mCloning (depth=1)[0m [36mdest=[0m"E:\\helm_clones_artifacthub\\oauth2-proxy__oauth2-proxy" [36mrepo=[0mhttps://github.com/oauth2-proxy/oauth2-proxy
[90m1:32AM[0m [31mERR[0m [1mClone failed – skipping[0m [36merror=[0m[31m[1m"exec: \"git\": executable file not found in %PATH%"[0m[0m [36mrepo=[0moauth2-proxy/oauth2-proxy
[90m1:32AM[0m [32mINF[0m [1mProcessing repo[0m [36mrepo=[0maws/karpenter [36mrepo_index=[0m274 [36mtotal_repos=[0m500
[90m1:32AM[0m [32mINF[0m [1mCloning (depth=1)[0m [36mdest=[0m"E:\\helm_clones_artifacthub\\aws__karpenter" [36mrepo=[0mhttps://github.com/aws/karpenter
[90m1:32AM[0m [31mERR[0m [1mClone failed – skipping[0m [36merror=[0m[31m[1m"exec: \"git\": executable file not found in %PATH%"[0m[0m [36mrepo=[0maws/karpenter
[90m1:32AM[0m [32mINF[0m [1mProcessing repo[0m [36mrepo=[0mnetbirdio/netbird [36mrepo_index=[0m275 [36mtotal_repos=[0m500
[90m1:32AM[0m [32mINF[0m [1mCloning (depth=1)[0m [36mdest=[0m"E:\\helm_clones_artifacthub\\netbirdio__netbird" [36mrepo=[0mhttps://github.com/netbirdio/netbird
[90m1:32AM[0m [31mERR[0m [1mClone failed – skipping[0m [36merror=[0m[31m[1m"exec: \"git\": executable file not found in %PATH%"[0m[0m [36mrepo=[0mnetbirdio/netbird
[90m1:32AM[0m [32mINF[0m [1mProcessing repo[0m [36mrepo=[0moobeyaio/oobeya-helm-chart [36mrepo_index=[0m276 [36mtotal_repos=[0m500
[90m1:32AM[0m [32mINF[0m [1mCloning (depth=1)[0m [36mdest=[0m"E:\\helm_clones_artifacthub\\oobeyaio__oobeya-helm-chart" [36mrepo=[0mhttps://github.com/oobeyaio/oobeya-helm-chart
[90m1:32AM[0m [31mERR[0m [1mClone failed – skipping[0m [36merror=[0m[31m[1m"exec: \"git\": executable file not found in %PATH%"[0m[0m [36mrepo=[0moobeyaio/oobeya-helm-chart
[90m1:32AM[0m [32mINF[0m [1mProcessing repo[0m [36mrepo=[0mopen-policy-agent/opa [36mrepo_index=[0m277 [36mtotal_repos=[0m500
[90m1:32AM[0m [32mINF[0m [1mCloning (depth=1)[0m [36mdest=[0m"E:\\helm_clones_artifacthub\\open-policy-agent__opa" [36mrepo=[0mhttps://github.com/open-policy-agent/opa
[90m1:32AM[0m [31mERR[0m [1mClone failed – skipping[0m [36merror=[0m[31m[1m"exec: \"git\": executable file not found in %PATH%"[0m[0m [36mrepo=[0mopen-policy-agent/opa
[90m1:32AM[0m [32mINF[0m [1mProcessing repo[0m [36mrepo=[0mbedag/helm-charts [36mrepo_index=[0m278 [36mtotal_repos=[0m500
[90m1:32AM[0m [32mINF[0m [1mCloning (depth=1)[0m [36mdest=[0m"E:\\helm_clones_artifacthub\\bedag__helm-charts" [36mrepo=[0mhttps://github.com/bedag/helm-charts
[90m1:32AM[0m [31mERR[0m [1mClone failed – skipping[0m [36merror=[0m[31m[1m"exec: \"git\": executable file not found in %PATH%"[0m[0m [36mrepo=[0mbedag/helm-charts
[90m1:32AM[0m [32mINF[0m [1mProcessing repo[0m [36mrepo=[0moxyno-zeta/helm-charts-v2 [36mrepo_index=[0m279 [36mtotal_repos=[0m500
[90m1:32AM[0m [32mINF[0m [1mCloning (depth=1)[0m [36mdest=[0m"E:\\helm_clones_artifacthub\\oxyno-zeta__helm-charts-v2" [36mrepo=[0mhttps://github.com/oxyno-zeta/helm-charts-v2
[90m1:32AM[0m [31mERR[0m [1mClone failed – skipping[0m [36merror=[0m[31m[1m"exec: \"git\": executable file not found in %PATH%"[0m[0m [36mrepo=[0moxyno-zeta/helm-charts-v2
[90m1:32AM[0m [32mINF[0m [1mProcessing repo[0m [36mrepo=[0mbryopsida/wireguard-chart [36mrepo_index=[0m280 [36mtotal_repos=[0m500
[90m1:32AM[0m [32mINF[0m [1mCloning (depth=1)[0m [36mdest=[0m"E:\\helm_clones_artifacthub\\bryopsida__wireguard-chart" [36mrepo=[0mhttps://github.com/bryopsida/wireguard-chart
[90m1:32AM[0m [31mERR[0m [1mClone failed – skipping[0m [36merror=[0m[31m[1m"exec: \"git\": executable file not found in %PATH%"[0m[0m [36mrepo=[0mbryopsida/wireguard-chart
[90m1:32AM[0m [32mINF[0m [1mProcessing repo[0m [36mrepo=[0mdocker-mailserver/docker-mailserver-helm [36mrepo_index=[0m281 [36mtotal_repos=[0m500
[90m1:32AM[0m [32mINF[0m [1mCloning (depth=1)[0m [36mdest=[0m"E:\\helm_clones_artifacthub\\docker-mailserver__docker-mailserver-helm" [36mrepo=[0mhttps://github.com/docker-mailserver/docker-mailserver-helm
[90m1:32AM[0m [31mERR[0m [1mClone failed – skipping[0m [36merror=[0m[31m[1m"exec: \"git\": executable file not found in %PATH%"[0m[0m [36mrepo=[0mdocker-mailserver/docker-mailserver-helm
[90m1:32AM[0m [32mINF[0m [1mProcessing repo[0m [36mrepo=[0mfalcosecurity/falcosidekick [36mrepo_index=[0m282 [36mtotal_repos=[0m500
[90m1:32AM[0m [32mINF[0m [1mCloning (depth=1)[0m [36mdest=[0m"E:\\helm_clones_artifacthub\\falcosecurity__falcosidekick" [36mrepo=[0mhttps://github.com/falcosecurity/falcosidekick
[90m1:32AM[0m [31mERR[0m [1mClone failed – skipping[0m [36merror=[0m[31m[1m"exec: \"git\": executable file not found in %PATH%"[0m[0m [36mrepo=[0mfalcosecurity/falcosidekick
[90m1:32AM[0m [32mINF[0m [1mProcessing repo[0m [36mrepo=[0mmvisonneau/helm-charts [36mrepo_index=[0m283 [36mtotal_repos=[0m500
[90m1:32AM[0m [32mINF[0m [1mCloning (depth=1)[0m [36mdest=[0m"E:\\helm_clones_artifacthub\\mvisonneau__helm-charts" [36mrepo=[0mhttps://github.com/mvisonneau/helm-charts
[90m1:32AM[0m [31mERR[0m [1mClone failed – skipping[0m [36merror=[0m[31m[1m"exec: \"git\": executable file not found in %PATH%"[0m[0m [36mrepo=[0mmvisonneau/helm-charts
[90m1:32AM[0m [32mINF[0m [1mProcessing repo[0m [36mrepo=[0mNVIDIA/gpu-operator [36mrepo_index=[0m284 [36mtotal_repos=[0m500
[90m1:32AM[0m [32mINF[0m [1mCloning (depth=1)[0m [36mdest=[0m"E:\\helm_clones_artifacthub\\NVIDIA__gpu-operator" [36mrepo=[0mhttps://github.com/NVIDIA/gpu-operator
[90m1:32AM[0m [31mERR[0m [1mClone failed – skipping[0m [36merror=[0m[31m[1m"exec: \"git\": executable file not found in %PATH%"[0m[0m [36mrepo=[0mNVIDIA/gpu-operator
[90m1:32AM[0m [32mINF[0m [1mProcessing repo[0m [36mrepo=[0mmorpheus65535/homeassistant [36mrepo_index=[0m285 [36mtotal_repos=[0m500
[90m1:32AM[0m [32mINF[0m [1mCloning (depth=1)[0m [36mdest=[0m"E:\\helm_clones_artifacthub\\morpheus65535__homeassistant" [36mrepo=[0mhttps://github.com/morpheus65535/homeassistant
[90m1:32AM[0m [31mERR[0m [1mClone failed – skipping[0m [36merror=[0m[31m[1m"exec: \"git\": executable file not found in %PATH%"[0m[0m [36mrepo=[0mmorpheus65535/homeassistant
[90m1:32AM[0m [32mINF[0m [1mProcessing repo[0m [36mrepo=[0mzilliztech/milvus-helm [36mrepo_index=[0m286 [36mtotal_repos=[0m500
[90m1:32AM[0m [32mINF[0m [1mCloning (depth=1)[0m [36mdest=[0m"E:\\helm_clones_artifacthub\\zilliztech__milvus-helm" [36mrepo=[0mhttps://github.com/zilliztech/milvus-helm
[90m1:32AM[0m [31mERR[0m [1mClone failed – skipping[0m [36merror=[0m[31m[1m"exec: \"git\": executable file not found in %PATH%"[0m[0m [36mrepo=[0mzilliztech/milvus-helm
[90m1:32AM[0m [32mINF[0m [1mProcessing repo[0m [36mrepo=[0mAdguardTeam/AdGuardHome [36mrepo_index=[0m287 [36mtotal_repos=[0m500
[90m1:32AM[0m [32mINF[0m [1mCloning (depth=1)[0m [36mdest=[0m"E:\\helm_clones_artifacthub\\AdguardTeam__AdGuardHome" [36mrepo=[0mhttps://github.com/AdguardTeam/AdGuardHome
[90m1:32AM[0m [31mERR[0m [1mClone failed – skipping[0m [36merror=[0m[31m[1m"exec: \"git\": executable file not found in %PATH%"[0m[0m [36mrepo=[0mAdguardTeam/AdGuardHome
[90m1:32AM[0m [32mINF[0m [1mProcessing repo[0m [36mrepo=[0mhaugene/docker-transmission-openvpn [36mrepo_index=[0m288 [36mtotal_repos=[0m500
[90m1:32AM[0m [32mINF[0m [1mCloning (depth=1)[0m [36mdest=[0m"E:\\helm_clones_artifacthub\\haugene__docker-transmission-openvpn" [36mrepo=[0mhttps://github.com/haugene/docker-transmission-openvpn
[90m1:32AM[0m [31mERR[0m [1mClone failed – skipping[0m [36merror=[0m[31m[1m"exec: \"git\": executable file not found in %PATH%"[0m[0m [36mrepo=[0mhaugene/docker-transmission-openvpn
[90m1:32AM[0m [32mINF[0m [1mProcessing repo[0m [36mrepo=[0motwld/velero-ui [36mrepo_index=[0m289 [36mtotal_repos=[0m500
[90m1:32AM[0m [32mINF[0m [1mCloning (depth=1)[0m [36mdest=[0m"E:\\helm_clones_artifacthub\\otwld__velero-ui" [36mrepo=[0mhttps://github.com/otwld/velero-ui
[90m1:32AM[0m [31mERR[0m [1mClone failed – skipping[0m [36merror=[0m[31m[1m"exec: \"git\": executable file not found in %PATH%"[0m[0m [36mrepo=[0motwld/velero-ui
[90m1:32AM[0m [32mINF[0m [1mProcessing repo[0m [36mrepo=[0mwekan/wekan [36mrepo_index=[0m290 [36mtotal_repos=[0m500
[90m1:32AM[0m [32mINF[0m [1mCloning (depth=1)[0m [36mdest=[0m"E:\\helm_clones_artifacthub\\wekan__wekan" [36mrepo=[0mhttps://github.com/wekan/wekan
[90m1:32AM[0m [31mERR[0m [1mClone failed – skipping[0m [36merror=[0m[31m[1m"exec: \"git\": executable file not found in %PATH%"[0m[0m [36mrepo=[0mwekan/wekan
[90m1:32AM[0m [32mINF[0m [1mProcessing repo[0m [36mrepo=[0mbytebase/bytebase [36mrepo_index=[0m291 [36mtotal_repos=[0m500
[90m1:32AM[0m [32mINF[0m [1mCloning (depth=1)[0m [36mdest=[0m"E:\\helm_clones_artifacthub\\bytebase__bytebase" [36mrepo=[0mhttps://github.com/bytebase/bytebase
[90m1:32AM[0m [31mERR[0m [1mClone failed – skipping[0m [36merror=[0m[31m[1m"exec: \"git\": executable file not found in %PATH%"[0m[0m [36mrepo=[0mbytebase/bytebase
[90m1:32AM[0m [32mINF[0m [1mProcessing repo[0m [36mrepo=[0muber/cadence [36mrepo_index=[0m292 [36mtotal_repos=[0m500
[90m1:32AM[0m [32mINF[0m [1mCloning (depth=1)[0m [36mdest=[0m"E:\\helm_clones_artifacthub\\uber__cadence" [36mrepo=[0mhttps://github.com/uber/cadence
[90m1:32AM[0m [31mERR[0m [1mClone failed – skipping[0m [36merror=[0m[31m[1m"exec: \"git\": executable file not found in %PATH%"[0m[0m [36mrepo=[0muber/cadence
[90m1:32AM[0m [32mINF[0m [1mProcessing repo[0m [36mrepo=[0mprojectcontour/helm-charts [36mrepo_index=[0m293 [36mtotal_repos=[0m500
[90m1:32AM[0m [32mINF[0m [1mCloning (depth=1)[0m [36mdest=[0m"E:\\helm_clones_artifacthub\\projectcontour__helm-charts" [36mrepo=[0mhttps://github.com/projectcontour/helm-charts
[90m1:32AM[0m [31mERR[0m [1mClone failed – skipping[0m [36merror=[0m[31m[1m"exec: \"git\": executable file not found in %PATH%"[0m[0m [36mrepo=[0mprojectcontour/helm-charts
[90m1:32AM[0m [32mINF[0m [1mProcessing repo[0m [36mrepo=[0mcontrolplaneio-fluxcd/flux-operator [36mrepo_index=[0m294 [36mtotal_repos=[0m500
[90m1:32AM[0m [32mINF[0m [1mCloning (depth=1)[0m [36mdest=[0m"E:\\helm_clones_artifacthub\\controlplaneio-fluxcd__flux-operator" [36mrepo=[0mhttps://github.com/controlplaneio-fluxcd/flux-operator
[90m1:32AM[0m [31mERR[0m [1mClone failed – skipping[0m [36merror=[0m[31m[1m"exec: \"git\": executable file not found in %PATH%"[0m[0m [36mrepo=[0mcontrolplaneio-fluxcd/flux-operator
[90m1:32AM[0m [32mINF[0m [1mProcessing repo[0m [36mrepo=[0mKurt108/helm-charts [36mrepo_index=[0m295 [36mtotal_repos=[0m500
[90m1:32AM[0m [32mINF[0m [1mCloning (depth=1)[0m [36mdest=[0m"E:\\helm_clones_artifacthub\\Kurt108__helm-charts" [36mrepo=[0mhttps://github.com/Kurt108/helm-charts
[90m1:32AM[0m [31mERR[0m [1mClone failed – skipping[0m [36merror=[0m[31m[1m"exec: \"git\": executable file not found in %PATH%"[0m[0m [36mrepo=[0mKurt108/helm-charts
[90m1:32AM[0m [32mINF[0m [1mProcessing repo[0m [36mrepo=[0mkubescape/kubescape [36mrepo_index=[0m296 [36mtotal_repos=[0m500
[90m1:32AM[0m [32mINF[0m [1mCloning (depth=1)[0m [36mdest=[0m"E:\\helm_clones_artifacthub\\kubescape__kubescape" [36mrepo=[0mhttps://github.com/kubescape/kubescape
[90m1:32AM[0m [31mERR[0m [1mClone failed – skipping[0m [36merror=[0m[31m[1m"exec: \"git\": executable file not found in %PATH%"[0m[0m [36mrepo=[0mkubescape/kubescape
[90m1:32AM[0m [32mINF[0m [1mProcessing repo[0m [36mrepo=[0mkube-vip/helm-charts [36mrepo_index=[0m297 [36mtotal_repos=[0m500
[90m1:32AM[0m [32mINF[0m [1mCloning (depth=1)[0m [36mdest=[0m"E:\\helm_clones_artifacthub\\kube-vip__helm-charts" [36mrepo=[0mhttps://github.com/kube-vip/helm-charts
[90m1:32AM[0m [31mERR[0m [1mClone failed – skipping[0m [36merror=[0m[31m[1m"exec: \"git\": executable file not found in %PATH%"[0m[0m [36mrepo=[0mkube-vip/helm-charts
[90m1:32AM[0m [32mINF[0m [1mProcessing repo[0m [36mrepo=[0mNaPs/helm-charts [36mrepo_index=[0m298 [36mtotal_repos=[0m500
[90m1:32AM[0m [32mINF[0m [1mCloning (depth=1)[0m [36mdest=[0m"E:\\helm_clones_artifacthub\\NaPs__helm-charts" [36mrepo=[0mhttps://github.com/NaPs/helm-charts
[90m1:32AM[0m [31mERR[0m [1mClone failed – skipping[0m [36merror=[0m[31m[1m"exec: \"git\": executable file not found in %PATH%"[0m[0m [36mrepo=[0mNaPs/helm-charts
[90m1:32AM[0m [32mINF[0m [1mProcessing repo[0m [36mrepo=[0mjuice-shop/multi-juicer [36mrepo_index=[0m299 [36mtotal_repos=[0m500
[90m1:32AM[0m [32mINF[0m [1mCloning (depth=1)[0m [36mdest=[0m"E:\\helm_clones_artifacthub\\juice-shop__multi-juicer" [36mrepo=[0mhttps://github.com/juice-shop/multi-juicer
[90m1:32AM[0m [31mERR[0m [1mClone failed – skipping[0m [36merror=[0m[31m[1m"exec: \"git\": executable file not found in %PATH%"[0m[0m [36mrepo=[0mjuice-shop/multi-juicer
[90m1:32AM[0m [32mINF[0m [1mProcessing repo[0m [36mrepo=[0mmysql/mysql-operator [36mrepo_index=[0m300 [36mtotal_repos=[0m500
[90m1:32AM[0m [32mINF[0m [1mCloning (depth=1)[0m [36mdest=[0m"E:\\helm_clones_artifacthub\\mysql__mysql-operator" [36mrepo=[0mhttps://github.com/mysql/mysql-operator
[90m1:32AM[0m [31mERR[0m [1mClone failed – skipping[0m [36merror=[0m[31m[1m"exec: \"git\": executable file not found in %PATH%"[0m[0m [36mrepo=[0mmysql/mysql-operator
[90m1:32AM[0m [32mINF[0m [1mProcessing repo[0m [36mrepo=[0mthanos-io/thanos [36mrepo_index=[0m301 [36mtotal_repos=[0m500
[90m1:32AM[0m [32mINF[0m [1mCloning (depth=1)[0m [36mdest=[0m"E:\\helm_clones_artifacthub\\thanos-io__thanos" [36mrepo=[0mhttps://github.com/thanos-io/thanos
[90m1:32AM[0m [31mERR[0m [1mClone failed – skipping[0m [36merror=[0m[31m[1m"exec: \"git\": executable file not found in %PATH%"[0m[0m [36mrepo=[0mthanos-io/thanos
[90m1:32AM[0m [32mINF[0m [1mProcessing repo[0m [36mrepo=[0mot-container-kit/redis-operator [36mrepo_index=[0m302 [36mtotal_repos=[0m500
[90m1:32AM[0m [32mINF[0m [1mCloning (depth=1)[0m [36mdest=[0m"E:\\helm_clones_artifacthub\\ot-container-kit__redis-operator" [36mrepo=[0mhttps://github.com/ot-container-kit/redis-operator
[90m1:32AM[0m [31mERR[0m [1mClone failed – skipping[0m [36merror=[0m[31m[1m"exec: \"git\": executable file not found in %PATH%"[0m[0m [36mrepo=[0mot-container-kit/redis-operator
[90m1:32AM[0m [32mINF[0m [1mProcessing repo[0m [36mrepo=[0mitboon/rocketmq-helm [36mrepo_index=[0m303 [36mtotal_repos=[0m500
[90m1:32AM[0m [32mINF[0m [1mCloning (depth=1)[0m [36mdest=[0m"E:\\helm_clones_artifacthub\\itboon__rocketmq-helm" [36mrepo=[0mhttps://github.com/itboon/rocketmq-helm
[90m1:32AM[0m [31mERR[0m [1mClone failed – skipping[0m [36merror=[0m[31m[1m"exec: \"git\": executable file not found in %PATH%"[0m[0m [36mrepo=[0mitboon/rocketmq-helm
[90m1:32AM[0m [32mINF[0m [1mProcessing repo[0m [36mrepo=[0msentry-kubernetes/charts [36mrepo_index=[0m304 [36mtotal_repos=[0m500
[90m1:32AM[0m [32mINF[0m [1mCloning (depth=1)[0m [36mdest=[0m"E:\\helm_clones_artifacthub\\sentry-kubernetes__charts" [36mrepo=[0mhttps://github.com/sentry-kubernetes/charts
[90m1:32AM[0m [31mERR[0m [1mClone failed – skipping[0m [36merror=[0m[31m[1m"exec: \"git\": executable file not found in %PATH%"[0m[0m [36mrepo=[0msentry-kubernetes/charts
[90m1:32AM[0m [32mINF[0m [1mProcessing repo[0m [36mrepo=[0msmallstep/step-issuer [36mrepo_index=[0m305 [36mtotal_repos=[0m500
[90m1:32AM[0m [32mINF[0m [1mCloning (depth=1)[0m [36mdest=[0m"E:\\helm_clones_artifacthub\\smallstep__step-issuer" [36mrepo=[0mhttps://github.com/smallstep/step-issuer
[90m1:32AM[0m [31mERR[0m [1mClone failed – skipping[0m [36merror=[0m[31m[1m"exec: \"git\": executable file not found in %PATH%"[0m[0m [36mrepo=[0msmallstep/step-issuer
[90m1:32AM[0m [32mINF[0m [1mProcessing repo[0m [36mrepo=[0mapache/incubator-superset [36mrepo_index=[0m306 [36mtotal_repos=[0m500
[90m1:32AM[0m [32mINF[0m [1mCloning (depth=1)[0m [36mdest=[0m"E:\\helm_clones_artifacthub\\apache__incubator-superset" [36mrepo=[0mhttps://github.com/apache/incubator-superset
[90m1:32AM[0m [31mERR[0m [1mClone failed – skipping[0m [36merror=[0m[31m[1m"exec: \"git\": executable file not found in %PATH%"[0m[0m [36mrepo=[0mapache/incubator-superset
[90m1:32AM[0m [32mINF[0m [1mProcessing repo[0m [36mrepo=[0mwoodpecker-ci/woodpecker [36mrepo_index=[0m307 [36mtotal_repos=[0m500
[90m1:32AM[0m [32mINF[0m [1mCloning (depth=1)[0m [36mdest=[0m"E:\\helm_clones_artifacthub\\woodpecker-ci__woodpecker" [36mrepo=[0mhttps://github.com/woodpecker-ci/woodpecker
[90m1:32AM[0m [31mERR[0m [1mClone failed – skipping[0m [36merror=[0m[31m[1m"exec: \"git\": executable file not found in %PATH%"[0m[0m [36mrepo=[0mwoodpecker-ci/woodpecker
[90m1:32AM[0m [32mINF[0m [1mProcessing repo[0m [36mrepo=[0mopenzipkin/zipkin [36mrepo_index=[0m308 [36mtotal_repos=[0m500
[90m1:32AM[0m [32mINF[0m [1mCloning (depth=1)[0m [36mdest=[0m"E:\\helm_clones_artifacthub\\openzipkin__zipkin" [36mrepo=[0mhttps://github.com/openzipkin/zipkin
[90m1:32AM[0m [31mERR[0m [1mClone failed – skipping[0m [36merror=[0m[31m[1m"exec: \"git\": executable file not found in %PATH%"[0m[0m [36mrepo=[0mopenzipkin/zipkin
[90m1:32AM[0m [32mINF[0m [1mProcessing repo[0m [36mrepo=[0mauthelia/chartrepo [36mrepo_index=[0m309 [36mtotal_repos=[0m500
[90m1:32AM[0m [32mINF[0m [1mCloning (depth=1)[0m [36mdest=[0m"E:\\helm_clones_artifacthub\\authelia__chartrepo" [36mrepo=[0mhttps://github.com/authelia/chartrepo
[90m1:32AM[0m [31mERR[0m [1mClone failed – skipping[0m [36merror=[0m[31m[1m"exec: \"git\": executable file not found in %PATH%"[0m[0m [36mrepo=[0mauthelia/chartrepo
[90m1:32AM[0m [32mINF[0m [1mProcessing repo[0m [36mrepo=[0mcodefresh-io/venona [36mrepo_index=[0m310 [36mtotal_repos=[0m500
[90m1:32AM[0m [32mINF[0m [1mCloning (depth=1)[0m [36mdest=[0m"E:\\helm_clones_artifacthub\\codefresh-io__venona" [36mrepo=[0mhttps://github.com/codefresh-io/venona
[90m1:32AM[0m [31mERR[0m [1mClone failed – skipping[0m [36merror=[0m[31m[1m"exec: \"git\": executable file not found in %PATH%"[0m[0m [36mrepo=[0mcodefresh-io/venona
[90m1:32AM[0m [32mINF[0m [1mProcessing repo[0m [36mrepo=[0mhivemq/helm-charts [36mrepo_index=[0m311 [36mtotal_repos=[0m500
[90m1:32AM[0m [32mINF[0m [1mCloning (depth=1)[0m [36mdest=[0m"E:\\helm_clones_artifacthub\\hivemq__helm-charts" [36mrepo=[0mhttps://github.com/hivemq/helm-charts
[90m1:32AM[0m [31mERR[0m [1mClone failed – skipping[0m [36merror=[0m[31m[1m"exec: \"git\": executable file not found in %PATH%"[0m[0m [36mrepo=[0mhivemq/helm-charts
[90m1:32AM[0m [32mINF[0m [1mProcessing repo[0m [36mrepo=[0melement-hq/synapse [36mrepo_index=[0m312 [36mtotal_repos=[0m500
[90m1:32AM[0m [32mINF[0m [1mCloning (depth=1)[0m [36mdest=[0m"E:\\helm_clones_artifacthub\\element-hq__synapse" [36mrepo=[0mhttps://github.com/element-hq/synapse
[90m1:32AM[0m [31mERR[0m [1mClone failed – skipping[0m [36merror=[0m[31m[1m"exec: \"git\": executable file not found in %PATH%"[0m[0m [36mrepo=[0melement-hq/synapse
[90m1:32AM[0m [32mINF[0m [1mProcessing repo[0m [36mrepo=[0mSumoLogic/tailing-sidecar [36mrepo_index=[0m313 [36mtotal_repos=[0m500
[90m1:32AM[0m [32mINF[0m [1mCloning (depth=1)[0m [36mdest=[0m"E:\\helm_clones_artifacthub\\SumoLogic__tailing-sidecar" [36mrepo=[0mhttps://github.com/SumoLogic/tailing-sidecar
[90m1:32AM[0m [31mERR[0m [1mClone failed – skipping[0m [36merror=[0m[31m[1m"exec: \"git\": executable file not found in %PATH%"[0m[0m [36mrepo=[0mSumoLogic/tailing-sidecar
[90m1:32AM[0m [32mINF[0m [1mProcessing repo[0m [36mrepo=[0mhashicorp/waypoint [36mrepo_index=[0m314 [36mtotal_repos=[0m500
[90m1:32AM[0m [32mINF[0m [1mCloning (depth=1)[0m [36mdest=[0m"E:\\helm_clones_artifacthub\\hashicorp__waypoint" [36mrepo=[0mhttps://github.com/hashicorp/waypoint
[90m1:32AM[0m [31mERR[0m [1mClone failed – skipping[0m [36merror=[0m[31m[1m"exec: \"git\": executable file not found in %PATH%"[0m[0m [36mrepo=[0mhashicorp/waypoint
[90m1:32AM[0m [32mINF[0m [1mProcessing repo[0m [36mrepo=[0maklivity/zilla [36mrepo_index=[0m315 [36mtotal_repos=[0m500
[90m1:32AM[0m [32mINF[0m [1mCloning (depth=1)[0m [36mdest=[0m"E:\\helm_clones_artifacthub\\aklivity__zilla" [36mrepo=[0mhttps://github.com/aklivity/zilla
[90m1:32AM[0m [31mERR[0m [1mClone failed – skipping[0m [36merror=[0m[31m[1m"exec: \"git\": executable file not found in %PATH%"[0m[0m [36mrepo=[0maklivity/zilla
[90m1:32AM[0m [32mINF[0m [1mProcessing repo[0m [36mrepo=[0mkubelauncher/charts [36mrepo_index=[0m316 [36mtotal_repos=[0m500
[90m1:32AM[0m [32mINF[0m [1mCloning (depth=1)[0m [36mdest=[0m"E:\\helm_clones_artifacthub\\kubelauncher__charts" [36mrepo=[0mhttps://github.com/kubelauncher/charts
[90m1:32AM[0m [31mERR[0m [1mClone failed – skipping[0m [36merror=[0m[31m[1m"exec: \"git\": executable file not found in %PATH%"[0m[0m [36mrepo=[0mkubelauncher/charts
[90m1:32AM[0m [32mINF[0m [1mProcessing repo[0m [36mrepo=[0mAureum-Cloud/Cloudflare-DDNS [36mrepo_index=[0m317 [36mtotal_repos=[0m500
[90m1:32AM[0m [32mINF[0m [1mCloning (depth=1)[0m [36mdest=[0m"E:\\helm_clones_artifacthub\\Aureum-Cloud__Cloudflare-DDNS" [36mrepo=[0mhttps://github.com/Aureum-Cloud/Cloudflare-DDNS
[90m1:32AM[0m [31mERR[0m [1mClone failed – skipping[0m [36merror=[0m[31m[1m"exec: \"git\": executable file not found in %PATH%"[0m[0m [36mrepo=[0mAureum-Cloud/Cloudflare-DDNS
[90m1:32AM[0m [32mINF[0m [1mProcessing repo[0m [36mrepo=[0mAzure/secrets-store-csi-driver-provider-azure [36mrepo_index=[0m318 [36mtotal_repos=[0m500
[90m1:32AM[0m [32mINF[0m [1mCloning (depth=1)[0m [36mdest=[0m"E:\\helm_clones_artifacthub\\Azure__secrets-store-csi-driver-provider-azure" [36mrepo=[0mhttps://github.com/Azure/secrets-store-csi-driver-provider-azure
[90m1:32AM[0m [31mERR[0m [1mClone failed – skipping[0m [36merror=[0m[31m[1m"exec: \"git\": executable file not found in %PATH%"[0m[0m [36mrepo=[0mAzure/secrets-store-csi-driver-provider-azure
[90m1:32AM[0m [32mINF[0m [1mProcessing repo[0m [36mrepo=[0mmintel/dex-k8s-authenticator [36mrepo_index=[0m319 [36mtotal_repos=[0m500
[90m1:32AM[0m [32mINF[0m [1mCloning (depth=1)[0m [36mdest=[0m"E:\\helm_clones_artifacthub\\mintel__dex-k8s-authenticator" [36mrepo=[0mhttps://github.com/mintel/dex-k8s-authenticator
[90m1:32AM[0m [31mERR[0m [1mClone failed – skipping[0m [36merror=[0m[31m[1m"exec: \"git\": executable file not found in %PATH%"[0m[0m [36mrepo=[0mmintel/dex-k8s-authenticator
[90m1:32AM[0m [32mINF[0m [1mProcessing repo[0m [36mrepo=[0mJoxit/docker-registry-ui [36mrepo_index=[0m320 [36mtotal_repos=[0m500
[90m1:32AM[0m [32mINF[0m [1mCloning (depth=1)[0m [36mdest=[0m"E:\\helm_clones_artifacthub\\Joxit__docker-registry-ui" [36mrepo=[0mhttps://github.com/Joxit/docker-registry-ui
[90m1:32AM[0m [31mERR[0m [1mClone failed – skipping[0m [36merror=[0m[31m[1m"exec: \"git\": executable file not found in %PATH%"[0m[0m [36mrepo=[0mJoxit/docker-registry-ui
[90m1:32AM[0m [32mINF[0m [1mProcessing repo[0m [36mrepo=[0mapache/doris [36mrepo_index=[0m321 [36mtotal_repos=[0m500
[90m1:32AM[0m [32mINF[0m [1mCloning (depth=1)[0m [36mdest=[0m"E:\\helm_clones_artifacthub\\apache__doris" [36mrepo=[0mhttps://github.com/apache/doris
[90m1:32AM[0m [31mERR[0m [1mClone failed – skipping[0m [36merror=[0m[31m[1m"exec: \"git\": executable file not found in %PATH%"[0m[0m [36mrepo=[0mapache/doris
[90m1:32AM[0m [32mINF[0m [1mProcessing repo[0m [36mrepo=[0masdf2014/druid-helm [36mrepo_index=[0m322 [36mtotal_repos=[0m500
[90m1:32AM[0m [32mINF[0m [1mCloning (depth=1)[0m [36mdest=[0m"E:\\helm_clones_artifacthub\\asdf2014__druid-helm" [36mrepo=[0mhttps://github.com/asdf2014/druid-helm
[90m1:32AM[0m [31mERR[0m [1mClone failed – skipping[0m [36merror=[0m[31m[1m"exec: \"git\": executable file not found in %PATH%"[0m[0m [36mrepo=[0masdf2014/druid-helm
[90m1:32AM[0m [32mINF[0m [1mProcessing repo[0m [36mrepo=[0mkubelauncher/docker [36mrepo_index=[0m323 [36mtotal_repos=[0m500
[90m1:32AM[0m [32mINF[0m [1mCloning (depth=1)[0m [36mdest=[0m"E:\\helm_clones_artifacthub\\kubelauncher__docker" [36mrepo=[0mhttps://github.com/kubelauncher/docker
[90m1:32AM[0m [31mERR[0m [1mClone failed – skipping[0m [36merror=[0m[31m[1m"exec: \"git\": executable file not found in %PATH%"[0m[0m [36mrepo=[0mkubelauncher/docker
[90m1:32AM[0m [32mINF[0m [1mProcessing repo[0m [36mrepo=[0mexcalidraw/excalidraw [36mrepo_index=[0m324 [36mtotal_repos=[0m500
[90m1:32AM[0m [32mINF[0m [1mCloning (depth=1)[0m [36mdest=[0m"E:\\helm_clones_artifacthub\\excalidraw__excalidraw" [36mrepo=[0mhttps://github.com/excalidraw/excalidraw
[90m1:32AM[0m [31mERR[0m [1mClone failed – skipping[0m [36merror=[0m[31m[1m"exec: \"git\": executable file not found in %PATH%"[0m[0m [36mrepo=[0mexcalidraw/excalidraw
[90m1:32AM[0m [32mINF[0m [1mProcessing repo[0m [36mrepo=[0mgrafana/tempo [36mrepo_index=[0m325 [36mtotal_repos=[0m500
[90m1:32AM[0m [32mINF[0m [1mCloning (depth=1)[0m [36mdest=[0m"E:\\helm_clones_artifacthub\\grafana__tempo" [36mrepo=[0mhttps://github.com/grafana/tempo
[90m1:32AM[0m [31mERR[0m [1mClone failed – skipping[0m [36merror=[0m[31m[1m"exec: \"git\": executable file not found in %PATH%"[0m[0m [36mrepo=[0mgrafana/tempo
[90m1:32AM[0m [32mINF[0m [1mProcessing repo[0m [36mrepo=[0mhansehe/jaeger-all-in-one [36mrepo_index=[0m326 [36mtotal_repos=[0m500
[90m1:32AM[0m [32mINF[0m [1mCloning (depth=1)[0m [36mdest=[0m"E:\\helm_clones_artifacthub\\hansehe__jaeger-all-in-one" [36mrepo=[0mhttps://github.com/hansehe/jaeger-all-in-one
[90m1:32AM[0m [31mERR[0m [1mClone failed – skipping[0m [36merror=[0m[31m[1m"exec: \"git\": executable file not found in %PATH%"[0m[0m [36mrepo=[0mhansehe/jaeger-all-in-one
[90m1:32AM[0m [32mINF[0m [1mProcessing repo[0m [36mrepo=[0mapecloud/kubeblocks [36mrepo_index=[0m327 [36mtotal_repos=[0m500
[90m1:32AM[0m [32mINF[0m [1mCloning (depth=1)[0m [36mdest=[0m"E:\\helm_clones_artifacthub\\apecloud__kubeblocks" [36mrepo=[0mhttps://github.com/apecloud/kubeblocks
[90m1:32AM[0m [31mERR[0m [1mClone failed – skipping[0m [36merror=[0m[31m[1m"exec: \"git\": executable file not found in %PATH%"[0m[0m [36mrepo=[0mapecloud/kubeblocks
[90m1:32AM[0m [32mINF[0m [1mProcessing repo[0m [36mrepo=[0mkumahq/kuma [36mrepo_index=[0m328 [36mtotal_repos=[0m500
[90m1:32AM[0m [32mINF[0m [1mCloning (depth=1)[0m [36mdest=[0m"E:\\helm_clones_artifacthub\\kumahq__kuma" [36mrepo=[0mhttps://github.com/kumahq/kuma
[90m1:32AM[0m [31mERR[0m [1mClone failed – skipping[0m [36merror=[0m[31m[1m"exec: \"git\": executable file not found in %PATH%"[0m[0m [36mrepo=[0mkumahq/kuma
[90m1:32AM[0m [32mINF[0m [1mProcessing repo[0m [36mrepo=[0mlakekeeper/lakekeeper [36mrepo_index=[0m329 [36mtotal_repos=[0m500
[90m1:32AM[0m [32mINF[0m [1mCloning (depth=1)[0m [36mdest=[0m"E:\\helm_clones_artifacthub\\lakekeeper__lakekeeper" [36mrepo=[0mhttps://github.com/lakekeeper/lakekeeper
[90m1:32AM[0m [31mERR[0m [1mClone failed – skipping[0m [36merror=[0m[31m[1m"exec: \"git\": executable file not found in %PATH%"[0m[0m [36mrepo=[0mlakekeeper/lakekeeper
[90m1:32AM[0m [32mINF[0m [1mProcessing repo[0m [36mrepo=[0mone-acre-fund/oaf-public-charts [36mrepo_index=[0m330 [36mtotal_repos=[0m500
[90m1:32AM[0m [32mINF[0m [1mCloning (depth=1)[0m [36mdest=[0m"E:\\helm_clones_artifacthub\\one-acre-fund__oaf-public-charts" [36mrepo=[0mhttps://github.com/one-acre-fund/oaf-public-charts
[90m1:32AM[0m [31mERR[0m [1mClone failed – skipping[0m [36merror=[0m[31m[1m"exec: \"git\": executable file not found in %PATH%"[0m[0m [36mrepo=[0mone-acre-fund/oaf-public-charts
[90m1:32AM[0m [32mINF[0m [1mProcessing repo[0m [36mrepo=[0mPaperMC/Waterfall [36mrepo_index=[0m331 [36mtotal_repos=[0m500
[90m1:32AM[0m [32mINF[0m [1mCloning (depth=1)[0m [36mdest=[0m"E:\\helm_clones_artifacthub\\PaperMC__Waterfall" [36mrepo=[0mhttps://github.com/PaperMC/Waterfall
[90m1:32AM[0m [31mERR[0m [1mClone failed – skipping[0m [36merror=[0m[31m[1m"exec: \"git\": executable file not found in %PATH%"[0m[0m [36mrepo=[0mPaperMC/Waterfall
[90m1:32AM[0m [32mINF[0m [1mProcessing repo[0m [36mrepo=[0mkubernetes/helm [36mrepo_index=[0m332 [36mtotal_repos=[0m500
[90m1:32AM[0m [32mINF[0m [1mCloning (depth=1)[0m [36mdest=[0m"E:\\helm_clones_artifacthub\\kubernetes__helm" [36mrepo=[0mhttps://github.com/kubernetes/helm
[90m1:32AM[0m [31mERR[0m [1mClone failed – skipping[0m [36merror=[0m[31m[1m"exec: \"git\": executable file not found in %PATH%"[0m[0m [36mrepo=[0mkubernetes/helm
[90m1:32AM[0m [32mINF[0m [1mProcessing repo[0m [36mrepo=[0mopenbao/openbao-helm [36mrepo_index=[0m333 [36mtotal_repos=[0m500
[90m1:32AM[0m [32mINF[0m [1mCloning (depth=1)[0m [36mdest=[0m"E:\\helm_clones_artifacthub\\openbao__openbao-helm" [36mrepo=[0mhttps://github.com/openbao/openbao-helm
[90m1:32AM[0m [31mERR[0m [1mClone failed – skipping[0m [36merror=[0m[31m[1m"exec: \"git\": executable file not found in %PATH%"[0m[0m [36mrepo=[0mopenbao/openbao-helm
[90m1:32AM[0m [32mINF[0m [1mProcessing repo[0m [36mrepo=[0mlinuxserver/docker-plex [36mrepo_index=[0m334 [36mtotal_repos=[0m500
[90m1:32AM[0m [32mINF[0m [1mCloning (depth=1)[0m [36mdest=[0m"E:\\helm_clones_artifacthub\\linuxserver__docker-plex" [36mrepo=[0mhttps://github.com/linuxserver/docker-plex
[90m1:32AM[0m [31mERR[0m [1mClone failed – skipping[0m [36merror=[0m[31m[1m"exec: \"git\": executable file not found in %PATH%"[0m[0m [36mrepo=[0mlinuxserver/docker-plex
[90m1:32AM[0m [32mINF[0m [1mProcessing repo[0m [36mrepo=[0manza-labs/charts [36mrepo_index=[0m335 [36mtotal_repos=[0m500
[90m1:32AM[0m [32mINF[0m [1mCloning (depth=1)[0m [36mdest=[0m"E:\\helm_clones_artifacthub\\anza-labs__charts" [36mrepo=[0mhttps://github.com/anza-labs/charts
[90m1:32AM[0m [31mERR[0m [1mClone failed – skipping[0m [36merror=[0m[31m[1m"exec: \"git\": executable file not found in %PATH%"[0m[0m [36mrepo=[0manza-labs/charts
[90m1:32AM[0m [32mINF[0m [1mProcessing repo[0m [36mrepo=[0marldka/helm-charts [36mrepo_index=[0m336 [36mtotal_repos=[0m500
[90m1:32AM[0m [32mINF[0m [1mCloning (depth=1)[0m [36mdest=[0m"E:\\helm_clones_artifacthub\\arldka__helm-charts" [36mrepo=[0mhttps://github.com/arldka/helm-charts
[90m1:32AM[0m [31mERR[0m [1mClone failed – skipping[0m [36merror=[0m[31m[1m"exec: \"git\": executable file not found in %PATH%"[0m[0m [36mrepo=[0marldka/helm-charts
[90m1:32AM[0m [32mINF[0m [1mProcessing repo[0m [36mrepo=[0mprometheus-community/stackdriver_exporter [36mrepo_index=[0m337 [36mtotal_repos=[0m500
[90m1:32AM[0m [32mINF[0m [1mCloning (depth=1)[0m [36mdest=[0m"E:\\helm_clones_artifacthub\\prometheus-community__stackdriver_exporter" [36mrepo=[0mhttps://github.com/prometheus-community/stackdriver_exporter
[90m1:32AM[0m [31mERR[0m [1mClone failed – skipping[0m [36merror=[0m[31m[1m"exec: \"git\": executable file not found in %PATH%"[0m[0m [36mrepo=[0mprometheus-community/stackdriver_exporter
[90m1:32AM[0m [32mINF[0m [1mProcessing repo[0m [36mrepo=[0mpree/helm-charts [36mrepo_index=[0m338 [36mtotal_repos=[0m500
[90m1:32AM[0m [32mINF[0m [1mCloning (depth=1)[0m [36mdest=[0m"E:\\helm_clones_artifacthub\\pree__helm-charts" [36mrepo=[0mhttps://github.com/pree/helm-charts
[90m1:32AM[0m [31mERR[0m [1mClone failed – skipping[0m [36merror=[0m[31m[1m"exec: \"git\": executable file not found in %PATH%"[0m[0m [36mrepo=[0mpree/helm-charts
[90m1:32AM[0m [32mINF[0m [1mProcessing repo[0m [36mrepo=[0martur9010/charts [36mrepo_index=[0m339 [36mtotal_repos=[0m500
[90m1:32AM[0m [32mINF[0m [1mCloning (depth=1)[0m [36mdest=[0m"E:\\helm_clones_artifacthub\\artur9010__charts" [36mrepo=[0mhttps://github.com/artur9010/charts
[90m1:32AM[0m [31mERR[0m [1mClone failed – skipping[0m [36merror=[0m[31m[1m"exec: \"git\": executable file not found in %PATH%"[0m[0m [36mrepo=[0martur9010/charts
[90m1:32AM[0m [32mINF[0m [1mProcessing repo[0m [36mrepo=[0mstevehipwell/helm-charts [36mrepo_index=[0m340 [36mtotal_repos=[0m500
[90m1:32AM[0m [32mINF[0m [1mCloning (depth=1)[0m [36mdest=[0m"E:\\helm_clones_artifacthub\\stevehipwell__helm-charts" [36mrepo=[0mhttps://github.com/stevehipwell/helm-charts
[90m1:32AM[0m [31mERR[0m [1mClone failed – skipping[0m [36merror=[0m[31m[1m"exec: \"git\": executable file not found in %PATH%"[0m[0m [36mrepo=[0mstevehipwell/helm-charts
[90m1:32AM[0m [32mINF[0m [1mProcessing repo[0m [36mrepo=[0mAltinity/clickhouse-operator [36mrepo_index=[0m341 [36mtotal_repos=[0m500
[90m1:32AM[0m [32mINF[0m [1mCloning (depth=1)[0m [36mdest=[0m"E:\\helm_clones_artifacthub\\Altinity__clickhouse-operator" [36mrepo=[0mhttps://github.com/Altinity/clickhouse-operator
[90m1:32AM[0m [31mERR[0m [1mClone failed – skipping[0m [36merror=[0m[31m[1m"exec: \"git\": executable file not found in %PATH%"[0m[0m [36mrepo=[0mAltinity/clickhouse-operator
[90m1:32AM[0m [32mINF[0m [1mProcessing repo[0m [36mrepo=[0mgrafana/beyla [36mrepo_index=[0m342 [36mtotal_repos=[0m500
[90m1:32AM[0m [32mINF[0m [1mCloning (depth=1)[0m [36mdest=[0m"E:\\helm_clones_artifacthub\\grafana__beyla" [36mrepo=[0mhttps://github.com/grafana/beyla
[90m1:32AM[0m [31mERR[0m [1mClone failed – skipping[0m [36merror=[0m[31m[1m"exec: \"git\": executable file not found in %PATH%"[0m[0m [36mrepo=[0mgrafana/beyla
[90m1:32AM[0m [32mINF[0m [1mProcessing repo[0m [36mrepo=[0mhelm/charts [36mrepo_index=[0m343 [36mtotal_repos=[0m500
[90m1:32AM[0m [32mINF[0m [1mCloning (depth=1)[0m [36mdest=[0m"E:\\helm_clones_artifacthub\\helm__charts" [36mrepo=[0mhttps://github.com/helm/charts
[90m1:32AM[0m [31mERR[0m [1mClone failed – skipping[0m [36merror=[0m[31m[1m"exec: \"git\": executable file not found in %PATH%"[0m[0m [36mrepo=[0mhelm/charts
[90m1:32AM[0m [32mINF[0m [1mProcessing repo[0m [36mrepo=[0mhelm/helm [36mrepo_index=[0m344 [36mtotal_repos=[0m500
[90m1:32AM[0m [32mINF[0m [1mCloning (depth=1)[0m [36mdest=[0m"E:\\helm_clones_artifacthub\\helm__helm" [36mrepo=[0mhttps://github.com/helm/helm
[90m1:32AM[0m [31mERR[0m [1mClone failed – skipping[0m [36merror=[0m[31m[1m"exec: \"git\": executable file not found in %PATH%"[0m[0m [36mrepo=[0mhelm/helm
[90m1:32AM[0m [32mINF[0m [1mProcessing repo[0m [36mrepo=[0mcube-js/cube.js [36mrepo_index=[0m345 [36mtotal_repos=[0m500
[90m1:32AM[0m [32mINF[0m [1mCloning (depth=1)[0m [36mdest=[0m"E:\\helm_clones_artifacthub\\cube-js__cube.js" [36mrepo=[0mhttps://github.com/cube-js/cube.js
[90m1:32AM[0m [31mERR[0m [1mClone failed – skipping[0m [36merror=[0m[31m[1m"exec: \"git\": executable file not found in %PATH%"[0m[0m [36mrepo=[0mcube-js/cube.js
[90m1:32AM[0m [32mINF[0m [1mProcessing repo[0m [36mrepo=[0mvector-im/element-web [36mrepo_index=[0m346 [36mtotal_repos=[0m500
[90m1:32AM[0m [32mINF[0m [1mCloning (depth=1)[0m [36mdest=[0m"E:\\helm_clones_artifacthub\\vector-im__element-web" [36mrepo=[0mhttps://github.com/vector-im/element-web
[90m1:32AM[0m [31mERR[0m [1mClone failed – skipping[0m [36merror=[0m[31m[1m"exec: \"git\": executable file not found in %PATH%"[0m[0m [36mrepo=[0mvector-im/element-web
[90m1:32AM[0m [32mINF[0m [1mProcessing repo[0m [36mrepo=[0mblakeblackshear/frigate [36mrepo_index=[0m347 [36mtotal_repos=[0m500
[90m1:32AM[0m [32mINF[0m [1mCloning (depth=1)[0m [36mdest=[0m"E:\\helm_clones_artifacthub\\blakeblackshear__frigate" [36mrepo=[0mhttps://github.com/blakeblackshear/frigate
[90m1:32AM[0m [31mERR[0m [1mClone failed – skipping[0m [36merror=[0m[31m[1m"exec: \"git\": executable file not found in %PATH%"[0m[0m [36mrepo=[0mblakeblackshear/frigate
[90m1:32AM[0m [32mINF[0m [1mProcessing repo[0m [36mrepo=[0mGradiant/charts [36mrepo_index=[0m348 [36mtotal_repos=[0m500
[90m1:32AM[0m [32mINF[0m [1mCloning (depth=1)[0m [36mdest=[0m"E:\\helm_clones_artifacthub\\Gradiant__charts" [36mrepo=[0mhttps://github.com/Gradiant/charts
[90m1:32AM[0m [31mERR[0m [1mClone failed – skipping[0m [36merror=[0m[31m[1m"exec: \"git\": executable file not found in %PATH%"[0m[0m [36mrepo=[0mGradiant/charts
[90m1:32AM[0m [32mINF[0m [1mProcessing repo[0m [36mrepo=[0mMaastrichtU-IDS/dsri-helm-charts [36mrepo_index=[0m349 [36mtotal_repos=[0m500
[90m1:32AM[0m [32mINF[0m [1mCloning (depth=1)[0m [36mdest=[0m"E:\\helm_clones_artifacthub\\MaastrichtU-IDS__dsri-helm-charts" [36mrepo=[0mhttps://github.com/MaastrichtU-IDS/dsri-helm-charts
[90m1:32AM[0m [31mERR[0m [1mClone failed – skipping[0m [36merror=[0m[31m[1m"exec: \"git\": executable file not found in %PATH%"[0m[0m [36mrepo=[0mMaastrichtU-IDS/dsri-helm-charts
[90m1:32AM[0m [32mINF[0m [1mProcessing repo[0m [36mrepo=[0makuity/kargo [36mrepo_index=[0m350 [36mtotal_repos=[0m500
[90m1:32AM[0m [32mINF[0m [1mCloning (depth=1)[0m [36mdest=[0m"E:\\helm_clones_artifacthub\\akuity__kargo" [36mrepo=[0mhttps://github.com/akuity/kargo
[90m1:32AM[0m [31mERR[0m [1mClone failed – skipping[0m [36merror=[0m[31m[1m"exec: \"git\": executable file not found in %PATH%"[0m[0m [36mrepo=[0makuity/kargo
[90m1:32AM[0m [32mINF[0m [1mProcessing repo[0m [36mrepo=[0mcoreos/kube-prometheus [36mrepo_index=[0m351 [36mtotal_repos=[0m500
[90m1:32AM[0m [32mINF[0m [1mCloning (depth=1)[0m [36mdest=[0m"E:\\helm_clones_artifacthub\\coreos__kube-prometheus" [36mrepo=[0mhttps://github.com/coreos/kube-prometheus
[90m1:32AM[0m [31mERR[0m [1mClone failed – skipping[0m [36merror=[0m[31m[1m"exec: \"git\": executable file not found in %PATH%"[0m[0m [36mrepo=[0mcoreos/kube-prometheus
[90m1:32AM[0m [32mINF[0m [1mProcessing repo[0m [36mrepo=[0mn8n-io/n8n [36mrepo_index=[0m352 [36mtotal_repos=[0m500
[90m1:32AM[0m [32mINF[0m [1mCloning (depth=1)[0m [36mdest=[0m"E:\\helm_clones_artifacthub\\n8n-io__n8n" [36mrepo=[0mhttps://github.com/n8n-io/n8n
[90m1:32AM[0m [31mERR[0m [1mClone failed – skipping[0m [36merror=[0m[31m[1m"exec: \"git\": executable file not found in %PATH%"[0m[0m [36mrepo=[0mn8n-io/n8n
[90m1:32AM[0m [32mINF[0m [1mProcessing repo[0m [36mrepo=[0mneo4j-contrib/neo4j-helm [36mrepo_index=[0m353 [36mtotal_repos=[0m500
[90m1:32AM[0m [32mINF[0m [1mCloning (depth=1)[0m [36mdest=[0m"E:\\helm_clones_artifacthub\\neo4j-contrib__neo4j-helm" [36mrepo=[0mhttps://github.com/neo4j-contrib/neo4j-helm
[90m1:32AM[0m [31mERR[0m [1mClone failed – skipping[0m [36merror=[0m[31m[1m"exec: \"git\": executable file not found in %PATH%"[0m[0m [36mrepo=[0mneo4j-contrib/neo4j-helm
[90m1:32AM[0m [32mINF[0m [1mProcessing repo[0m [36mrepo=[0mkubernetes-incubator/external-storage [36mrepo_index=[0m354 [36mtotal_repos=[0m500
[90m1:32AM[0m [32mINF[0m [1mCloning (depth=1)[0m [36mdest=[0m"E:\\helm_clones_artifacthub\\kubernetes-incubator__external-storage" [36mrepo=[0mhttps://github.com/kubernetes-incubator/external-storage
[90m1:32AM[0m [31mERR[0m [1mClone failed – skipping[0m [36merror=[0m[31m[1m"exec: \"git\": executable file not found in %PATH%"[0m[0m [36mrepo=[0mkubernetes-incubator/external-storage
[90m1:32AM[0m [32mINF[0m [1mProcessing repo[0m [36mrepo=[0mbanzaicloud/banzai-charts [36mrepo_index=[0m355 [36mtotal_repos=[0m500
[90m1:32AM[0m [32mINF[0m [1mCloning (depth=1)[0m [36mdest=[0m"E:\\helm_clones_artifacthub\\banzaicloud__banzai-charts" [36mrepo=[0mhttps://github.com/banzaicloud/banzai-charts
[90m1:32AM[0m [31mERR[0m [1mClone failed – skipping[0m [36merror=[0m[31m[1m"exec: \"git\": executable file not found in %PATH%"[0m[0m [36mrepo=[0mbanzaicloud/banzai-charts
[90m1:32AM[0m [32mINF[0m [1mProcessing repo[0m [36mrepo=[0mbeeinventor/charts [36mrepo_index=[0m356 [36mtotal_repos=[0m500
[90m1:32AM[0m [32mINF[0m [1mCloning (depth=1)[0m [36mdest=[0m"E:\\helm_clones_artifacthub\\beeinventor__charts" [36mrepo=[0mhttps://github.com/beeinventor/charts
[90m1:32AM[0m [31mERR[0m [1mClone failed – skipping[0m [36merror=[0m[31m[1m"exec: \"git\": executable file not found in %PATH%"[0m[0m [36mrepo=[0mbeeinventor/charts
[90m1:32AM[0m [32mINF[0m [1mProcessing repo[0m [36mrepo=[0mfmjstudios/helm [36mrepo_index=[0m357 [36mtotal_repos=[0m500
[90m1:32AM[0m [32mINF[0m [1mCloning (depth=1)[0m [36mdest=[0m"E:\\helm_clones_artifacthub\\fmjstudios__helm" [36mrepo=[0mhttps://github.com/fmjstudios/helm
[90m1:32AM[0m [31mERR[0m [1mClone failed – skipping[0m [36merror=[0m[31m[1m"exec: \"git\": executable file not found in %PATH%"[0m[0m [36mrepo=[0mfmjstudios/helm
[90m1:32AM[0m [32mINF[0m [1mProcessing repo[0m [36mrepo=[0mquestdb/questdb-kubernetes [36mrepo_index=[0m358 [36mtotal_repos=[0m500
[90m1:32AM[0m [32mINF[0m [1mCloning (depth=1)[0m [36mdest=[0m"E:\\helm_clones_artifacthub\\questdb__questdb-kubernetes" [36mrepo=[0mhttps://github.com/questdb/questdb-kubernetes
[90m1:32AM[0m [31mERR[0m [1mClone failed – skipping[0m [36merror=[0m[31m[1m"exec: \"git\": executable file not found in %PATH%"[0m[0m [36mrepo=[0mquestdb/questdb-kubernetes
[90m1:32AM[0m [32mINF[0m [1mProcessing repo[0m [36mrepo=[0mtemporalio/temporal [36mrepo_index=[0m359 [36mtotal_repos=[0m500
[90m1:32AM[0m [32mINF[0m [1mCloning (depth=1)[0m [36mdest=[0m"E:\\helm_clones_artifacthub\\temporalio__temporal" [36mrepo=[0mhttps://github.com/temporalio/temporal
[90m1:32AM[0m [31mERR[0m [1mClone failed – skipping[0m [36merror=[0m[31m[1m"exec: \"git\": executable file not found in %PATH%"[0m[0m [36mrepo=[0mtemporalio/temporal
[90m1:32AM[0m [32mINF[0m [1mProcessing repo[0m [36mrepo=[0mimprobable-eng/thanos [36mrepo_index=[0m360 [36mtotal_repos=[0m500
[90m1:32AM[0m [32mINF[0m [1mCloning (depth=1)[0m [36mdest=[0m"E:\\helm_clones_artifacthub\\improbable-eng__thanos" [36mrepo=[0mhttps://github.com/improbable-eng/thanos
[90m1:32AM[0m [31mERR[0m [1mClone failed – skipping[0m [36merror=[0m[31m[1m"exec: \"git\": executable file not found in %PATH%"[0m[0m [36mrepo=[0mimprobable-eng/thanos
[90m1:32AM[0m [32mINF[0m [1mProcessing repo[0m [36mrepo=[0mdrone-runners/drone-runner-kube [36mrepo_index=[0m361 [36mtotal_repos=[0m500
[90m1:32AM[0m [32mINF[0m [1mCloning (depth=1)[0m [36mdest=[0m"E:\\helm_clones_artifacthub\\drone-runners__drone-runner-kube" [36mrepo=[0mhttps://github.com/drone-runners/drone-runner-kube
[90m1:32AM[0m [31mERR[0m [1mClone failed – skipping[0m [36merror=[0m[31m[1m"exec: \"git\": executable file not found in %PATH%"[0m[0m [36mrepo=[0mdrone-runners/drone-runner-kube
[90m1:32AM[0m [32mINF[0m [1mProcessing repo[0m [36mrepo=[0mcloudfoundry/korifi [36mrepo_index=[0m362 [36mtotal_repos=[0m500
[90m1:32AM[0m [32mINF[0m [1mCloning (depth=1)[0m [36mdest=[0m"E:\\helm_clones_artifacthub\\cloudfoundry__korifi" [36mrepo=[0mhttps://github.com/cloudfoundry/korifi
[90m1:32AM[0m [31mERR[0m [1mClone failed – skipping[0m [36merror=[0m[31m[1m"exec: \"git\": executable file not found in %PATH%"[0m[0m [36mrepo=[0mcloudfoundry/korifi
[90m1:32AM[0m [32mINF[0m [1mProcessing repo[0m [36mrepo=[0mkube-green/helm-charts [36mrepo_index=[0m363 [36mtotal_repos=[0m500
[90m1:32AM[0m [32mINF[0m [1mCloning (depth=1)[0m [36mdest=[0m"E:\\helm_clones_artifacthub\\kube-green__helm-charts" [36mrepo=[0mhttps://github.com/kube-green/helm-charts
[90m1:32AM[0m [31mERR[0m [1mClone failed – skipping[0m [36merror=[0m[31m[1m"exec: \"git\": executable file not found in %PATH%"[0m[0m [36mrepo=[0mkube-green/helm-charts
[90m1:32AM[0m [32mINF[0m [1mProcessing repo[0m [36mrepo=[0mkubewarden/community [36mrepo_index=[0m364 [36mtotal_repos=[0m500
[90m1:32AM[0m [32mINF[0m [1mCloning (depth=1)[0m [36mdest=[0m"E:\\helm_clones_artifacthub\\kubewarden__community" [36mrepo=[0mhttps://github.com/kubewarden/community
[90m1:32AM[0m [31mERR[0m [1mClone failed – skipping[0m [36merror=[0m[31m[1m"exec: \"git\": executable file not found in %PATH%"[0m[0m [36mrepo=[0mkubewarden/community
[90m1:32AM[0m [32mINF[0m [1mProcessing repo[0m [36mrepo=[0msuperstreamlabs/memphis [36mrepo_index=[0m365 [36mtotal_repos=[0m500
[90m1:32AM[0m [32mINF[0m [1mCloning (depth=1)[0m [36mdest=[0m"E:\\helm_clones_artifacthub\\superstreamlabs__memphis" [36mrepo=[0mhttps://github.com/superstreamlabs/memphis
[90m1:32AM[0m [31mERR[0m [1mClone failed – skipping[0m [36merror=[0m[31m[1m"exec: \"git\": executable file not found in %PATH%"[0m[0m [36mrepo=[0msuperstreamlabs/memphis
[90m1:32AM[0m [32mINF[0m [1mProcessing repo[0m [36mrepo=[0mmicrocks/microcks [36mrepo_index=[0m366 [36mtotal_repos=[0m500
[90m1:32AM[0m [32mINF[0m [1mCloning (depth=1)[0m [36mdest=[0m"E:\\helm_clones_artifacthub\\microcks__microcks" [36mrepo=[0mhttps://github.com/microcks/microcks
[90m1:32AM[0m [31mERR[0m [1mClone failed – skipping[0m [36merror=[0m[31m[1m"exec: \"git\": executable file not found in %PATH%"[0m[0m [36mrepo=[0mmicrocks/microcks
[90m1:32AM[0m [32mINF[0m [1mProcessing repo[0m [36mrepo=[0mmonicahq/helm [36mrepo_index=[0m367 [36mtotal_repos=[0m500
[90m1:32AM[0m [32mINF[0m [1mCloning (depth=1)[0m [36mdest=[0m"E:\\helm_clones_artifacthub\\monicahq__helm" [36mrepo=[0mhttps://github.com/monicahq/helm
[90m1:32AM[0m [31mERR[0m [1mClone failed – skipping[0m [36merror=[0m[31m[1m"exec: \"git\": executable file not found in %PATH%"[0m[0m [36mrepo=[0mmonicahq/helm
[90m1:32AM[0m [32mINF[0m [1mProcessing repo[0m [36mrepo=[0mnautobot/nautobot [36mrepo_index=[0m368 [36mtotal_repos=[0m500
[90m1:32AM[0m [32mINF[0m [1mCloning (depth=1)[0m [36mdest=[0m"E:\\helm_clones_artifacthub\\nautobot__nautobot" [36mrepo=[0mhttps://github.com/nautobot/nautobot
[90m1:32AM[0m [31mERR[0m [1mClone failed – skipping[0m [36merror=[0m[31m[1m"exec: \"git\": executable file not found in %PATH%"[0m[0m [36mrepo=[0mnautobot/nautobot
[90m1:32AM[0m [32mINF[0m [1mProcessing repo[0m [36mrepo=[0mortelius/ortelius-charts [36mrepo_index=[0m369 [36mtotal_repos=[0m500
[90m1:32AM[0m [32mINF[0m [1mCloning (depth=1)[0m [36mdest=[0m"E:\\helm_clones_artifacthub\\ortelius__ortelius-charts" [36mrepo=[0mhttps://github.com/ortelius/ortelius-charts
[90m1:32AM[0m [31mERR[0m [1mClone failed – skipping[0m [36merror=[0m[31m[1m"exec: \"git\": executable file not found in %PATH%"[0m[0m [36mrepo=[0mortelius/ortelius-charts
[90m1:32AM[0m [32mINF[0m [1mProcessing repo[0m [36mrepo=[0mthingsboard/tbmq [36mrepo_index=[0m370 [36mtotal_repos=[0m500
[90m1:32AM[0m [32mINF[0m [1mCloning (depth=1)[0m [36mdest=[0m"E:\\helm_clones_artifacthub\\thingsboard__tbmq" [36mrepo=[0mhttps://github.com/thingsboard/tbmq
[90m1:32AM[0m [31mERR[0m [1mClone failed – skipping[0m [36merror=[0m[31m[1m"exec: \"git\": executable file not found in %PATH%"[0m[0m [36mrepo=[0mthingsboard/tbmq
[90m1:32AM[0m [32mINF[0m [1mProcessing repo[0m [36mrepo=[0mdotnet/aspnetcore [36mrepo_index=[0m371 [36mtotal_repos=[0m500
[90m1:32AM[0m [32mINF[0m [1mCloning (depth=1)[0m [36mdest=[0m"E:\\helm_clones_artifacthub\\dotnet__aspnetcore" [36mrepo=[0mhttps://github.com/dotnet/aspnetcore
[90m1:32AM[0m [31mERR[0m [1mClone failed – skipping[0m [36merror=[0m[31m[1m"exec: \"git\": executable file not found in %PATH%"[0m[0m [36mrepo=[0mdotnet/aspnetcore
[90m1:32AM[0m [32mINF[0m [1mProcessing repo[0m [36mrepo=[0msnowplow-devops/helm-charts [36mrepo_index=[0m372 [36mtotal_repos=[0m500
[90m1:32AM[0m [32mINF[0m [1mCloning (depth=1)[0m [36mdest=[0m"E:\\helm_clones_artifacthub\\snowplow-devops__helm-charts" [36mrepo=[0mhttps://github.com/snowplow-devops/helm-charts
[90m1:32AM[0m [31mERR[0m [1mClone failed – skipping[0m [36merror=[0m[31m[1m"exec: \"git\": executable file not found in %PATH%"[0m[0m [36mrepo=[0msnowplow-devops/helm-charts
[90m1:32AM[0m [32mINF[0m [1mProcessing repo[0m [36mrepo=[0mcaddyserver/caddy [36mrepo_index=[0m373 [36mtotal_repos=[0m500
[90m1:32AM[0m [32mINF[0m [1mCloning (depth=1)[0m [36mdest=[0m"E:\\helm_clones_artifacthub\\caddyserver__caddy" [36mrepo=[0mhttps://github.com/caddyserver/caddy
[90m1:32AM[0m [31mERR[0m [1mClone failed – skipping[0m [36merror=[0m[31m[1m"exec: \"git\": executable file not found in %PATH%"[0m[0m [36mrepo=[0mcaddyserver/caddy
[90m1:32AM[0m [32mINF[0m [1mProcessing repo[0m [36mrepo=[0mdbeaver/cloudbeaver [36mrepo_index=[0m374 [36mtotal_repos=[0m500
[90m1:32AM[0m [32mINF[0m [1mCloning (depth=1)[0m [36mdest=[0m"E:\\helm_clones_artifacthub\\dbeaver__cloudbeaver" [36mrepo=[0mhttps://github.com/dbeaver/cloudbeaver
[90m1:32AM[0m [31mERR[0m [1mClone failed – skipping[0m [36merror=[0m[31m[1m"exec: \"git\": executable file not found in %PATH%"[0m[0m [36mrepo=[0mdbeaver/cloudbeaver
[90m1:32AM[0m [32mINF[0m [1mProcessing repo[0m [36mrepo=[0menix/helm-charts [36mrepo_index=[0m375 [36mtotal_repos=[0m500
[90m1:32AM[0m [32mINF[0m [1mCloning (depth=1)[0m [36mdest=[0m"E:\\helm_clones_artifacthub\\enix__helm-charts" [36mrepo=[0mhttps://github.com/enix/helm-charts
[90m1:32AM[0m [31mERR[0m [1mClone failed – skipping[0m [36merror=[0m[31m[1m"exec: \"git\": executable file not found in %PATH%"[0m[0m [36mrepo=[0menix/helm-charts
[90m1:32AM[0m [32mINF[0m [1mProcessing repo[0m [36mrepo=[0msse-secure-systems/connaisseur [36mrepo_index=[0m376 [36mtotal_repos=[0m500
[90m1:32AM[0m [32mINF[0m [1mCloning (depth=1)[0m [36mdest=[0m"E:\\helm_clones_artifacthub\\sse-secure-systems__connaisseur" [36mrepo=[0mhttps://github.com/sse-secure-systems/connaisseur
[90m1:32AM[0m [31mERR[0m [1mClone failed – skipping[0m [36merror=[0m[31m[1m"exec: \"git\": executable file not found in %PATH%"[0m[0m [36mrepo=[0msse-secure-systems/connaisseur
[90m1:32AM[0m [32mINF[0m [1mProcessing repo[0m [36mrepo=[0mpgautoupgrade/docker-pgautoupgrade [36mrepo_index=[0m377 [36mtotal_repos=[0m500
[90m1:32AM[0m [32mINF[0m [1mCloning (depth=1)[0m [36mdest=[0m"E:\\helm_clones_artifacthub\\pgautoupgrade__docker-pgautoupgrade" [36mrepo=[0mhttps://github.com/pgautoupgrade/docker-pgautoupgrade
[90m1:32AM[0m [31mERR[0m [1mClone failed – skipping[0m [36merror=[0m[31m[1m"exec: \"git\": executable file not found in %PATH%"[0m[0m [36mrepo=[0mpgautoupgrade/docker-pgautoupgrade
[90m1:32AM[0m [32mINF[0m [1mProcessing repo[0m [36mrepo=[0mJamesits/docker-dst-server [36mrepo_index=[0m378 [36mtotal_repos=[0m500
[90m1:32AM[0m [32mINF[0m [1mCloning (depth=1)[0m [36mdest=[0m"E:\\helm_clones_artifacthub\\Jamesits__docker-dst-server" [36mrepo=[0mhttps://github.com/Jamesits/docker-dst-server
[90m1:32AM[0m [31mERR[0m [1mClone failed – skipping[0m [36merror=[0m[31m[1m"exec: \"git\": executable file not found in %PATH%"[0m[0m [36mrepo=[0mJamesits/docker-dst-server
[90m1:32AM[0m [32mINF[0m [1mProcessing repo[0m [36mrepo=[0mStirling-Tools/Stirling-PDF [36mrepo_index=[0m379 [36mtotal_repos=[0m500
[90m1:32AM[0m [32mINF[0m [1mCloning (depth=1)[0m [36mdest=[0m"E:\\helm_clones_artifacthub\\Stirling-Tools__Stirling-PDF" [36mrepo=[0mhttps://github.com/Stirling-Tools/Stirling-PDF
[90m1:32AM[0m [31mERR[0m [1mClone failed – skipping[0m [36merror=[0m[31m[1m"exec: \"git\": executable file not found in %PATH%"[0m[0m [36mrepo=[0mStirling-Tools/Stirling-PDF
[90m1:32AM[0m [32mINF[0m [1mProcessing repo[0m [36mrepo=[0msorintlab/stolon [36mrepo_index=[0m380 [36mtotal_repos=[0m500
[90m1:32AM[0m [32mINF[0m [1mCloning (depth=1)[0m [36mdest=[0m"E:\\helm_clones_artifacthub\\sorintlab__stolon" [36mrepo=[0mhttps://github.com/sorintlab/stolon
[90m1:32AM[0m [31mERR[0m [1mClone failed – skipping[0m [36merror=[0m[31m[1m"exec: \"git\": executable file not found in %PATH%"[0m[0m [36mrepo=[0msorintlab/stolon
[90m1:32AM[0m [32mINF[0m [1mProcessing repo[0m [36mrepo=[0mumami-software/umami [36mrepo_index=[0m381 [36mtotal_repos=[0m500
[90m1:32AM[0m [32mINF[0m [1mCloning (depth=1)[0m [36mdest=[0m"E:\\helm_clones_artifacthub\\umami-software__umami" [36mrepo=[0mhttps://github.com/umami-software/umami
[90m1:32AM[0m [31mERR[0m [1mClone failed – skipping[0m [36merror=[0m[31m[1m"exec: \"git\": executable file not found in %PATH%"[0m[0m [36mrepo=[0mumami-software/umami
[90m1:32AM[0m [32mINF[0m [1mProcessing repo[0m [36mrepo=[0mjacobalberty/unifi-docker [36mrepo_index=[0m382 [36mtotal_repos=[0m500
[90m1:32AM[0m [32mINF[0m [1mCloning (depth=1)[0m [36mdest=[0m"E:\\helm_clones_artifacthub\\jacobalberty__unifi-docker" [36mrepo=[0mhttps://github.com/jacobalberty/unifi-docker
[90m1:32AM[0m [31mERR[0m [1mClone failed – skipping[0m [36merror=[0m[31m[1m"exec: \"git\": executable file not found in %PATH%"[0m[0m [36mrepo=[0mjacobalberty/unifi-docker
[90m1:32AM[0m [32mINF[0m [1mProcessing repo[0m [36mrepo=[0mvalkey-io/valkey [36mrepo_index=[0m383 [36mtotal_repos=[0m500
[90m1:32AM[0m [32mINF[0m [1mCloning (depth=1)[0m [36mdest=[0m"E:\\helm_clones_artifacthub\\valkey-io__valkey" [36mrepo=[0mhttps://github.com/valkey-io/valkey
[90m1:32AM[0m [31mERR[0m [1mClone failed – skipping[0m [36merror=[0m[31m[1m"exec: \"git\": executable file not found in %PATH%"[0m[0m [36mrepo=[0mvalkey-io/valkey
[90m1:32AM[0m [32mINF[0m [1mProcessing repo[0m [36mrepo=[0mcloudhippie/charts [36mrepo_index=[0m384 [36mtotal_repos=[0m500
[90m1:32AM[0m [32mINF[0m [1mCloning (depth=1)[0m [36mdest=[0m"E:\\helm_clones_artifacthub\\cloudhippie__charts" [36mrepo=[0mhttps://github.com/cloudhippie/charts
[90m1:32AM[0m [31mERR[0m [1mClone failed – skipping[0m [36merror=[0m[31m[1m"exec: \"git\": executable file not found in %PATH%"[0m[0m [36mrepo=[0mcloudhippie/charts
[90m1:32AM[0m [32mINF[0m [1mProcessing repo[0m [36mrepo=[0mandrenarchy/helm-charts [36mrepo_index=[0m385 [36mtotal_repos=[0m500
[90m1:32AM[0m [32mINF[0m [1mCloning (depth=1)[0m [36mdest=[0m"E:\\helm_clones_artifacthub\\andrenarchy__helm-charts" [36mrepo=[0mhttps://github.com/andrenarchy/helm-charts
[90m1:32AM[0m [31mERR[0m [1mClone failed – skipping[0m [36merror=[0m[31m[1m"exec: \"git\": executable file not found in %PATH%"[0m[0m [36mrepo=[0mandrenarchy/helm-charts
[90m1:32AM[0m [32mINF[0m [1mProcessing repo[0m [36mrepo=[0mlogdna/logdna-cli [36mrepo_index=[0m386 [36mtotal_repos=[0m500
[90m1:32AM[0m [32mINF[0m [1mCloning (depth=1)[0m [36mdest=[0m"E:\\helm_clones_artifacthub\\logdna__logdna-cli" [36mrepo=[0mhttps://github.com/logdna/logdna-cli
[90m1:32AM[0m [31mERR[0m [1mClone failed – skipping[0m [36merror=[0m[31m[1m"exec: \"git\": executable file not found in %PATH%"[0m[0m [36mrepo=[0mlogdna/logdna-cli
[90m1:32AM[0m [32mINF[0m [1mProcessing repo[0m [36mrepo=[0mcode-server-boilerplates/charts [36mrepo_index=[0m387 [36mtotal_repos=[0m500
[90m1:32AM[0m [32mINF[0m [1mCloning (depth=1)[0m [36mdest=[0m"E:\\helm_clones_artifacthub\\code-server-boilerplates__charts" [36mrepo=[0mhttps://github.com/code-server-boilerplates/charts
[90m1:32AM[0m [31mERR[0m [1mClone failed – skipping[0m [36merror=[0m[31m[1m"exec: \"git\": executable file not found in %PATH%"[0m[0m [36mrepo=[0mcode-server-boilerplates/charts
[90m1:32AM[0m [32mINF[0m [1mProcessing repo[0m [36mrepo=[0mhackmdio/codimd [36mrepo_index=[0m388 [36mtotal_repos=[0m500
[90m1:32AM[0m [32mINF[0m [1mCloning (depth=1)[0m [36mdest=[0m"E:\\helm_clones_artifacthub\\hackmdio__codimd" [36mrepo=[0mhttps://github.com/hackmdio/codimd
[90m1:32AM[0m [31mERR[0m [1mClone failed – skipping[0m [36merror=[0m[31m[1m"exec: \"git\": executable file not found in %PATH%"[0m[0m [36mrepo=[0mhackmdio/codimd
[90m1:32AM[0m [32mINF[0m [1mProcessing repo[0m [36mrepo=[0mEalenn/Echo-Server [36mrepo_index=[0m389 [36mtotal_repos=[0m500
[90m1:32AM[0m [32mINF[0m [1mCloning (depth=1)[0m [36mdest=[0m"E:\\helm_clones_artifacthub\\Ealenn__Echo-Server" [36mrepo=[0mhttps://github.com/Ealenn/Echo-Server
[90m1:32AM[0m [31mERR[0m [1mClone failed – skipping[0m [36merror=[0m[31m[1m"exec: \"git\": executable file not found in %PATH%"[0m[0m [36mrepo=[0mEalenn/Echo-Server
[90m1:32AM[0m [32mINF[0m [1mProcessing repo[0m [36mrepo=[0mgrafana/grafana-operator [36mrepo_index=[0m390 [36mtotal_repos=[0m500
[90m1:32AM[0m [32mINF[0m [1mCloning (depth=1)[0m [36mdest=[0m"E:\\helm_clones_artifacthub\\grafana__grafana-operator" [36mrepo=[0mhttps://github.com/grafana/grafana-operator
[90m1:32AM[0m [31mERR[0m [1mClone failed – skipping[0m [36merror=[0m[31m[1m"exec: \"git\": executable file not found in %PATH%"[0m[0m [36mrepo=[0mgrafana/grafana-operator
[90m1:32AM[0m [32mINF[0m [1mProcessing repo[0m [36mrepo=[0mgchq/gaffer-docker [36mrepo_index=[0m391 [36mtotal_repos=[0m500
[90m1:32AM[0m [32mINF[0m [1mCloning (depth=1)[0m [36mdest=[0m"E:\\helm_clones_artifacthub\\gchq__gaffer-docker" [36mrepo=[0mhttps://github.com/gchq/gaffer-docker
[90m1:32AM[0m [31mERR[0m [1mClone failed – skipping[0m [36merror=[0m[31m[1m"exec: \"git\": executable file not found in %PATH%"[0m[0m [36mrepo=[0mgchq/gaffer-docker
[90m1:32AM[0m [32mINF[0m [1mProcessing repo[0m [36mrepo=[0mspiffe/spiffe [36mrepo_index=[0m392 [36mtotal_repos=[0m500
[90m1:32AM[0m [32mINF[0m [1mCloning (depth=1)[0m [36mdest=[0m"E:\\helm_clones_artifacthub\\spiffe__spiffe" [36mrepo=[0mhttps://github.com/spiffe/spiffe
[90m1:32AM[0m [31mERR[0m [1mClone failed – skipping[0m [36merror=[0m[31m[1m"exec: \"git\": executable file not found in %PATH%"[0m[0m [36mrepo=[0mspiffe/spiffe
[90m1:32AM[0m [32mINF[0m [1mProcessing repo[0m [36mrepo=[0mitboon/kafka-helm [36mrepo_index=[0m393 [36mtotal_repos=[0m500
[90m1:32AM[0m [32mINF[0m [1mCloning (depth=1)[0m [36mdest=[0m"E:\\helm_clones_artifacthub\\itboon__kafka-helm" [36mrepo=[0mhttps://github.com/itboon/kafka-helm
[90m1:32AM[0m [31mERR[0m [1mClone failed – skipping[0m [36merror=[0m[31m[1m"exec: \"git\": executable file not found in %PATH%"[0m[0m [36mrepo=[0mitboon/kafka-helm
[90m1:32AM[0m [32mINF[0m [1mProcessing repo[0m [36mrepo=[0mlitmuschaos/litmus [36mrepo_index=[0m394 [36mtotal_repos=[0m500
[90m1:32AM[0m [32mINF[0m [1mCloning (depth=1)[0m [36mdest=[0m"E:\\helm_clones_artifacthub\\litmuschaos__litmus" [36mrepo=[0mhttps://github.com/litmuschaos/litmus
[90m1:32AM[0m [31mERR[0m [1mClone failed – skipping[0m [36merror=[0m[31m[1m"exec: \"git\": executable file not found in %PATH%"[0m[0m [36mrepo=[0mlitmuschaos/litmus
[90m1:32AM[0m [32mINF[0m [1mProcessing repo[0m [36mrepo=[0mnacos-group/nacos-k8s [36mrepo_index=[0m395 [36mtotal_repos=[0m500
[90m1:32AM[0m [32mINF[0m [1mCloning (depth=1)[0m [36mdest=[0m"E:\\helm_clones_artifacthub\\nacos-group__nacos-k8s" [36mrepo=[0mhttps://github.com/nacos-group/nacos-k8s
[90m1:32AM[0m [31mERR[0m [1mClone failed – skipping[0m [36merror=[0m[31m[1m"exec: \"git\": executable file not found in %PATH%"[0m[0m [36mrepo=[0mnacos-group/nacos-k8s
[90m1:32AM[0m [32mINF[0m [1mProcessing repo[0m [36mrepo=[0mnetrisai/charts [36mrepo_index=[0m396 [36mtotal_repos=[0m500
[90m1:32AM[0m [32mINF[0m [1mCloning (depth=1)[0m [36mdest=[0m"E:\\helm_clones_artifacthub\\netrisai__charts" [36mrepo=[0mhttps://github.com/netrisai/charts
[90m1:32AM[0m [31mERR[0m [1mClone failed – skipping[0m [36merror=[0m[31m[1m"exec: \"git\": executable file not found in %PATH%"[0m[0m [36mrepo=[0mnetrisai/charts
[90m1:32AM[0m [32mINF[0m [1mProcessing repo[0m [36mrepo=[0mnuclio/nuclio [36mrepo_index=[0m397 [36mtotal_repos=[0m500
[90m1:32AM[0m [32mINF[0m [1mCloning (depth=1)[0m [36mdest=[0m"E:\\helm_clones_artifacthub\\nuclio__nuclio" [36mrepo=[0mhttps://github.com/nuclio/nuclio
[90m1:32AM[0m [31mERR[0m [1mClone failed – skipping[0m [36merror=[0m[31m[1m"exec: \"git\": executable file not found in %PATH%"[0m[0m [36mrepo=[0mnuclio/nuclio
[90m1:32AM[0m [32mINF[0m [1mProcessing repo[0m [36mrepo=[0mkubernetes/cloud-provider-openstack [36mrepo_index=[0m398 [36mtotal_repos=[0m500
[90m1:32AM[0m [32mINF[0m [1mCloning (depth=1)[0m [36mdest=[0m"E:\\helm_clones_artifacthub\\kubernetes__cloud-provider-openstack" [36mrepo=[0mhttps://github.com/kubernetes/cloud-provider-openstack
[90m1:32AM[0m [31mERR[0m [1mClone failed – skipping[0m [36merror=[0m[31m[1m"exec: \"git\": executable file not found in %PATH%"[0m[0m [36mrepo=[0mkubernetes/cloud-provider-openstack
[90m1:32AM[0m [32mINF[0m [1mProcessing repo[0m [36mrepo=[0mcloudposse/github-pam [36mrepo_index=[0m399 [36mtotal_repos=[0m500
[90m1:32AM[0m [32mINF[0m [1mCloning (depth=1)[0m [36mdest=[0m"E:\\helm_clones_artifacthub\\cloudposse__github-pam" [36mrepo=[0mhttps://github.com/cloudposse/github-pam
[90m1:32AM[0m [31mERR[0m [1mClone failed – skipping[0m [36merror=[0m[31m[1m"exec: \"git\": executable file not found in %PATH%"[0m[0m [36mrepo=[0mcloudposse/github-pam
[90m1:32AM[0m [32mINF[0m [1mProcessing repo[0m [36mrepo=[0msecureCodeBox/secureCodeBox [36mrepo_index=[0m400 [36mtotal_repos=[0m500
[90m1:32AM[0m [32mINF[0m [1mCloning (depth=1)[0m [36mdest=[0m"E:\\helm_clones_artifacthub\\secureCodeBox__secureCodeBox" [36mrepo=[0mhttps://github.com/secureCodeBox/secureCodeBox
[90m1:32AM[0m [31mERR[0m [1mClone failed – skipping[0m [36merror=[0m[31m[1m"exec: \"git\": executable file not found in %PATH%"[0m[0m [36mrepo=[0msecureCodeBox/secureCodeBox
[90m1:32AM[0m [32mINF[0m [1mProcessing repo[0m [36mrepo=[0mquickwit-oss/helm-charts [36mrepo_index=[0m401 [36mtotal_repos=[0m500
[90m1:32AM[0m [32mINF[0m [1mCloning (depth=1)[0m [36mdest=[0m"E:\\helm_clones_artifacthub\\quickwit-oss__helm-charts" [36mrepo=[0mhttps://github.com/quickwit-oss/helm-charts
[90m1:32AM[0m [31mERR[0m [1mClone failed – skipping[0m [36merror=[0m[31m[1m"exec: \"git\": executable file not found in %PATH%"[0m[0m [36mrepo=[0mquickwit-oss/helm-charts
[90m1:32AM[0m [32mINF[0m [1mProcessing repo[0m [36mrepo=[0mkubernetes/kubernetes [36mrepo_index=[0m402 [36mtotal_repos=[0m500
[90m1:32AM[0m [32mINF[0m [1mCloning (depth=1)[0m [36mdest=[0m"E:\\helm_clones_artifacthub\\kubernetes__kubernetes" [36mrepo=[0mhttps://github.com/kubernetes/kubernetes
[90m1:32AM[0m [31mERR[0m [1mClone failed – skipping[0m [36merror=[0m[31m[1m"exec: \"git\": executable file not found in %PATH%"[0m[0m [36mrepo=[0mkubernetes/kubernetes
[90m1:32AM[0m [32mINF[0m [1mProcessing repo[0m [36mrepo=[0msysdiglabs/charts [36mrepo_index=[0m403 [36mtotal_repos=[0m500
[90m1:32AM[0m [32mINF[0m [1mCloning (depth=1)[0m [36mdest=[0m"E:\\helm_clones_artifacthub\\sysdiglabs__charts" [36mrepo=[0mhttps://github.com/sysdiglabs/charts
[90m1:32AM[0m [31mERR[0m [1mClone failed – skipping[0m [36merror=[0m[31m[1m"exec: \"git\": executable file not found in %PATH%"[0m[0m [36mrepo=[0msysdiglabs/charts
[90m1:32AM[0m [32mINF[0m [1mProcessing repo[0m [36mrepo=[0mAzure/api-management-self-hosted-gateway [36mrepo_index=[0m404 [36mtotal_repos=[0m500
[90m1:32AM[0m [32mINF[0m [1mCloning (depth=1)[0m [36mdest=[0m"E:\\helm_clones_artifacthub\\Azure__api-management-self-hosted-gateway" [36mrepo=[0mhttps://github.com/Azure/api-management-self-hosted-gateway
[90m1:32AM[0m [31mERR[0m [1mClone failed – skipping[0m [36merror=[0m[31m[1m"exec: \"git\": executable file not found in %PATH%"[0m[0m [36mrepo=[0mAzure/api-management-self-hosted-gateway
[90m1:32AM[0m [32mINF[0m [1mProcessing repo[0m [36mrepo=[0mcert-manager/istio-csr [36mrepo_index=[0m405 [36mtotal_repos=[0m500
[90m1:32AM[0m [32mINF[0m [1mCloning (depth=1)[0m [36mdest=[0m"E:\\helm_clones_artifacthub\\cert-manager__istio-csr" [36mrepo=[0mhttps://github.com/cert-manager/istio-csr
[90m1:32AM[0m [31mERR[0m [1mClone failed – skipping[0m [36merror=[0m[31m[1m"exec: \"git\": executable file not found in %PATH%"[0m[0m [36mrepo=[0mcert-manager/istio-csr
[90m1:32AM[0m [32mINF[0m [1mProcessing repo[0m [36mrepo=[0mcdr/enterprise-helm [36mrepo_index=[0m406 [36mtotal_repos=[0m500
[90m1:32AM[0m [32mINF[0m [1mCloning (depth=1)[0m [36mdest=[0m"E:\\helm_clones_artifacthub\\cdr__enterprise-helm" [36mrepo=[0mhttps://github.com/cdr/enterprise-helm
[90m1:32AM[0m [31mERR[0m [1mClone failed – skipping[0m [36merror=[0m[31m[1m"exec: \"git\": executable file not found in %PATH%"[0m[0m [36mrepo=[0mcdr/enterprise-helm
[90m1:32AM[0m [32mINF[0m [1mProcessing repo[0m [36mrepo=[0mepinio/helm-charts [36mrepo_index=[0m407 [36mtotal_repos=[0m500
[90m1:32AM[0m [32mINF[0m [1mCloning (depth=1)[0m [36mdest=[0m"E:\\helm_clones_artifacthub\\epinio__helm-charts" [36mrepo=[0mhttps://github.com/epinio/helm-charts
[90m1:32AM[0m [31mERR[0m [1mClone failed – skipping[0m [36merror=[0m[31m[1m"exec: \"git\": executable file not found in %PATH%"[0m[0m [36mrepo=[0mepinio/helm-charts
[90m1:32AM[0m [32mINF[0m [1mProcessing repo[0m [36mrepo=[0mGluuFederation/cloud-native-edition [36mrepo_index=[0m408 [36mtotal_repos=[0m500
[90m1:32AM[0m [32mINF[0m [1mCloning (depth=1)[0m [36mdest=[0m"E:\\helm_clones_artifacthub\\GluuFederation__cloud-native-edition" [36mrepo=[0mhttps://github.com/GluuFederation/cloud-native-edition
[90m1:32AM[0m [31mERR[0m [1mClone failed – skipping[0m [36merror=[0m[31m[1m"exec: \"git\": executable file not found in %PATH%"[0m[0m [36mrepo=[0mGluuFederation/cloud-native-edition
[90m1:32AM[0m [32mINF[0m [1mProcessing repo[0m [36mrepo=[0mJanssenProject/jans [36mrepo_index=[0m409 [36mtotal_repos=[0m500
[90m1:32AM[0m [32mINF[0m [1mCloning (depth=1)[0m [36mdest=[0m"E:\\helm_clones_artifacthub\\JanssenProject__jans" [36mrepo=[0mhttps://github.com/JanssenProject/jans
[90m1:32AM[0m [31mERR[0m [1mClone failed – skipping[0m [36merror=[0m[31m[1m"exec: \"git\": executable file not found in %PATH%"[0m[0m [36mrepo=[0mJanssenProject/jans
[90m1:32AM[0m [32mINF[0m [1mProcessing repo[0m [36mrepo=[0mkeptn/lifecycle-toolkit [36mrepo_index=[0m410 [36mtotal_repos=[0m500
[90m1:32AM[0m [32mINF[0m [1mCloning (depth=1)[0m [36mdest=[0m"E:\\helm_clones_artifacthub\\keptn__lifecycle-toolkit" [36mrepo=[0mhttps://github.com/keptn/lifecycle-toolkit
[90m1:32AM[0m [31mERR[0m [1mClone failed – skipping[0m [36merror=[0m[31m[1m"exec: \"git\": executable file not found in %PATH%"[0m[0m [36mrepo=[0mkeptn/lifecycle-toolkit
[90m1:32AM[0m [32mINF[0m [1mProcessing repo[0m [36mrepo=[0mpostfinance/kubelet-csr-approver [36mrepo_index=[0m411 [36mtotal_repos=[0m500
[90m1:32AM[0m [32mINF[0m [1mCloning (depth=1)[0m [36mdest=[0m"E:\\helm_clones_artifacthub\\postfinance__kubelet-csr-approver" [36mrepo=[0mhttps://github.com/postfinance/kubelet-csr-approver
[90m1:32AM[0m [31mERR[0m [1mClone failed – skipping[0m [36merror=[0m[31m[1m"exec: \"git\": executable file not found in %PATH%"[0m[0m [36mrepo=[0mpostfinance/kubelet-csr-approver
[90m1:32AM[0m [32mINF[0m [1mProcessing repo[0m [36mrepo=[0mlightrun-platform/lightrun-helm-chart [36mrepo_index=[0m412 [36mtotal_repos=[0m500
[90m1:32AM[0m [32mINF[0m [1mCloning (depth=1)[0m [36mdest=[0m"E:\\helm_clones_artifacthub\\lightrun-platform__lightrun-helm-chart" [36mrepo=[0mhttps://github.com/lightrun-platform/lightrun-helm-chart
[90m1:32AM[0m [31mERR[0m [1mClone failed – skipping[0m [36merror=[0m[31m[1m"exec: \"git\": executable file not found in %PATH%"[0m[0m [36mrepo=[0mlightrun-platform/lightrun-helm-chart
[90m1:32AM[0m [32mINF[0m [1mProcessing repo[0m [36mrepo=[0mdunglas/mercure [36mrepo_index=[0m413 [36mtotal_repos=[0m500
[90m1:32AM[0m [32mINF[0m [1mCloning (depth=1)[0m [36mdest=[0m"E:\\helm_clones_artifacthub\\dunglas__mercure" [36mrepo=[0mhttps://github.com/dunglas/mercure
[90m1:32AM[0m [31mERR[0m [1mClone failed – skipping[0m [36merror=[0m[31m[1m"exec: \"git\": executable file not found in %PATH%"[0m[0m [36mrepo=[0mdunglas/mercure
[90m1:32AM[0m [32mINF[0m [1mProcessing repo[0m [36mrepo=[0mkuoss/myip [36mrepo_index=[0m414 [36mtotal_repos=[0m500
[90m1:32AM[0m [32mINF[0m [1mCloning (depth=1)[0m [36mdest=[0m"E:\\helm_clones_artifacthub\\kuoss__myip" [36mrepo=[0mhttps://github.com/kuoss/myip
[90m1:32AM[0m [31mERR[0m [1mClone failed – skipping[0m [36merror=[0m[31m[1m"exec: \"git\": executable file not found in %PATH%"[0m[0m [36mrepo=[0mkuoss/myip
[90m1:32AM[0m [32mINF[0m [1mProcessing repo[0m [36mrepo=[0mfosrl/helm-charts [36mrepo_index=[0m415 [36mtotal_repos=[0m500
[90m1:32AM[0m [32mINF[0m [1mCloning (depth=1)[0m [36mdest=[0m"E:\\helm_clones_artifacthub\\fosrl__helm-charts" [36mrepo=[0mhttps://github.com/fosrl/helm-charts
[90m1:32AM[0m [31mERR[0m [1mClone failed – skipping[0m [36merror=[0m[31m[1m"exec: \"git\": executable file not found in %PATH%"[0m[0m [36mrepo=[0mfosrl/helm-charts
[90m1:32AM[0m [32mINF[0m [1mProcessing repo[0m [36mrepo=[0mRedisLabs/redis-enterprise-k8s-docs [36mrepo_index=[0m416 [36mtotal_repos=[0m500
[90m1:32AM[0m [32mINF[0m [1mCloning (depth=1)[0m [36mdest=[0m"E:\\helm_clones_artifacthub\\RedisLabs__redis-enterprise-k8s-docs" [36mrepo=[0mhttps://github.com/RedisLabs/redis-enterprise-k8s-docs
[90m1:32AM[0m [31mERR[0m [1mClone failed – skipping[0m [36merror=[0m[31m[1m"exec: \"git\": executable file not found in %PATH%"[0m[0m [36mrepo=[0mRedisLabs/redis-enterprise-k8s-docs
[90m1:32AM[0m [32mINF[0m [1mProcessing repo[0m [36mrepo=[0mopen-telemetry/opentelemetry-collector-contrib [36mrepo_index=[0m417 [36mtotal_repos=[0m500
[90m1:32AM[0m [32mINF[0m [1mCloning (depth=1)[0m [36mdest=[0m"E:\\helm_clones_artifacthub\\open-telemetry__opentelemetry-collector-contrib" [36mrepo=[0mhttps://github.com/open-telemetry/opentelemetry-collector-contrib
[90m1:32AM[0m [31mERR[0m [1mClone failed – skipping[0m [36merror=[0m[31m[1m"exec: \"git\": executable file not found in %PATH%"[0m[0m [36mrepo=[0mopen-telemetry/opentelemetry-collector-contrib
[90m1:32AM[0m [32mINF[0m [1mProcessing repo[0m [36mrepo=[0mStrangeBeeCorp/helm-charts [36mrepo_index=[0m418 [36mtotal_repos=[0m500
[90m1:32AM[0m [32mINF[0m [1mCloning (depth=1)[0m [36mdest=[0m"E:\\helm_clones_artifacthub\\StrangeBeeCorp__helm-charts" [36mrepo=[0mhttps://github.com/StrangeBeeCorp/helm-charts
[90m1:32AM[0m [31mERR[0m [1mClone failed – skipping[0m [36merror=[0m[31m[1m"exec: \"git\": executable file not found in %PATH%"[0m[0m [36mrepo=[0mStrangeBeeCorp/helm-charts
[90m1:32AM[0m [32mINF[0m [1mProcessing repo[0m [36mrepo=[0mredhat-developer/rhdh-chart [36mrepo_index=[0m419 [36mtotal_repos=[0m500
[90m1:32AM[0m [32mINF[0m [1mCloning (depth=1)[0m [36mdest=[0m"E:\\helm_clones_artifacthub\\redhat-developer__rhdh-chart" [36mrepo=[0mhttps://github.com/redhat-developer/rhdh-chart
[90m1:32AM[0m [31mERR[0m [1mClone failed – skipping[0m [36merror=[0m[31m[1m"exec: \"git\": executable file not found in %PATH%"[0m[0m [36mrepo=[0mredhat-developer/rhdh-chart
[90m1:32AM[0m [32mINF[0m [1mProcessing repo[0m [36mrepo=[0madfinis/helm-charts [36mrepo_index=[0m420 [36mtotal_repos=[0m500
[90m1:32AM[0m [32mINF[0m [1mCloning (depth=1)[0m [36mdest=[0m"E:\\helm_clones_artifacthub\\adfinis__helm-charts" [36mrepo=[0mhttps://github.com/adfinis/helm-charts
[90m1:32AM[0m [31mERR[0m [1mClone failed – skipping[0m [36merror=[0m[31m[1m"exec: \"git\": executable file not found in %PATH%"[0m[0m [36mrepo=[0madfinis/helm-charts
[90m1:32AM[0m [32mINF[0m [1mProcessing repo[0m [36mrepo=[0mBookStackApp/BookStack [36mrepo_index=[0m421 [36mtotal_repos=[0m500
[90m1:32AM[0m [32mINF[0m [1mCloning (depth=1)[0m [36mdest=[0m"E:\\helm_clones_artifacthub\\BookStackApp__BookStack" [36mrepo=[0mhttps://github.com/BookStackApp/BookStack
[90m1:32AM[0m [31mERR[0m [1mClone failed – skipping[0m [36merror=[0m[31m[1m"exec: \"git\": executable file not found in %PATH%"[0m[0m [36mrepo=[0mBookStackApp/BookStack
[90m1:32AM[0m [32mINF[0m [1mProcessing repo[0m [36mrepo=[0mgoogle/cadvisor [36mrepo_index=[0m422 [36mtotal_repos=[0m500
[90m1:32AM[0m [32mINF[0m [1mCloning (depth=1)[0m [36mdest=[0m"E:\\helm_clones_artifacthub\\google__cadvisor" [36mrepo=[0mhttps://github.com/google/cadvisor
[90m1:32AM[0m [31mERR[0m [1mClone failed – skipping[0m [36merror=[0m[31m[1m"exec: \"git\": executable file not found in %PATH%"[0m[0m [36mrepo=[0mgoogle/cadvisor
[90m1:32AM[0m [32mINF[0m [1mProcessing repo[0m [36mrepo=[0mcerbos/cerbos [36mrepo_index=[0m423 [36mtotal_repos=[0m500
[90m1:32AM[0m [32mINF[0m [1mCloning (depth=1)[0m [36mdest=[0m"E:\\helm_clones_artifacthub\\cerbos__cerbos" [36mrepo=[0mhttps://github.com/cerbos/cerbos
[90m1:32AM[0m [31mERR[0m [1mClone failed – skipping[0m [36merror=[0m[31m[1m"exec: \"git\": executable file not found in %PATH%"[0m[0m [36mrepo=[0mcerbos/cerbos
[90m1:32AM[0m [32mINF[0m [1mProcessing repo[0m [36mrepo=[0mebrianne/helm-charts [36mrepo_index=[0m424 [36mtotal_repos=[0m500
[90m1:32AM[0m [32mINF[0m [1mCloning (depth=1)[0m [36mdest=[0m"E:\\helm_clones_artifacthub\\ebrianne__helm-charts" [36mrepo=[0mhttps://github.com/ebrianne/helm-charts
[90m1:32AM[0m [31mERR[0m [1mClone failed – skipping[0m [36merror=[0m[31m[1m"exec: \"git\": executable file not found in %PATH%"[0m[0m [36mrepo=[0mebrianne/helm-charts
[90m1:32AM[0m [32mINF[0m [1mProcessing repo[0m [36mrepo=[0mcontaineroo/cloudflare-operator [36mrepo_index=[0m425 [36mtotal_repos=[0m500
[90m1:32AM[0m [32mINF[0m [1mCloning (depth=1)[0m [36mdest=[0m"E:\\helm_clones_artifacthub\\containeroo__cloudflare-operator" [36mrepo=[0mhttps://github.com/containeroo/cloudflare-operator
[90m1:32AM[0m [31mERR[0m [1mClone failed – skipping[0m [36merror=[0m[31m[1m"exec: \"git\": executable file not found in %PATH%"[0m[0m [36mrepo=[0mcontaineroo/cloudflare-operator
[90m1:32AM[0m [32mINF[0m [1mProcessing repo[0m [36mrepo=[0mzakkg3/ClusterSecret [36mrepo_index=[0m426 [36mtotal_repos=[0m500
[90m1:32AM[0m [32mINF[0m [1mCloning (depth=1)[0m [36mdest=[0m"E:\\helm_clones_artifacthub\\zakkg3__ClusterSecret" [36mrepo=[0mhttps://github.com/zakkg3/ClusterSecret
[90m1:32AM[0m [31mERR[0m [1mClone failed – skipping[0m [36merror=[0m[31m[1m"exec: \"git\": executable file not found in %PATH%"[0m[0m [36mrepo=[0mzakkg3/ClusterSecret
[90m1:32AM[0m [32mINF[0m [1mProcessing repo[0m [36mrepo=[0mkubeops/config-syncer [36mrepo_index=[0m427 [36mtotal_repos=[0m500
[90m1:32AM[0m [32mINF[0m [1mCloning (depth=1)[0m [36mdest=[0m"E:\\helm_clones_artifacthub\\kubeops__config-syncer" [36mrepo=[0mhttps://github.com/kubeops/config-syncer
[90m1:32AM[0m [31mERR[0m [1mClone failed – skipping[0m [36merror=[0m[31m[1m"exec: \"git\": executable file not found in %PATH%"[0m[0m [36mrepo=[0mkubeops/config-syncer
[90m1:32AM[0m [32mINF[0m [1mProcessing repo[0m [36mrepo=[0mcoturn/coturn [36mrepo_index=[0m428 [36mtotal_repos=[0m500
[90m1:32AM[0m [32mINF[0m [1mCloning (depth=1)[0m [36mdest=[0m"E:\\helm_clones_artifacthub\\coturn__coturn" [36mrepo=[0mhttps://github.com/coturn/coturn
[90m1:32AM[0m [31mERR[0m [1mClone failed – skipping[0m [36merror=[0m[31m[1m"exec: \"git\": executable file not found in %PATH%"[0m[0m [36mrepo=[0mcoturn/coturn
[90m1:32AM[0m [32mINF[0m [1mProcessing repo[0m [36mrepo=[0myutianaiqingtian/bigdata-platfrom-charts [36mrepo_index=[0m429 [36mtotal_repos=[0m500
[90m1:32AM[0m [32mINF[0m [1mCloning (depth=1)[0m [36mdest=[0m"E:\\helm_clones_artifacthub\\yutianaiqingtian__bigdata-platfrom-charts" [36mrepo=[0mhttps://github.com/yutianaiqingtian/bigdata-platfrom-charts
[90m1:32AM[0m [31mERR[0m [1mClone failed – skipping[0m [36merror=[0m[31m[1m"exec: \"git\": executable file not found in %PATH%"[0m[0m [36mrepo=[0myutianaiqingtian/bigdata-platfrom-charts
[90m1:32AM[0m [32mINF[0m [1mProcessing repo[0m [36mrepo=[0mapache/doris-operator [36mrepo_index=[0m430 [36mtotal_repos=[0m500
[90m1:32AM[0m [32mINF[0m [1mCloning (depth=1)[0m [36mdest=[0m"E:\\helm_clones_artifacthub\\apache__doris-operator" [36mrepo=[0mhttps://github.com/apache/doris-operator
[90m1:32AM[0m [31mERR[0m [1mClone failed – skipping[0m [36merror=[0m[31m[1m"exec: \"git\": executable file not found in %PATH%"[0m[0m [36mrepo=[0mapache/doris-operator
[90m1:32AM[0m [32mINF[0m [1mProcessing repo[0m [36mrepo=[0mmachine424/kube-hpa-scale-to-zero [36mrepo_index=[0m431 [36mtotal_repos=[0m500
[90m1:32AM[0m [32mINF[0m [1mCloning (depth=1)[0m [36mdest=[0m"E:\\helm_clones_artifacthub\\machine424__kube-hpa-scale-to-zero" [36mrepo=[0mhttps://github.com/machine424/kube-hpa-scale-to-zero
[90m1:32AM[0m [31mERR[0m [1mClone failed – skipping[0m [36merror=[0m[31m[1m"exec: \"git\": executable file not found in %PATH%"[0m[0m [36mrepo=[0mmachine424/kube-hpa-scale-to-zero
[90m1:32AM[0m [32mINF[0m [1mProcessing repo[0m [36mrepo=[0mcoreos/etcd [36mrepo_index=[0m432 [36mtotal_repos=[0m500
[90m1:32AM[0m [32mINF[0m [1mCloning (depth=1)[0m [36mdest=[0m"E:\\helm_clones_artifacthub\\coreos__etcd" [36mrepo=[0mhttps://github.com/coreos/etcd
[90m1:32AM[0m [31mERR[0m [1mClone failed – skipping[0m [36merror=[0m[31m[1m"exec: \"git\": executable file not found in %PATH%"[0m[0m [36mrepo=[0mcoreos/etcd
[90m1:32AM[0m [32mINF[0m [1mProcessing repo[0m [36mrepo=[0mFairwindsOps/gemini [36mrepo_index=[0m433 [36mtotal_repos=[0m500
[90m1:32AM[0m [32mINF[0m [1mCloning (depth=1)[0m [36mdest=[0m"E:\\helm_clones_artifacthub\\FairwindsOps__gemini" [36mrepo=[0mhttps://github.com/FairwindsOps/gemini
[90m1:32AM[0m [31mERR[0m [1mClone failed – skipping[0m [36merror=[0m[31m[1m"exec: \"git\": executable file not found in %PATH%"[0m[0m [36mrepo=[0mFairwindsOps/gemini
[90m1:32AM[0m [32mINF[0m [1mProcessing repo[0m [36mrepo=[0methereum/go-ethereum [36mrepo_index=[0m434 [36mtotal_repos=[0m500
[90m1:32AM[0m [32mINF[0m [1mCloning (depth=1)[0m [36mdest=[0m"E:\\helm_clones_artifacthub\\ethereum__go-ethereum" [36mrepo=[0mhttps://github.com/ethereum/go-ethereum
[90m1:32AM[0m [31mERR[0m [1mClone failed – skipping[0m [36merror=[0m[31m[1m"exec: \"git\": executable file not found in %PATH%"[0m[0m [36mrepo=[0methereum/go-ethereum
[90m1:32AM[0m [32mINF[0m [1mProcessing repo[0m [36mrepo=[0mpmoscode-helm/gotify [36mrepo_index=[0m435 [36mtotal_repos=[0m500
[90m1:32AM[0m [32mINF[0m [1mCloning (depth=1)[0m [36mdest=[0m"E:\\helm_clones_artifacthub\\pmoscode-helm__gotify" [36mrepo=[0mhttps://github.com/pmoscode-helm/gotify
[90m1:32AM[0m [31mERR[0m [1mClone failed – skipping[0m [36merror=[0m[31m[1m"exec: \"git\": executable file not found in %PATH%"[0m[0m [36mrepo=[0mpmoscode-helm/gotify
[90m1:32AM[0m [32mINF[0m [1mProcessing repo[0m [36mrepo=[0mapache/hadoop [36mrepo_index=[0m436 [36mtotal_repos=[0m500
[90m1:32AM[0m [32mINF[0m [1mCloning (depth=1)[0m [36mdest=[0m"E:\\helm_clones_artifacthub\\apache__hadoop" [36mrepo=[0mhttps://github.com/apache/hadoop
[90m1:32AM[0m [31mERR[0m [1mClone failed – skipping[0m [36merror=[0m[31m[1m"exec: \"git\": executable file not found in %PATH%"[0m[0m [36mrepo=[0mapache/hadoop
[90m1:32AM[0m [32mINF[0m [1mProcessing repo[0m [36mrepo=[0mhasura/graphql-engine [36mrepo_index=[0m437 [36mtotal_repos=[0m500
[90m1:32AM[0m [32mINF[0m [1mCloning (depth=1)[0m [36mdest=[0m"E:\\helm_clones_artifacthub\\hasura__graphql-engine" [36mrepo=[0mhttps://github.com/hasura/graphql-engine
[90m1:32AM[0m [31mERR[0m [1mClone failed – skipping[0m [36merror=[0m[31m[1m"exec: \"git\": executable file not found in %PATH%"[0m[0m [36mrepo=[0mhasura/graphql-engine
[90m1:32AM[0m [32mINF[0m [1mProcessing repo[0m [36mrepo=[0minstana/instana-agent-operator [36mrepo_index=[0m438 [36mtotal_repos=[0m500
[90m1:32AM[0m [32mINF[0m [1mCloning (depth=1)[0m [36mdest=[0m"E:\\helm_clones_artifacthub\\instana__instana-agent-operator" [36mrepo=[0mhttps://github.com/instana/instana-agent-operator
[90m1:32AM[0m [31mERR[0m [1mClone failed – skipping[0m [36merror=[0m[31m[1m"exec: \"git\": executable file not found in %PATH%"[0m[0m [36mrepo=[0minstana/instana-agent-operator
[90m1:32AM[0m [32mINF[0m [1mProcessing repo[0m [36mrepo=[0minstana/instana-autotrace-webhook [36mrepo_index=[0m439 [36mtotal_repos=[0m500
[90m1:32AM[0m [32mINF[0m [1mCloning (depth=1)[0m [36mdest=[0m"E:\\helm_clones_artifacthub\\instana__instana-autotrace-webhook" [36mrepo=[0mhttps://github.com/instana/instana-autotrace-webhook
[90m1:32AM[0m [31mERR[0m [1mClone failed – skipping[0m [36merror=[0m[31m[1m"exec: \"git\": executable file not found in %PATH%"[0m[0m [36mrepo=[0minstana/instana-autotrace-webhook
[90m1:32AM[0m [32mINF[0m [1mProcessing repo[0m [36mrepo=[0mintel/helm-charts [36mrepo_index=[0m440 [36mtotal_repos=[0m500
[90m1:32AM[0m [32mINF[0m [1mCloning (depth=1)[0m [36mdest=[0m"E:\\helm_clones_artifacthub\\intel__helm-charts" [36mrepo=[0mhttps://github.com/intel/helm-charts
[90m1:32AM[0m [31mERR[0m [1mClone failed – skipping[0m [36merror=[0m[31m[1m"exec: \"git\": executable file not found in %PATH%"[0m[0m [36mrepo=[0mintel/helm-charts
[90m1:32AM[0m [32mINF[0m [1mProcessing repo[0m [36mrepo=[0mk8s-at-home/charts [36mrepo_index=[0m441 [36mtotal_repos=[0m500
[90m1:32AM[0m [32mINF[0m [1mCloning (depth=1)[0m [36mdest=[0m"E:\\helm_clones_artifacthub\\k8s-at-home__charts" [36mrepo=[0mhttps://github.com/k8s-at-home/charts
[90m1:32AM[0m [31mERR[0m [1mClone failed – skipping[0m [36merror=[0m[31m[1m"exec: \"git\": executable file not found in %PATH%"[0m[0m [36mrepo=[0mk8s-at-home/charts
[90m1:32AM[0m [32mINF[0m [1mProcessing repo[0m [36mrepo=[0mbjw-s/helm-charts [36mrepo_index=[0m442 [36mtotal_repos=[0m500
[90m1:32AM[0m [32mINF[0m [1mCloning (depth=1)[0m [36mdest=[0m"E:\\helm_clones_artifacthub\\bjw-s__helm-charts" [36mrepo=[0mhttps://github.com/bjw-s/helm-charts
[90m1:32AM[0m [31mERR[0m [1mClone failed – skipping[0m [36merror=[0m[31m[1m"exec: \"git\": executable file not found in %PATH%"[0m[0m [36mrepo=[0mbjw-s/helm-charts
[90m1:32AM[0m [32mINF[0m [1mProcessing repo[0m [36mrepo=[0mjavimox/helm-charts [36mrepo_index=[0m443 [36mtotal_repos=[0m500
[90m1:32AM[0m [32mINF[0m [1mCloning (depth=1)[0m [36mdest=[0m"E:\\helm_clones_artifacthub\\javimox__helm-charts" [36mrepo=[0mhttps://github.com/javimox/helm-charts
[90m1:32AM[0m [31mERR[0m [1mClone failed – skipping[0m [36merror=[0m[31m[1m"exec: \"git\": executable file not found in %PATH%"[0m[0m [36mrepo=[0mjavimox/helm-charts
[90m1:32AM[0m [32mINF[0m [1mProcessing repo[0m [36mrepo=[0myonahd/kor [36mrepo_index=[0m444 [36mtotal_repos=[0m500
[90m1:32AM[0m [32mINF[0m [1mCloning (depth=1)[0m [36mdest=[0m"E:\\helm_clones_artifacthub\\yonahd__kor" [36mrepo=[0mhttps://github.com/yonahd/kor
[90m1:32AM[0m [31mERR[0m [1mClone failed – skipping[0m [36merror=[0m[31m[1m"exec: \"git\": executable file not found in %PATH%"[0m[0m [36mrepo=[0myonahd/kor
[90m1:32AM[0m [32mINF[0m [1mProcessing repo[0m [36mrepo=[0mkubitodev/kubernetes-cloudflare-ddns [36mrepo_index=[0m445 [36mtotal_repos=[0m500
[90m1:32AM[0m [32mINF[0m [1mCloning (depth=1)[0m [36mdest=[0m"E:\\helm_clones_artifacthub\\kubitodev__kubernetes-cloudflare-ddns" [36mrepo=[0mhttps://github.com/kubitodev/kubernetes-cloudflare-ddns
[90m1:32AM[0m [31mERR[0m [1mClone failed – skipping[0m [36merror=[0m[31m[1m"exec: \"git\": executable file not found in %PATH%"[0m[0m [36mrepo=[0mkubitodev/kubernetes-cloudflare-ddns
[90m1:32AM[0m [32mINF[0m [1mProcessing repo[0m [36mrepo=[0mGoogleChrome/lighthouse-ci [36mrepo_index=[0m446 [36mtotal_repos=[0m500
[90m1:32AM[0m [32mINF[0m [1mCloning (depth=1)[0m [36mdest=[0m"E:\\helm_clones_artifacthub\\GoogleChrome__lighthouse-ci" [36mrepo=[0mhttps://github.com/GoogleChrome/lighthouse-ci
[90m1:32AM[0m [31mERR[0m [1mClone failed – skipping[0m [36merror=[0m[31m[1m"exec: \"git\": executable file not found in %PATH%"[0m[0m [36mrepo=[0mGoogleChrome/lighthouse-ci
[90m1:32AM[0m [32mINF[0m [1mProcessing repo[0m [36mrepo=[0mkube-logging/logging-operator [36mrepo_index=[0m447 [36mtotal_repos=[0m500
[90m1:32AM[0m [32mINF[0m [1mCloning (depth=1)[0m [36mdest=[0m"E:\\helm_clones_artifacthub\\kube-logging__logging-operator" [36mrepo=[0mhttps://github.com/kube-logging/logging-operator
[90m1:32AM[0m [31mERR[0m [1mClone failed – skipping[0m [36merror=[0m[31m[1m"exec: \"git\": executable file not found in %PATH%"[0m[0m [36mrepo=[0mkube-logging/logging-operator
[90m1:32AM[0m [32mINF[0m [1mProcessing repo[0m [36mrepo=[0mcloudeteer/m365-exporter [36mrepo_index=[0m448 [36mtotal_repos=[0m500
[90m1:32AM[0m [32mINF[0m [1mCloning (depth=1)[0m [36mdest=[0m"E:\\helm_clones_artifacthub\\cloudeteer__m365-exporter" [36mrepo=[0mhttps://github.com/cloudeteer/m365-exporter
[90m1:32AM[0m [31mERR[0m [1mClone failed – skipping[0m [36merror=[0m[31m[1m"exec: \"git\": executable file not found in %PATH%"[0m[0m [36mrepo=[0mcloudeteer/m365-exporter
[90m1:32AM[0m [32mINF[0m [1mProcessing repo[0m [36mrepo=[0mnetbox-community/netbox-chart [36mrepo_index=[0m449 [36mtotal_repos=[0m500
[90m1:32AM[0m [32mINF[0m [1mCloning (depth=1)[0m [36mdest=[0m"E:\\helm_clones_artifacthub\\netbox-community__netbox-chart" [36mrepo=[0mhttps://github.com/netbox-community/netbox-chart
[90m1:32AM[0m [31mERR[0m [1mClone failed – skipping[0m [36merror=[0m[31m[1m"exec: \"git\": executable file not found in %PATH%"[0m[0m [36mrepo=[0mnetbox-community/netbox-chart
[90m1:32AM[0m [32mINF[0m [1mProcessing repo[0m [36mrepo=[0mobeone/charts [36mrepo_index=[0m450 [36mtotal_repos=[0m500
[90m1:32AM[0m [32mINF[0m [1mCloning (depth=1)[0m [36mdest=[0m"E:\\helm_clones_artifacthub\\obeone__charts" [36mrepo=[0mhttps://github.com/obeone/charts
[90m1:32AM[0m [31mERR[0m [1mClone failed – skipping[0m [36merror=[0m[31m[1m"exec: \"git\": executable file not found in %PATH%"[0m[0m [36mrepo=[0mobeone/charts
[90m1:32AM[0m [32mINF[0m [1mProcessing repo[0m [36mrepo=[0msuda/charts [36mrepo_index=[0m451 [36mtotal_repos=[0m500
[90m1:32AM[0m [32mINF[0m [1mCloning (depth=1)[0m [36mdest=[0m"E:\\helm_clones_artifacthub\\suda__charts" [36mrepo=[0mhttps://github.com/suda/charts
[90m1:32AM[0m [31mERR[0m [1mClone failed – skipping[0m [36merror=[0m[31m[1m"exec: \"git\": executable file not found in %PATH%"[0m[0m [36mrepo=[0msuda/charts
[90m1:32AM[0m [32mINF[0m [1mProcessing repo[0m [36mrepo=[0micoretech/helm [36mrepo_index=[0m452 [36mtotal_repos=[0m500
[90m1:32AM[0m [32mINF[0m [1mCloning (depth=1)[0m [36mdest=[0m"E:\\helm_clones_artifacthub\\icoretech__helm" [36mrepo=[0mhttps://github.com/icoretech/helm
[90m1:32AM[0m [31mERR[0m [1mClone failed – skipping[0m [36merror=[0m[31m[1m"exec: \"git\": executable file not found in %PATH%"[0m[0m [36mrepo=[0micoretech/helm
[90m1:32AM[0m [32mINF[0m [1mProcessing repo[0m [36mrepo=[0mcaas-team/py-kube-downscaler [36mrepo_index=[0m453 [36mtotal_repos=[0m500
[90m1:32AM[0m [32mINF[0m [1mCloning (depth=1)[0m [36mdest=[0m"E:\\helm_clones_artifacthub\\caas-team__py-kube-downscaler" [36mrepo=[0mhttps://github.com/caas-team/py-kube-downscaler
[90m1:32AM[0m [31mERR[0m [1mClone failed – skipping[0m [36merror=[0m[31m[1m"exec: \"git\": executable file not found in %PATH%"[0m[0m [36mrepo=[0mcaas-team/py-kube-downscaler
[90m1:32AM[0m [32mINF[0m [1mProcessing repo[0m [36mrepo=[0mmrnim94/redisinsight [36mrepo_index=[0m454 [36mtotal_repos=[0m500
[90m1:32AM[0m [32mINF[0m [1mCloning (depth=1)[0m [36mdest=[0m"E:\\helm_clones_artifacthub\\mrnim94__redisinsight" [36mrepo=[0mhttps://github.com/mrnim94/redisinsight
[90m1:32AM[0m [31mERR[0m [1mClone failed – skipping[0m [36merror=[0m[31m[1m"exec: \"git\": executable file not found in %PATH%"[0m[0m [36mrepo=[0mmrnim94/redisinsight
[90m1:32AM[0m [32mINF[0m [1mProcessing repo[0m [36mrepo=[0mheywood8/helm-charts [36mrepo_index=[0m455 [36mtotal_repos=[0m500
[90m1:32AM[0m [32mINF[0m [1mCloning (depth=1)[0m [36mdest=[0m"E:\\helm_clones_artifacthub\\heywood8__helm-charts" [36mrepo=[0mhttps://github.com/heywood8/helm-charts
[90m1:32AM[0m [31mERR[0m [1mClone failed – skipping[0m [36merror=[0m[31m[1m"exec: \"git\": executable file not found in %PATH%"[0m[0m [36mrepo=[0mheywood8/helm-charts
[90m1:32AM[0m [32mINF[0m [1mProcessing repo[0m [36mrepo=[0mliranme/redisinsight-secure [36mrepo_index=[0m456 [36mtotal_repos=[0m500
[90m1:32AM[0m [32mINF[0m [1mCloning (depth=1)[0m [36mdest=[0m"E:\\helm_clones_artifacthub\\liranme__redisinsight-secure" [36mrepo=[0mhttps://github.com/liranme/redisinsight-secure
[90m1:32AM[0m [31mERR[0m [1mClone failed – skipping[0m [36merror=[0m[31m[1m"exec: \"git\": executable file not found in %PATH%"[0m[0m [36mrepo=[0mliranme/redisinsight-secure
[90m1:32AM[0m [32mINF[0m [1mProcessing repo[0m [36mrepo=[0mkir4h/charts [36mrepo_index=[0m457 [36mtotal_repos=[0m500
[90m1:32AM[0m [32mINF[0m [1mCloning (depth=1)[0m [36mdest=[0m"E:\\helm_clones_artifacthub\\kir4h__charts" [36mrepo=[0mhttps://github.com/kir4h/charts
[90m1:32AM[0m [31mERR[0m [1mClone failed – skipping[0m [36merror=[0m[31m[1m"exec: \"git\": executable file not found in %PATH%"[0m[0m [36mrepo=[0mkir4h/charts
[90m1:32AM[0m [32mINF[0m [1mProcessing repo[0m [36mrepo=[0mectobit/charts [36mrepo_index=[0m458 [36mtotal_repos=[0m500
[90m1:32AM[0m [32mINF[0m [1mCloning (depth=1)[0m [36mdest=[0m"E:\\helm_clones_artifacthub\\ectobit__charts" [36mrepo=[0mhttps://github.com/ectobit/charts
[90m1:32AM[0m [31mERR[0m [1mClone failed – skipping[0m [36merror=[0m[31m[1m"exec: \"git\": executable file not found in %PATH%"[0m[0m [36mrepo=[0mectobit/charts
[90m1:32AM[0m [32mINF[0m [1mProcessing repo[0m [36mrepo=[0mrstudio/helm [36mrepo_index=[0m459 [36mtotal_repos=[0m500
[90m1:32AM[0m [32mINF[0m [1mCloning (depth=1)[0m [36mdest=[0m"E:\\helm_clones_artifacthub\\rstudio__helm" [36mrepo=[0mhttps://github.com/rstudio/helm
[90m1:32AM[0m [31mERR[0m [1mClone failed – skipping[0m [36merror=[0m[31m[1m"exec: \"git\": executable file not found in %PATH%"[0m[0m [36mrepo=[0mrstudio/helm
[90m1:32AM[0m [32mINF[0m [1mProcessing repo[0m [36mrepo=[0mpeak-scale/sops-operator [36mrepo_index=[0m460 [36mtotal_repos=[0m500
[90m1:32AM[0m [32mINF[0m [1mCloning (depth=1)[0m [36mdest=[0m"E:\\helm_clones_artifacthub\\peak-scale__sops-operator" [36mrepo=[0mhttps://github.com/peak-scale/sops-operator
[90m1:32AM[0m [31mERR[0m [1mClone failed – skipping[0m [36merror=[0m[31m[1m"exec: \"git\": executable file not found in %PATH%"[0m[0m [36mrepo=[0mpeak-scale/sops-operator
[90m1:32AM[0m [32mINF[0m [1mProcessing repo[0m [36mrepo=[0molehrgf/helm-charts [36mrepo_index=[0m461 [36mtotal_repos=[0m500
[90m1:32AM[0m [32mINF[0m [1mCloning (depth=1)[0m [36mdest=[0m"E:\\helm_clones_artifacthub\\olehrgf__helm-charts" [36mrepo=[0mhttps://github.com/olehrgf/helm-charts
[90m1:32AM[0m [31mERR[0m [1mClone failed – skipping[0m [36merror=[0m[31m[1m"exec: \"git\": executable file not found in %PATH%"[0m[0m [36mrepo=[0molehrgf/helm-charts
[90m1:32AM[0m [32mINF[0m [1mProcessing repo[0m [36mrepo=[0mTechnitiumSoftware/DnsServer [36mrepo_index=[0m462 [36mtotal_repos=[0m500
[90m1:32AM[0m [32mINF[0m [1mCloning (depth=1)[0m [36mdest=[0m"E:\\helm_clones_artifacthub\\TechnitiumSoftware__DnsServer" [36mrepo=[0mhttps://github.com/TechnitiumSoftware/DnsServer
[90m1:32AM[0m [31mERR[0m [1mClone failed – skipping[0m [36merror=[0m[31m[1m"exec: \"git\": executable file not found in %PATH%"[0m[0m [36mrepo=[0mTechnitiumSoftware/DnsServer
[90m1:32AM[0m [32mINF[0m [1mProcessing repo[0m [36mrepo=[0mhpe-storage/truenas-csp [36mrepo_index=[0m463 [36mtotal_repos=[0m500
[90m1:32AM[0m [32mINF[0m [1mCloning (depth=1)[0m [36mdest=[0m"E:\\helm_clones_artifacthub\\hpe-storage__truenas-csp" [36mrepo=[0mhttps://github.com/hpe-storage/truenas-csp
[90m1:32AM[0m [31mERR[0m [1mClone failed – skipping[0m [36merror=[0m[31m[1m"exec: \"git\": executable file not found in %PATH%"[0m[0m [36mrepo=[0mhpe-storage/truenas-csp
[90m1:32AM[0m [32mINF[0m [1mProcessing repo[0m [36mrepo=[0mchristianhuth/helm-charts [36mrepo_index=[0m464 [36mtotal_repos=[0m500
[90m1:32AM[0m [32mINF[0m [1mCloning (depth=1)[0m [36mdest=[0m"E:\\helm_clones_artifacthub\\christianhuth__helm-charts" [36mrepo=[0mhttps://github.com/christianhuth/helm-charts
[90m1:32AM[0m [31mERR[0m [1mClone failed – skipping[0m [36merror=[0m[31m[1m"exec: \"git\": executable file not found in %PATH%"[0m[0m [36mrepo=[0mchristianhuth/helm-charts
[90m1:32AM[0m [32mINF[0m [1mProcessing repo[0m [36mrepo=[0msitewhere/sitewhere-k8s [36mrepo_index=[0m465 [36mtotal_repos=[0m500
[90m1:32AM[0m [32mINF[0m [1mCloning (depth=1)[0m [36mdest=[0m"E:\\helm_clones_artifacthub\\sitewhere__sitewhere-k8s" [36mrepo=[0mhttps://github.com/sitewhere/sitewhere-k8s
[90m1:32AM[0m [31mERR[0m [1mClone failed – skipping[0m [36merror=[0m[31m[1m"exec: \"git\": executable file not found in %PATH%"[0m[0m [36mrepo=[0msitewhere/sitewhere-k8s
[90m1:32AM[0m [32mINF[0m [1mProcessing repo[0m [36mrepo=[0mwazuh/wazuh-kubernetes [36mrepo_index=[0m466 [36mtotal_repos=[0m500
[90m1:32AM[0m [32mINF[0m [1mCloning (depth=1)[0m [36mdest=[0m"E:\\helm_clones_artifacthub\\wazuh__wazuh-kubernetes" [36mrepo=[0mhttps://github.com/wazuh/wazuh-kubernetes
[90m1:32AM[0m [31mERR[0m [1mClone failed – skipping[0m [36merror=[0m[31m[1m"exec: \"git\": executable file not found in %PATH%"[0m[0m [36mrepo=[0mwazuh/wazuh-kubernetes
[90m1:32AM[0m [32mINF[0m [1mProcessing repo[0m [36mrepo=[0mAvistoTelecom/charts [36mrepo_index=[0m467 [36mtotal_repos=[0m500
[90m1:32AM[0m [32mINF[0m [1mCloning (depth=1)[0m [36mdest=[0m"E:\\helm_clones_artifacthub\\AvistoTelecom__charts" [36mrepo=[0mhttps://github.com/AvistoTelecom/charts
[90m1:32AM[0m [31mERR[0m [1mClone failed – skipping[0m [36merror=[0m[31m[1m"exec: \"git\": executable file not found in %PATH%"[0m[0m [36mrepo=[0mAvistoTelecom/charts
[90m1:32AM[0m [32mINF[0m [1mProcessing repo[0m [36mrepo=[0mtraefik/whoami [36mrepo_index=[0m468 [36mtotal_repos=[0m500
[90m1:32AM[0m [32mINF[0m [1mCloning (depth=1)[0m [36mdest=[0m"E:\\helm_clones_artifacthub\\traefik__whoami" [36mrepo=[0mhttps://github.com/traefik/whoami
[90m1:32AM[0m [31mERR[0m [1mClone failed – skipping[0m [36merror=[0m[31m[1m"exec: \"git\": executable file not found in %PATH%"[0m[0m [36mrepo=[0mtraefik/whoami
[90m1:32AM[0m [32mINF[0m [1mProcessing repo[0m [36mrepo=[0mrancher/system-upgrade-controller [36mrepo_index=[0m469 [36mtotal_repos=[0m500
[90m1:32AM[0m [32mINF[0m [1mCloning (depth=1)[0m [36mdest=[0m"E:\\helm_clones_artifacthub\\rancher__system-upgrade-controller" [36mrepo=[0mhttps://github.com/rancher/system-upgrade-controller
[90m1:32AM[0m [31mERR[0m [1mClone failed – skipping[0m [36merror=[0m[31m[1m"exec: \"git\": executable file not found in %PATH%"[0m[0m [36mrepo=[0mrancher/system-upgrade-controller
[90m1:32AM[0m [32mINF[0m [1mProcessing repo[0m [36mrepo=[0mtailscale/tailscale [36mrepo_index=[0m470 [36mtotal_repos=[0m500
[90m1:32AM[0m [32mINF[0m [1mCloning (depth=1)[0m [36mdest=[0m"E:\\helm_clones_artifacthub\\tailscale__tailscale" [36mrepo=[0mhttps://github.com/tailscale/tailscale
[90m1:32AM[0m [31mERR[0m [1mClone failed – skipping[0m [36merror=[0m[31m[1m"exec: \"git\": executable file not found in %PATH%"[0m[0m [36mrepo=[0mtailscale/tailscale
[90m1:32AM[0m [32mINF[0m [1mProcessing repo[0m [36mrepo=[0mmvisonneau/tailscale-relay-over-k8s [36mrepo_index=[0m471 [36mtotal_repos=[0m500
[90m1:32AM[0m [32mINF[0m [1mCloning (depth=1)[0m [36mdest=[0m"E:\\helm_clones_artifacthub\\mvisonneau__tailscale-relay-over-k8s" [36mrepo=[0mhttps://github.com/mvisonneau/tailscale-relay-over-k8s
[90m1:32AM[0m [31mERR[0m [1mClone failed – skipping[0m [36merror=[0m[31m[1m"exec: \"git\": executable file not found in %PATH%"[0m[0m [36mrepo=[0mmvisonneau/tailscale-relay-over-k8s
[90m1:32AM[0m [32mINF[0m [1mProcessing repo[0m [36mrepo=[0mUffizziCloud/uffizzi_controller [36mrepo_index=[0m472 [36mtotal_repos=[0m500
[90m1:32AM[0m [32mINF[0m [1mCloning (depth=1)[0m [36mdest=[0m"E:\\helm_clones_artifacthub\\UffizziCloud__uffizzi_controller" [36mrepo=[0mhttps://github.com/UffizziCloud/uffizzi_controller
[90m1:32AM[0m [31mERR[0m [1mClone failed – skipping[0m [36merror=[0m[31m[1m"exec: \"git\": executable file not found in %PATH%"[0m[0m [36mrepo=[0mUffizziCloud/uffizzi_controller
[90m1:32AM[0m [32mINF[0m [1mProcessing repo[0m [36mrepo=[0mlouislam/uptime-kuma [36mrepo_index=[0m473 [36mtotal_repos=[0m500
[90m1:32AM[0m [32mINF[0m [1mCloning (depth=1)[0m [36mdest=[0m"E:\\helm_clones_artifacthub\\louislam__uptime-kuma" [36mrepo=[0mhttps://github.com/louislam/uptime-kuma
[90m1:32AM[0m [31mERR[0m [1mClone failed – skipping[0m [36merror=[0m[31m[1m"exec: \"git\": executable file not found in %PATH%"[0m[0m [36mrepo=[0mlouislam/uptime-kuma
[90m1:32AM[0m [32mINF[0m [1mProcessing repo[0m [36mrepo=[0mweaveworks/scope [36mrepo_index=[0m474 [36mtotal_repos=[0m500
[90m1:32AM[0m [32mINF[0m [1mCloning (depth=1)[0m [36mdest=[0m"E:\\helm_clones_artifacthub\\weaveworks__scope" [36mrepo=[0mhttps://github.com/weaveworks/scope
[90m1:32AM[0m [31mERR[0m [1mClone failed – skipping[0m [36merror=[0m[31m[1m"exec: \"git\": executable file not found in %PATH%"[0m[0m [36mrepo=[0mweaveworks/scope
[90m1:32AM[0m [32mINF[0m [1mProcessing repo[0m [36mrepo=[0mKoenkk/zigbee2mqtt [36mrepo_index=[0m475 [36mtotal_repos=[0m500
[90m1:32AM[0m [32mINF[0m [1mCloning (depth=1)[0m [36mdest=[0m"E:\\helm_clones_artifacthub\\Koenkk__zigbee2mqtt" [36mrepo=[0mhttps://github.com/Koenkk/zigbee2mqtt
[90m1:32AM[0m [31mERR[0m [1mClone failed – skipping[0m [36merror=[0m[31m[1m"exec: \"git\": executable file not found in %PATH%"[0m[0m [36mrepo=[0mKoenkk/zigbee2mqtt
[90m1:32AM[0m [32mINF[0m [1mProcessing repo[0m [36mrepo=[0mabcdesktopio/helm [36mrepo_index=[0m476 [36mtotal_repos=[0m500
[90m1:32AM[0m [32mINF[0m [1mCloning (depth=1)[0m [36mdest=[0m"E:\\helm_clones_artifacthub\\abcdesktopio__helm" [36mrepo=[0mhttps://github.com/abcdesktopio/helm
[90m1:32AM[0m [31mERR[0m [1mClone failed – skipping[0m [36merror=[0m[31m[1m"exec: \"git\": executable file not found in %PATH%"[0m[0m [36mrepo=[0mabcdesktopio/helm
[90m1:32AM[0m [32mINF[0m [1mProcessing repo[0m [36mrepo=[0mprojectcapsule/capsule [36mrepo_index=[0m477 [36mtotal_repos=[0m500
[90m1:32AM[0m [32mINF[0m [1mCloning (depth=1)[0m [36mdest=[0m"E:\\helm_clones_artifacthub\\projectcapsule__capsule" [36mrepo=[0mhttps://github.com/projectcapsule/capsule
[90m1:32AM[0m [31mERR[0m [1mClone failed – skipping[0m [36merror=[0m[31m[1m"exec: \"git\": executable file not found in %PATH%"[0m[0m [36mrepo=[0mprojectcapsule/capsule
[90m1:32AM[0m [32mINF[0m [1mProcessing repo[0m [36mrepo=[0mtruecharts/containers [36mrepo_index=[0m478 [36mtotal_repos=[0m500
[90m1:32AM[0m [32mINF[0m [1mCloning (depth=1)[0m [36mdest=[0m"E:\\helm_clones_artifacthub\\truecharts__containers" [36mrepo=[0mhttps://github.com/truecharts/containers
[90m1:32AM[0m [31mERR[0m [1mClone failed – skipping[0m [36merror=[0m[31m[1m"exec: \"git\": executable file not found in %PATH%"[0m[0m [36mrepo=[0mtruecharts/containers
[90m1:32AM[0m [32mINF[0m [1mProcessing repo[0m [36mrepo=[0mweka/csi-wekafs [36mrepo_index=[0m479 [36mtotal_repos=[0m500
[90m1:32AM[0m [32mINF[0m [1mCloning (depth=1)[0m [36mdest=[0m"E:\\helm_clones_artifacthub\\weka__csi-wekafs" [36mrepo=[0mhttps://github.com/weka/csi-wekafs
[90m1:32AM[0m [31mERR[0m [1mClone failed – skipping[0m [36merror=[0m[31m[1m"exec: \"git\": executable file not found in %PATH%"[0m[0m [36mrepo=[0mweka/csi-wekafs
[90m1:32AM[0m [32mINF[0m [1mProcessing repo[0m [36mrepo=[0mepam/ai-dial-helm [36mrepo_index=[0m480 [36mtotal_repos=[0m500
[90m1:32AM[0m [32mINF[0m [1mCloning (depth=1)[0m [36mdest=[0m"E:\\helm_clones_artifacthub\\epam__ai-dial-helm" [36mrepo=[0mhttps://github.com/epam/ai-dial-helm
[90m1:32AM[0m [31mERR[0m [1mClone failed – skipping[0m [36merror=[0m[31m[1m"exec: \"git\": executable file not found in %PATH%"[0m[0m [36mrepo=[0mepam/ai-dial-helm
[90m1:32AM[0m [32mINF[0m [1mProcessing repo[0m [36mrepo=[0mKong/charts [36mrepo_index=[0m481 [36mtotal_repos=[0m500
[90m1:32AM[0m [32mINF[0m [1mCloning (depth=1)[0m [36mdest=[0m"E:\\helm_clones_artifacthub\\Kong__charts" [36mrepo=[0mhttps://github.com/Kong/charts
[90m1:32AM[0m [31mERR[0m [1mClone failed – skipping[0m [36merror=[0m[31m[1m"exec: \"git\": executable file not found in %PATH%"[0m[0m [36mrepo=[0mKong/charts
[90m1:32AM[0m [32mINF[0m [1mProcessing repo[0m [36mrepo=[0margoproj-labs/gitops-promoter-helm [36mrepo_index=[0m482 [36mtotal_repos=[0m500
[90m1:32AM[0m [32mINF[0m [1mCloning (depth=1)[0m [36mdest=[0m"E:\\helm_clones_artifacthub\\argoproj-labs__gitops-promoter-helm" [36mrepo=[0mhttps://github.com/argoproj-labs/gitops-promoter-helm
[90m1:32AM[0m [31mERR[0m [1mClone failed – skipping[0m [36merror=[0m[31m[1m"exec: \"git\": executable file not found in %PATH%"[0m[0m [36mrepo=[0margoproj-labs/gitops-promoter-helm
[90m1:32AM[0m [32mINF[0m [1mProcessing repo[0m [36mrepo=[0mapache/hertzbeat [36mrepo_index=[0m483 [36mtotal_repos=[0m500
[90m1:32AM[0m [32mINF[0m [1mCloning (depth=1)[0m [36mdest=[0m"E:\\helm_clones_artifacthub\\apache__hertzbeat" [36mrepo=[0mhttps://github.com/apache/hertzbeat
[90m1:32AM[0m [31mERR[0m [1mClone failed – skipping[0m [36merror=[0m[31m[1m"exec: \"git\": executable file not found in %PATH%"[0m[0m [36mrepo=[0mapache/hertzbeat
[90m1:32AM[0m [32mINF[0m [1mProcessing repo[0m [36mrepo=[0msustainable-computing-io/kepler [36mrepo_index=[0m484 [36mtotal_repos=[0m500
[90m1:32AM[0m [32mINF[0m [1mCloning (depth=1)[0m [36mdest=[0m"E:\\helm_clones_artifacthub\\sustainable-computing-io__kepler" [36mrepo=[0mhttps://github.com/sustainable-computing-io/kepler
[90m1:32AM[0m [31mERR[0m [1mClone failed – skipping[0m [36merror=[0m[31m[1m"exec: \"git\": executable file not found in %PATH%"[0m[0m [36mrepo=[0msustainable-computing-io/kepler
[90m1:32AM[0m [32mINF[0m [1mProcessing repo[0m [36mrepo=[0mfactorhouse/kpow [36mrepo_index=[0m485 [36mtotal_repos=[0m500
[90m1:32AM[0m [32mINF[0m [1mCloning (depth=1)[0m [36mdest=[0m"E:\\helm_clones_artifacthub\\factorhouse__kpow" [36mrepo=[0mhttps://github.com/factorhouse/kpow
[90m1:32AM[0m [31mERR[0m [1mClone failed – skipping[0m [36merror=[0m[31m[1m"exec: \"git\": executable file not found in %PATH%"[0m[0m [36mrepo=[0mfactorhouse/kpow
[90m1:32AM[0m [32mINF[0m [1mProcessing repo[0m [36mrepo=[0mkubewarden/helm-charts [36mrepo_index=[0m486 [36mtotal_repos=[0m500
[90m1:32AM[0m [32mINF[0m [1mCloning (depth=1)[0m [36mdest=[0m"E:\\helm_clones_artifacthub\\kubewarden__helm-charts" [36mrepo=[0mhttps://github.com/kubewarden/helm-charts
[90m1:32AM[0m [31mERR[0m [1mClone failed – skipping[0m [36merror=[0m[31m[1m"exec: \"git\": executable file not found in %PATH%"[0m[0m [36mrepo=[0mkubewarden/helm-charts
[90m1:32AM[0m [32mINF[0m [1mProcessing repo[0m [36mrepo=[0mnetscaler/netscaler-k8s-ingress-controller [36mrepo_index=[0m487 [36mtotal_repos=[0m500
[90m1:32AM[0m [32mINF[0m [1mCloning (depth=1)[0m [36mdest=[0m"E:\\helm_clones_artifacthub\\netscaler__netscaler-k8s-ingress-controller" [36mrepo=[0mhttps://github.com/netscaler/netscaler-k8s-ingress-controller
[90m1:32AM[0m [31mERR[0m [1mClone failed – skipping[0m [36merror=[0m[31m[1m"exec: \"git\": executable file not found in %PATH%"[0m[0m [36mrepo=[0mnetscaler/netscaler-k8s-ingress-controller
[90m1:32AM[0m [32mINF[0m [1mProcessing repo[0m [36mrepo=[0mcontainers/nri-plugins [36mrepo_index=[0m488 [36mtotal_repos=[0m500
[90m1:32AM[0m [32mINF[0m [1mCloning (depth=1)[0m [36mdest=[0m"E:\\helm_clones_artifacthub\\containers__nri-plugins" [36mrepo=[0mhttps://github.com/containers/nri-plugins
[90m1:32AM[0m [31mERR[0m [1mClone failed – skipping[0m [36merror=[0m[31m[1m"exec: \"git\": executable file not found in %PATH%"[0m[0m [36mrepo=[0mcontainers/nri-plugins
[90m1:32AM[0m [32mINF[0m [1mProcessing repo[0m [36mrepo=[0mnutanix/helm [36mrepo_index=[0m489 [36mtotal_repos=[0m500
[90m1:32AM[0m [32mINF[0m [1mCloning (depth=1)[0m [36mdest=[0m"E:\\helm_clones_artifacthub\\nutanix__helm" [36mrepo=[0mhttps://github.com/nutanix/helm
[90m1:32AM[0m [31mERR[0m [1mClone failed – skipping[0m [36merror=[0m[31m[1m"exec: \"git\": executable file not found in %PATH%"[0m[0m [36mrepo=[0mnutanix/helm
[90m1:32AM[0m [32mINF[0m [1mProcessing repo[0m [36mrepo=[0mOpenVPN/as-helm-chart [36mrepo_index=[0m490 [36mtotal_repos=[0m500
[90m1:32AM[0m [32mINF[0m [1mCloning (depth=1)[0m [36mdest=[0m"E:\\helm_clones_artifacthub\\OpenVPN__as-helm-chart" [36mrepo=[0mhttps://github.com/OpenVPN/as-helm-chart
[90m1:32AM[0m [31mERR[0m [1mClone failed – skipping[0m [36merror=[0m[31m[1m"exec: \"git\": executable file not found in %PATH%"[0m[0m [36mrepo=[0mOpenVPN/as-helm-chart
[90m1:32AM[0m [32mINF[0m [1mProcessing repo[0m [36mrepo=[0mport-labs/helm-charts [36mrepo_index=[0m491 [36mtotal_repos=[0m500
[90m1:32AM[0m [32mINF[0m [1mCloning (depth=1)[0m [36mdest=[0m"E:\\helm_clones_artifacthub\\port-labs__helm-charts" [36mrepo=[0mhttps://github.com/port-labs/helm-charts
[90m1:32AM[0m [31mERR[0m [1mClone failed – skipping[0m [36merror=[0m[31m[1m"exec: \"git\": executable file not found in %PATH%"[0m[0m [36mrepo=[0mport-labs/helm-charts
[90m1:32AM[0m [32mINF[0m [1mProcessing repo[0m [36mrepo=[0mprometheus-community/json_exporter [36mrepo_index=[0m492 [36mtotal_repos=[0m500
[90m1:32AM[0m [32mINF[0m [1mCloning (depth=1)[0m [36mdest=[0m"E:\\helm_clones_artifacthub\\prometheus-community__json_exporter" [36mrepo=[0mhttps://github.com/prometheus-community/json_exporter
[90m1:32AM[0m [31mERR[0m [1mClone failed – skipping[0m [36merror=[0m[31m[1m"exec: \"git\": executable file not found in %PATH%"[0m[0m [36mrepo=[0mprometheus-community/json_exporter
[90m1:32AM[0m [32mINF[0m [1mProcessing repo[0m [36mrepo=[0mrelution-io/relution-kubernetes [36mrepo_index=[0m493 [36mtotal_repos=[0m500
[90m1:32AM[0m [32mINF[0m [1mCloning (depth=1)[0m [36mdest=[0m"E:\\helm_clones_artifacthub\\relution-io__relution-kubernetes" [36mrepo=[0mhttps://github.com/relution-io/relution-kubernetes
[90m1:32AM[0m [31mERR[0m [1mClone failed – skipping[0m [36merror=[0m[31m[1m"exec: \"git\": executable file not found in %PATH%"[0m[0m [36mrepo=[0mrelution-io/relution-kubernetes
[90m1:32AM[0m [32mINF[0m [1mProcessing repo[0m [36mrepo=[0ms3gw-tech/s3gw-charts [36mrepo_index=[0m494 [36mtotal_repos=[0m500
[90m1:32AM[0m [32mINF[0m [1mCloning (depth=1)[0m [36mdest=[0m"E:\\helm_clones_artifacthub\\s3gw-tech__s3gw-charts" [36mrepo=[0mhttps://github.com/s3gw-tech/s3gw-charts
[90m1:32AM[0m [31mERR[0m [1mClone failed – skipping[0m [36merror=[0m[31m[1m"exec: \"git\": executable file not found in %PATH%"[0m[0m [36mrepo=[0ms3gw-tech/s3gw-charts
[90m1:32AM[0m [32mINF[0m [1mProcessing repo[0m [36mrepo=[0mkubewarden/sbomscanner [36mrepo_index=[0m495 [36mtotal_repos=[0m500
[90m1:32AM[0m [32mINF[0m [1mCloning (depth=1)[0m [36mdest=[0m"E:\\helm_clones_artifacthub\\kubewarden__sbomscanner" [36mrepo=[0mhttps://github.com/kubewarden/sbomscanner
[90m1:32AM[0m [31mERR[0m [1mClone failed – skipping[0m [36merror=[0m[31m[1m"exec: \"git\": executable file not found in %PATH%"[0m[0m [36mrepo=[0mkubewarden/sbomscanner
[90m1:32AM[0m [32mINF[0m [1mProcessing repo[0m [36mrepo=[0mSonarSource/docker-sonarqube [36mrepo_index=[0m496 [36mtotal_repos=[0m500
[90m1:32AM[0m [32mINF[0m [1mCloning (depth=1)[0m [36mdest=[0m"E:\\helm_clones_artifacthub\\SonarSource__docker-sonarqube" [36mrepo=[0mhttps://github.com/SonarSource/docker-sonarqube
[90m1:32AM[0m [31mERR[0m [1mClone failed – skipping[0m [36merror=[0m[31m[1m"exec: \"git\": executable file not found in %PATH%"[0m[0m [36mrepo=[0mSonarSource/docker-sonarqube
[90m1:32AM[0m [32mINF[0m [1mProcessing repo[0m [36mrepo=[0mapache/spark-kubernetes-operator [36mrepo_index=[0m497 [36mtotal_repos=[0m500
[90m1:32AM[0m [32mINF[0m [1mCloning (depth=1)[0m [36mdest=[0m"E:\\helm_clones_artifacthub\\apache__spark-kubernetes-operator" [36mrepo=[0mhttps://github.com/apache/spark-kubernetes-operator
[90m1:32AM[0m [31mERR[0m [1mClone failed – skipping[0m [36merror=[0m[31m[1m"exec: \"git\": executable file not found in %PATH%"[0m[0m [36mrepo=[0mapache/spark-kubernetes-operator
[90m1:32AM[0m [32mINF[0m [1mProcessing repo[0m [36mrepo=[0msuperstreamlabs/superstream-engine [36mrepo_index=[0m498 [36mtotal_repos=[0m500
[90m1:32AM[0m [32mINF[0m [1mCloning (depth=1)[0m [36mdest=[0m"E:\\helm_clones_artifacthub\\superstreamlabs__superstream-engine" [36mrepo=[0mhttps://github.com/superstreamlabs/superstream-engine
[90m1:32AM[0m [31mERR[0m [1mClone failed – skipping[0m [36merror=[0m[31m[1m"exec: \"git\": executable file not found in %PATH%"[0m[0m [36mrepo=[0msuperstreamlabs/superstream-engine
[90m1:32AM[0m [32mINF[0m [1mProcessing repo[0m [36mrepo=[0mvmware-tanzu/secrets-manager [36mrepo_index=[0m499 [36mtotal_repos=[0m500
[90m1:32AM[0m [32mINF[0m [1mCloning (depth=1)[0m [36mdest=[0m"E:\\helm_clones_artifacthub\\vmware-tanzu__secrets-manager" [36mrepo=[0mhttps://github.com/vmware-tanzu/secrets-manager
[90m1:32AM[0m [31mERR[0m [1mClone failed – skipping[0m [36merror=[0m[31m[1m"exec: \"git\": executable file not found in %PATH%"[0m[0m [36mrepo=[0mvmware-tanzu/secrets-manager
[90m1:32AM[0m [32mINF[0m [1mProcessing repo[0m [36mrepo=[0mshini4i/charts [36mrepo_index=[0m500 [36mtotal_repos=[0m500
[90m1:32AM[0m [32mINF[0m [1mCloning (depth=1)[0m [36mdest=[0m"E:\\helm_clones_artifacthub\\shini4i__charts" [36mrepo=[0mhttps://github.com/shini4i/charts
[90m1:32AM[0m [31mERR[0m [1mClone failed – skipping[0m [36merror=[0m[31m[1m"exec: \"git\": executable file not found in %PATH%"[0m[0m [36mrepo=[0mshini4i/charts
[90m1:32AM[0m [32mINF[0m [1mDone[0m [36mdep_failures=[0m0 [36mfailures=[0m0 [36mrepos=[0m0 [36msuccesses=[0m0 [36mtotal_runs=[0m0
