[90m1:32AM[0m [32mINF[0m [1mLoaded environment variables from .env[0m
[90m1:32AM[0m [32mINF[0m [1mGitHub source selected: loading ranked repos from JSON[0m [36msearch_json=[0mgithub_search.json [36mtop=[0m500
[90m1:32AM[0m [32mINF[0m [1mProcessing repo[0m [36mrepo=[0mrancher/rancher [36mrepo_index=[0m1 [36mtotal_repos=[0m500
[90m1:32AM[0m [32mINF[0m [1mCloning (depth=1)[0m [36mdest=[0m"E:\\helm_clones_github\\rancher__rancher" [36mrepo=[0mhttps://github.com/rancher/rancher
[90m1:32AM[0m [31mERR[0m [1mClone failed – skipping[0m [36merror=[0m[31m[1m"exec: \"git\": executable file not found in %PATH%"[0m[0m [36mrepo=[0mrancher/rancher
[90m1:32AM[0m [32mINF[0m [1mProcessing repo[0m [36mrepo=[0mlabring/sealos [36mrepo_index=[0m2 [36mtotal_repos=[0m500
[90m1:32AM[0m [32mINF[0m [1mCloning (depth=1)[0m [36mdest=[0m"E:\\helm_clones_github\\labring__sealos" [36mrepo=[0mhttps://github.com/labring/sealos
[90m1:32AM[0m [31mERR[0m [1mClone failed – skipping[0m [36merror=[0m[31m[1m"exec: \"git\": executable file not found in %PATH%"[0m[0m [36mrepo=[0mlabring/sealos
[90m1:32AM[0m [32mINF[0m [1mProcessing repo[0m [36mrepo=[0mcert-manager/cert-manager [36mrepo_index=[0m3 [36mtotal_repos=[0m500
[90m1:32AM[0m [32mINF[0m [1mCloning (depth=1)[0m [36mdest=[0m"E:\\helm_clones_github\\cert-manager__cert-manager" [36mrepo=[0mhttps://github.com/cert-manager/cert-manager
[90m1:32AM[0m [31mERR[0m [1mClone failed – skipping[0m [36merror=[0m[31m[1m"exec: \"git\": executable file not found in %PATH%"[0m[0m [36mrepo=[0mcert-manager/cert-manager
[90m1:32AM[0m [32mINF[0m [1mProcessing repo[0m [36mrepo=[0mbitnami/charts [36mrepo_index=[0m4 [36mtotal_repos=[0m500
[90m1:32AM[0m [32mINF[0m [1mCloning (depth=1)[0m [36mdest=[0m"E:\\helm_clones_github\\bitnami__charts" [36mrepo=[0mhttps://github.com/bitnami/charts
[90m1:32AM[0m [31mERR[0m [1mClone failed – skipping[0m [36merror=[0m[31m[1m"exec: \"git\": executable file not found in %PATH%"[0m[0m [36mrepo=[0mbitnami/charts
[90m1:32AM[0m [32mINF[0m [1mProcessing repo[0m [36mrepo=[0mrefly-ai/refly [36mrepo_index=[0m5 [36mtotal_repos=[0m500
[90m1:32AM[0m [32mINF[0m [1mCloning (depth=1)[0m [36mdest=[0m"E:\\helm_clones_github\\refly-ai__refly" [36mrepo=[0mhttps://github.com/refly-ai/refly
[90m1:32AM[0m [31mERR[0m [1mClone failed – skipping[0m [36merror=[0m[31m[1m"exec: \"git\": executable file not found in %PATH%"[0m[0m [36mrepo=[0mrefly-ai/refly
[90m1:32AM[0m [32mINF[0m [1mProcessing repo[0m [36mrepo=[0mmicrosoft/FluidFramework [36mrepo_index=[0m6 [36mtotal_repos=[0m500
[90m1:32AM[0m [32mINF[0m [1mCloning (depth=1)[0m [36mdest=[0m"E:\\helm_clones_github\\microsoft__FluidFramework" [36mrepo=[0mhttps://github.com/microsoft/FluidFramework
[90m1:32AM[0m [31mERR[0m [1mClone failed – skipping[0m [36merror=[0m[31m[1m"exec: \"git\": executable file not found in %PATH%"[0m[0m [36mrepo=[0mmicrosoft/FluidFramework
[90m1:32AM[0m [32mINF[0m [1mProcessing repo[0m [36mrepo=[0memissary-ingress/emissary [36mrepo_index=[0m7 [36mtotal_repos=[0m500
[90m1:32AM[0m [32mINF[0m [1mCloning (depth=1)[0m [36mdest=[0m"E:\\helm_clones_github\\emissary-ingress__emissary" [36mrepo=[0mhttps://github.com/emissary-ingress/emissary
[90m1:32AM[0m [31mERR[0m [1mClone failed – skipping[0m [36merror=[0m[31m[1m"exec: \"git\": executable file not found in %PATH%"[0m[0m [36mrepo=[0memissary-ingress/emissary
[90m1:32AM[0m [32mINF[0m [1mProcessing repo[0m [36mrepo=[0mDataLinkDC/dinky [36mrepo_index=[0m8 [36mtotal_repos=[0m500
[90m1:32AM[0m [32mINF[0m [1mCloning (depth=1)[0m [36mdest=[0m"E:\\helm_clones_github\\DataLinkDC__dinky" [36mrepo=[0mhttps://github.com/DataLinkDC/dinky
[90m1:32AM[0m [31mERR[0m [1mClone failed – skipping[0m [36merror=[0m[31m[1m"exec: \"git\": executable file not found in %PATH%"[0m[0m [36mrepo=[0mDataLinkDC/dinky
[90m1:32AM[0m [32mINF[0m [1mProcessing repo[0m [36mrepo=[0mkubernetes-sigs/kwok [36mrepo_index=[0m9 [36mtotal_repos=[0m500
[90m1:32AM[0m [32mINF[0m [1mCloning (depth=1)[0m [36mdest=[0m"E:\\helm_clones_github\\kubernetes-sigs__kwok" [36mrepo=[0mhttps://github.com/kubernetes-sigs/kwok
[90m1:32AM[0m [31mERR[0m [1mClone failed – skipping[0m [36merror=[0m[31m[1m"exec: \"git\": executable file not found in %PATH%"[0m[0m [36mrepo=[0mkubernetes-sigs/kwok
[90m1:32AM[0m [32mINF[0m [1mProcessing repo[0m [36mrepo=[0minspektor-gadget/inspektor-gadget [36mrepo_index=[0m10 [36mtotal_repos=[0m500
[90m1:32AM[0m [32mINF[0m [1mCloning (depth=1)[0m [36mdest=[0m"E:\\helm_clones_github\\inspektor-gadget__inspektor-gadget" [36mrepo=[0mhttps://github.com/inspektor-gadget/inspektor-gadget
[90m1:32AM[0m [31mERR[0m [1mClone failed – skipping[0m [36merror=[0m[31m[1m"exec: \"git\": executable file not found in %PATH%"[0m[0m [36mrepo=[0minspektor-gadget/inspektor-gadget
[90m1:32AM[0m [32mINF[0m [1mProcessing repo[0m [36mrepo=[0mlinode/apl-core [36mrepo_index=[0m11 [36mtotal_repos=[0m500
[90m1:32AM[0m [32mINF[0m [1mCloning (depth=1)[0m [36mdest=[0m"E:\\helm_clones_github\\linode__apl-core" [36mrepo=[0mhttps://github.com/linode/apl-core
[90m1:32AM[0m [31mERR[0m [1mClone failed – skipping[0m [36merror=[0m[31m[1m"exec: \"git\": executable file not found in %PATH%"[0m[0m [36mrepo=[0mlinode/apl-core
[90m1:32AM[0m [32mINF[0m [1mProcessing repo[0m [36mrepo=[0mcozystack/cozystack [36mrepo_index=[0m12 [36mtotal_repos=[0m500
[90m1:32AM[0m [32mINF[0m [1mCloning (depth=1)[0m [36mdest=[0m"E:\\helm_clones_github\\cozystack__cozystack" [36mrepo=[0mhttps://github.com/cozystack/cozystack
[90m1:32AM[0m [31mERR[0m [1mClone failed – skipping[0m [36merror=[0m[31m[1m"exec: \"git\": executable file not found in %PATH%"[0m[0m [36mrepo=[0mcozystack/cozystack
[90m1:32AM[0m [32mINF[0m [1mProcessing repo[0m [36mrepo=[0mgrafana/helm-charts [36mrepo_index=[0m13 [36mtotal_repos=[0m500
[90m1:32AM[0m [32mINF[0m [1mCloning (depth=1)[0m [36mdest=[0m"E:\\helm_clones_github\\grafana__helm-charts" [36mrepo=[0mhttps://github.com/grafana/helm-charts
[90m1:32AM[0m [31mERR[0m [1mClone failed – skipping[0m [36merror=[0m[31m[1m"exec: \"git\": executable file not found in %PATH%"[0m[0m [36mrepo=[0mgrafana/helm-charts
[90m1:32AM[0m [32mINF[0m [1mProcessing repo[0m [36mrepo=[0mmicrosoft/mssql-docker [36mrepo_index=[0m14 [36mtotal_repos=[0m500
[90m1:32AM[0m [32mINF[0m [1mCloning (depth=1)[0m [36mdest=[0m"E:\\helm_clones_github\\microsoft__mssql-docker" [36mrepo=[0mhttps://github.com/microsoft/mssql-docker
[90m1:32AM[0m [31mERR[0m [1mClone failed – skipping[0m [36merror=[0m[31m[1m"exec: \"git\": executable file not found in %PATH%"[0m[0m [36mrepo=[0mmicrosoft/mssql-docker
[90m1:32AM[0m [32mINF[0m [1mProcessing repo[0m [36mrepo=[0mnorwoodj/helm-docs [36mrepo_index=[0m15 [36mtotal_repos=[0m500
[90m1:32AM[0m [32mINF[0m [1mCloning (depth=1)[0m [36mdest=[0m"E:\\helm_clones_github\\norwoodj__helm-docs" [36mrepo=[0mhttps://github.com/norwoodj/helm-docs
[90m1:32AM[0m [31mERR[0m [1mClone failed – skipping[0m [36merror=[0m[31m[1m"exec: \"git\": executable file not found in %PATH%"[0m[0m [36mrepo=[0mnorwoodj/helm-docs
[90m1:32AM[0m [32mINF[0m [1mProcessing repo[0m [36mrepo=[0msemaphoreio/semaphore [36mrepo_index=[0m16 [36mtotal_repos=[0m500
[90m1:32AM[0m [32mINF[0m [1mCloning (depth=1)[0m [36mdest=[0m"E:\\helm_clones_github\\semaphoreio__semaphore" [36mrepo=[0mhttps://github.com/semaphoreio/semaphore
[90m1:32AM[0m [31mERR[0m [1mClone failed – skipping[0m [36merror=[0m[31m[1m"exec: \"git\": executable file not found in %PATH%"[0m[0m [36mrepo=[0msemaphoreio/semaphore
[90m1:32AM[0m [32mINF[0m [1mProcessing repo[0m [36mrepo=[0msecuritybunker/databunker [36mrepo_index=[0m17 [36mtotal_repos=[0m500
[90m1:32AM[0m [32mINF[0m [1mCloning (depth=1)[0m [36mdest=[0m"E:\\helm_clones_github\\securitybunker__databunker" [36mrepo=[0mhttps://github.com/securitybunker/databunker
[90m1:32AM[0m [31mERR[0m [1mClone failed – skipping[0m [36merror=[0m[31m[1m"exec: \"git\": executable file not found in %PATH%"[0m[0m [36mrepo=[0msecuritybunker/databunker
[90m1:32AM[0m [32mINF[0m [1mProcessing repo[0m [36mrepo=[0mtrueforge-org/truecharts [36mrepo_index=[0m18 [36mtotal_repos=[0m500
[90m1:32AM[0m [32mINF[0m [1mCloning (depth=1)[0m [36mdest=[0m"E:\\helm_clones_github\\trueforge-org__truecharts" [36mrepo=[0mhttps://github.com/trueforge-org/truecharts
[90m1:32AM[0m [31mERR[0m [1mClone failed – skipping[0m [36merror=[0m[31m[1m"exec: \"git\": executable file not found in %PATH%"[0m[0m [36mrepo=[0mtrueforge-org/truecharts
[90m1:32AM[0m [32mINF[0m [1mProcessing repo[0m [36mrepo=[0msecureCodeBox/secureCodeBox [36mrepo_index=[0m19 [36mtotal_repos=[0m500
[90m1:32AM[0m [32mINF[0m [1mCloning (depth=1)[0m [36mdest=[0m"E:\\helm_clones_github\\secureCodeBox__secureCodeBox" [36mrepo=[0mhttps://github.com/secureCodeBox/secureCodeBox
[90m1:32AM[0m [31mERR[0m [1mClone failed – skipping[0m [36merror=[0m[31m[1m"exec: \"git\": executable file not found in %PATH%"[0m[0m [36mrepo=[0msecureCodeBox/secureCodeBox
[90m1:32AM[0m [32mINF[0m [1mProcessing repo[0m [36mrepo=[0mshortlink-org/shortlink [36mrepo_index=[0m20 [36mtotal_repos=[0m500
[90m1:32AM[0m [32mINF[0m [1mCloning (depth=1)[0m [36mdest=[0m"E:\\helm_clones_github\\shortlink-org__shortlink" [36mrepo=[0mhttps://github.com/shortlink-org/shortlink
[90m1:32AM[0m [31mERR[0m [1mClone failed – skipping[0m [36merror=[0m[31m[1m"exec: \"git\": executable file not found in %PATH%"[0m[0m [36mrepo=[0mshortlink-org/shortlink
[90m1:32AM[0m [32mINF[0m [1mProcessing repo[0m [36mrepo=[0mkubernetes-csi/csi-driver-smb [36mrepo_index=[0m21 [36mtotal_repos=[0m500
[90m1:32AM[0m [32mINF[0m [1mCloning (depth=1)[0m [36mdest=[0m"E:\\helm_clones_github\\kubernetes-csi__csi-driver-smb" [36mrepo=[0mhttps://github.com/kubernetes-csi/csi-driver-smb
[90m1:32AM[0m [31mERR[0m [1mClone failed – skipping[0m [36merror=[0m[31m[1m"exec: \"git\": executable file not found in %PATH%"[0m[0m [36mrepo=[0mkubernetes-csi/csi-driver-smb
[90m1:32AM[0m [32mINF[0m [1mProcessing repo[0m [36mrepo=[0mopenstack/openstack-helm [36mrepo_index=[0m22 [36mtotal_repos=[0m500
[90m1:32AM[0m [32mINF[0m [1mCloning (depth=1)[0m [36mdest=[0m"E:\\helm_clones_github\\openstack__openstack-helm" [36mrepo=[0mhttps://github.com/openstack/openstack-helm
[90m1:32AM[0m [31mERR[0m [1mClone failed – skipping[0m [36merror=[0m[31m[1m"exec: \"git\": executable file not found in %PATH%"[0m[0m [36mrepo=[0mopenstack/openstack-helm
[90m1:32AM[0m [32mINF[0m [1mProcessing repo[0m [36mrepo=[0mmedic/cht-core [36mrepo_index=[0m23 [36mtotal_repos=[0m500
[90m1:32AM[0m [32mINF[0m [1mCloning (depth=1)[0m [36mdest=[0m"E:\\helm_clones_github\\medic__cht-core" [36mrepo=[0mhttps://github.com/medic/cht-core
[90m1:32AM[0m [31mERR[0m [1mClone failed – skipping[0m [36merror=[0m[31m[1m"exec: \"git\": executable file not found in %PATH%"[0m[0m [36mrepo=[0mmedic/cht-core
[90m1:32AM[0m [32mINF[0m [1mProcessing repo[0m [36mrepo=[0mWeBankFinTech/Prophecis [36mrepo_index=[0m24 [36mtotal_repos=[0m500
[90m1:32AM[0m [32mINF[0m [1mCloning (depth=1)[0m [36mdest=[0m"E:\\helm_clones_github\\WeBankFinTech__Prophecis" [36mrepo=[0mhttps://github.com/WeBankFinTech/Prophecis
[90m1:32AM[0m [31mERR[0m [1mClone failed – skipping[0m [36merror=[0m[31m[1m"exec: \"git\": executable file not found in %PATH%"[0m[0m [36mrepo=[0mWeBankFinTech/Prophecis
[90m1:32AM[0m [32mINF[0m [1mProcessing repo[0m [36mrepo=[0mopen-edge-platform/geti [36mrepo_index=[0m25 [36mtotal_repos=[0m500
[90m1:32AM[0m [32mINF[0m [1mCloning (depth=1)[0m [36mdest=[0m"E:\\helm_clones_github\\open-edge-platform__geti" [36mrepo=[0mhttps://github.com/open-edge-platform/geti
[90m1:32AM[0m [31mERR[0m [1mClone failed – skipping[0m [36merror=[0m[31m[1m"exec: \"git\": executable file not found in %PATH%"[0m[0m [36mrepo=[0mopen-edge-platform/geti
[90m1:32AM[0m [32mINF[0m [1mProcessing repo[0m [36mrepo=[0mrancher/charts [36mrepo_index=[0m26 [36mtotal_repos=[0m500
[90m1:32AM[0m [32mINF[0m [1mCloning (depth=1)[0m [36mdest=[0m"E:\\helm_clones_github\\rancher__charts" [36mrepo=[0mhttps://github.com/rancher/charts
[90m1:32AM[0m [31mERR[0m [1mClone failed – skipping[0m [36merror=[0m[31m[1m"exec: \"git\": executable file not found in %PATH%"[0m[0m [36mrepo=[0mrancher/charts
[90m1:32AM[0m [32mINF[0m [1mProcessing repo[0m [36mrepo=[0mcloudnativeapp/charts [36mrepo_index=[0m27 [36mtotal_repos=[0m500
[90m1:32AM[0m [32mINF[0m [1mCloning (depth=1)[0m [36mdest=[0m"E:\\helm_clones_github\\cloudnativeapp__charts" [36mrepo=[0mhttps://github.com/cloudnativeapp/charts
[90m1:32AM[0m [31mERR[0m [1mClone failed – skipping[0m [36merror=[0m[31m[1m"exec: \"git\": executable file not found in %PATH%"[0m[0m [36mrepo=[0mcloudnativeapp/charts
[90m1:32AM[0m [32mINF[0m [1mProcessing repo[0m [36mrepo=[0mBigKAA/youtube [36mrepo_index=[0m28 [36mtotal_repos=[0m500
[90m1:32AM[0m [32mINF[0m [1mCloning (depth=1)[0m [36mdest=[0m"E:\\helm_clones_github\\BigKAA__youtube" [36mrepo=[0mhttps://github.com/BigKAA/youtube
[90m1:32AM[0m [31mERR[0m [1mClone failed – skipping[0m [36merror=[0m[31m[1m"exec: \"git\": executable file not found in %PATH%"[0m[0m [36mrepo=[0mBigKAA/youtube
[90m1:32AM[0m [32mINF[0m [1mProcessing repo[0m [36mrepo=[0mradondb/radondb-mysql-kubernetes [36mrepo_index=[0m29 [36mtotal_repos=[0m500
[90m1:32AM[0m [32mINF[0m [1mCloning (depth=1)[0m [36mdest=[0m"E:\\helm_clones_github\\radondb__radondb-mysql-kubernetes" [36mrepo=[0mhttps://github.com/radondb/radondb-mysql-kubernetes
[90m1:32AM[0m [31mERR[0m [1mClone failed – skipping[0m [36merror=[0m[31m[1m"exec: \"git\": executable file not found in %PATH%"[0m[0m [36mrepo=[0mradondb/radondb-mysql-kubernetes
[90m1:32AM[0m [32mINF[0m [1mProcessing repo[0m [36mrepo=[0mIBM/charts [36mrepo_index=[0m30 [36mtotal_repos=[0m500
[90m1:32AM[0m [32mINF[0m [1mCloning (depth=1)[0m [36mdest=[0m"E:\\helm_clones_github\\IBM__charts" [36mrepo=[0mhttps://github.com/IBM/charts
[90m1:32AM[0m [31mERR[0m [1mClone failed – skipping[0m [36merror=[0m[31m[1m"exec: \"git\": executable file not found in %PATH%"[0m[0m [36mrepo=[0mIBM/charts
[90m1:32AM[0m [32mINF[0m [1mProcessing repo[0m [36mrepo=[0mThakurvaibhav/k8s [36mrepo_index=[0m31 [36mtotal_repos=[0m500
[90m1:32AM[0m [32mINF[0m [1mCloning (depth=1)[0m [36mdest=[0m"E:\\helm_clones_github\\Thakurvaibhav__k8s" [36mrepo=[0mhttps://github.com/Thakurvaibhav/k8s
[90m1:32AM[0m [31mERR[0m [1mClone failed – skipping[0m [36merror=[0m[31m[1m"exec: \"git\": executable file not found in %PATH%"[0m[0m [36mrepo=[0mThakurvaibhav/k8s
[90m1:32AM[0m [32mINF[0m [1mProcessing repo[0m [36mrepo=[0mhyperledger-bevel/bevel-operator-fabric [36mrepo_index=[0m32 [36mtotal_repos=[0m500
[90m1:32AM[0m [32mINF[0m [1mCloning (depth=1)[0m [36mdest=[0m"E:\\helm_clones_github\\hyperledger-bevel__bevel-operator-fabric" [36mrepo=[0mhttps://github.com/hyperledger-bevel/bevel-operator-fabric
[90m1:32AM[0m [31mERR[0m [1mClone failed – skipping[0m [36merror=[0m[31m[1m"exec: \"git\": executable file not found in %PATH%"[0m[0m [36mrepo=[0mhyperledger-bevel/bevel-operator-fabric
[90m1:32AM[0m [32mINF[0m [1mProcessing repo[0m [36mrepo=[0mredhat-cop/namespace-configuration-operator [36mrepo_index=[0m33 [36mtotal_repos=[0m500
[90m1:32AM[0m [32mINF[0m [1mCloning (depth=1)[0m [36mdest=[0m"E:\\helm_clones_github\\redhat-cop__namespace-configuration-operator" [36mrepo=[0mhttps://github.com/redhat-cop/namespace-configuration-operator
[90m1:32AM[0m [31mERR[0m [1mClone failed – skipping[0m [36merror=[0m[31m[1m"exec: \"git\": executable file not found in %PATH%"[0m[0m [36mrepo=[0mredhat-cop/namespace-configuration-operator
[90m1:32AM[0m [32mINF[0m [1mProcessing repo[0m [36mrepo=[0mJahstreetOrg/spark-on-kubernetes-helm [36mrepo_index=[0m34 [36mtotal_repos=[0m500
[90m1:32AM[0m [32mINF[0m [1mCloning (depth=1)[0m [36mdest=[0m"E:\\helm_clones_github\\JahstreetOrg__spark-on-kubernetes-helm" [36mrepo=[0mhttps://github.com/JahstreetOrg/spark-on-kubernetes-helm
[90m1:32AM[0m [31mERR[0m [1mClone failed – skipping[0m [36merror=[0m[31m[1m"exec: \"git\": executable file not found in %PATH%"[0m[0m [36mrepo=[0mJahstreetOrg/spark-on-kubernetes-helm
[90m1:32AM[0m [32mINF[0m [1mProcessing repo[0m [36mrepo=[0mvmware/secrets-manager [36mrepo_index=[0m35 [36mtotal_repos=[0m500
[90m1:32AM[0m [32mINF[0m [1mCloning (depth=1)[0m [36mdest=[0m"E:\\helm_clones_github\\vmware__secrets-manager" [36mrepo=[0mhttps://github.com/vmware/secrets-manager
[90m1:32AM[0m [31mERR[0m [1mClone failed – skipping[0m [36merror=[0m[31m[1m"exec: \"git\": executable file not found in %PATH%"[0m[0m [36mrepo=[0mvmware/secrets-manager
[90m1:32AM[0m [32mINF[0m [1mProcessing repo[0m [36mrepo=[0mjmcgrath207/k8s-ephemeral-storage-metrics [36mrepo_index=[0m36 [36mtotal_repos=[0m500
[90m1:32AM[0m [32mINF[0m [1mCloning (depth=1)[0m [36mdest=[0m"E:\\helm_clones_github\\jmcgrath207__k8s-ephemeral-storage-metrics" [36mrepo=[0mhttps://github.com/jmcgrath207/k8s-ephemeral-storage-metrics
[90m1:32AM[0m [31mERR[0m [1mClone failed – skipping[0m [36merror=[0m[31m[1m"exec: \"git\": executable file not found in %PATH%"[0m[0m [36mrepo=[0mjmcgrath207/k8s-ephemeral-storage-metrics
[90m1:32AM[0m [32mINF[0m [1mProcessing repo[0m [36mrepo=[0mvexxhost/atmosphere [36mrepo_index=[0m37 [36mtotal_repos=[0m500
[90m1:32AM[0m [32mINF[0m [1mCloning (depth=1)[0m [36mdest=[0m"E:\\helm_clones_github\\vexxhost__atmosphere" [36mrepo=[0mhttps://github.com/vexxhost/atmosphere
[90m1:32AM[0m [31mERR[0m [1mClone failed – skipping[0m [36merror=[0m[31m[1m"exec: \"git\": executable file not found in %PATH%"[0m[0m [36mrepo=[0mvexxhost/atmosphere
[90m1:32AM[0m [32mINF[0m [1mProcessing repo[0m [36mrepo=[0mredhat-cop/operator-utils [36mrepo_index=[0m38 [36mtotal_repos=[0m500
[90m1:32AM[0m [32mINF[0m [1mCloning (depth=1)[0m [36mdest=[0m"E:\\helm_clones_github\\redhat-cop__operator-utils" [36mrepo=[0mhttps://github.com/redhat-cop/operator-utils
[90m1:32AM[0m [31mERR[0m [1mClone failed – skipping[0m [36merror=[0m[31m[1m"exec: \"git\": executable file not found in %PATH%"[0m[0m [36mrepo=[0mredhat-cop/operator-utils
[90m1:32AM[0m [32mINF[0m [1mProcessing repo[0m [36mrepo=[0mkubernetes-sigs/blob-csi-driver [36mrepo_index=[0m39 [36mtotal_repos=[0m500
[90m1:32AM[0m [32mINF[0m [1mCloning (depth=1)[0m [36mdest=[0m"E:\\helm_clones_github\\kubernetes-sigs__blob-csi-driver" [36mrepo=[0mhttps://github.com/kubernetes-sigs/blob-csi-driver
[90m1:32AM[0m [31mERR[0m [1mClone failed – skipping[0m [36merror=[0m[31m[1m"exec: \"git\": executable file not found in %PATH%"[0m[0m [36mrepo=[0mkubernetes-sigs/blob-csi-driver
[90m1:32AM[0m [32mINF[0m [1mProcessing repo[0m [36mrepo=[0munixhot/devops-x [36mrepo_index=[0m40 [36mtotal_repos=[0m500
[90m1:32AM[0m [32mINF[0m [1mCloning (depth=1)[0m [36mdest=[0m"E:\\helm_clones_github\\unixhot__devops-x" [36mrepo=[0mhttps://github.com/unixhot/devops-x
[90m1:32AM[0m [31mERR[0m [1mClone failed – skipping[0m [36merror=[0m[31m[1m"exec: \"git\": executable file not found in %PATH%"[0m[0m [36mrepo=[0munixhot/devops-x
[90m1:32AM[0m [32mINF[0m [1mProcessing repo[0m [36mrepo=[0mopen-edge-platform/edge-ai-libraries [36mrepo_index=[0m41 [36mtotal_repos=[0m500
[90m1:32AM[0m [32mINF[0m [1mCloning (depth=1)[0m [36mdest=[0m"E:\\helm_clones_github\\open-edge-platform__edge-ai-libraries" [36mrepo=[0mhttps://github.com/open-edge-platform/edge-ai-libraries
[90m1:32AM[0m [31mERR[0m [1mClone failed – skipping[0m [36merror=[0m[31m[1m"exec: \"git\": executable file not found in %PATH%"[0m[0m [36mrepo=[0mopen-edge-platform/edge-ai-libraries
[90m1:32AM[0m [32mINF[0m [1mProcessing repo[0m [36mrepo=[0maws-samples/amazon-eks-machine-learning-with-terraform-and-kubeflow [36mrepo_index=[0m42 [36mtotal_repos=[0m500
[90m1:32AM[0m [32mINF[0m [1mCloning (depth=1)[0m [36mdest=[0m"E:\\helm_clones_github\\aws-samples__amazon-eks-machine-learning-with-terraform-and-kubeflow" [36mrepo=[0mhttps://github.com/aws-samples/amazon-eks-machine-learning-with-terraform-and-kubeflow
[90m1:32AM[0m [31mERR[0m [1mClone failed – skipping[0m [36merror=[0m[31m[1m"exec: \"git\": executable file not found in %PATH%"[0m[0m [36mrepo=[0maws-samples/amazon-eks-machine-learning-with-terraform-and-kubeflow
[90m1:32AM[0m [32mINF[0m [1mProcessing repo[0m [36mrepo=[0mahgraber/homelab-gitops-k3s [36mrepo_index=[0m43 [36mtotal_repos=[0m500
[90m1:32AM[0m [32mINF[0m [1mCloning (depth=1)[0m [36mdest=[0m"E:\\helm_clones_github\\ahgraber__homelab-gitops-k3s" [36mrepo=[0mhttps://github.com/ahgraber/homelab-gitops-k3s
[90m1:32AM[0m [31mERR[0m [1mClone failed – skipping[0m [36merror=[0m[31m[1m"exec: \"git\": executable file not found in %PATH%"[0m[0m [36mrepo=[0mahgraber/homelab-gitops-k3s
[90m1:32AM[0m [32mINF[0m [1mProcessing repo[0m [36mrepo=[0maws-controllers-k8s/code-generator [36mrepo_index=[0m44 [36mtotal_repos=[0m500
[90m1:32AM[0m [32mINF[0m [1mCloning (depth=1)[0m [36mdest=[0m"E:\\helm_clones_github\\aws-controllers-k8s__code-generator" [36mrepo=[0mhttps://github.com/aws-controllers-k8s/code-generator
[90m1:32AM[0m [31mERR[0m [1mClone failed – skipping[0m [36merror=[0m[31m[1m"exec: \"git\": executable file not found in %PATH%"[0m[0m [36mrepo=[0maws-controllers-k8s/code-generator
[90m1:32AM[0m [32mINF[0m [1mProcessing repo[0m [36mrepo=[0mrancher/rke2-charts [36mrepo_index=[0m45 [36mtotal_repos=[0m500
[90m1:32AM[0m [32mINF[0m [1mCloning (depth=1)[0m [36mdest=[0m"E:\\helm_clones_github\\rancher__rke2-charts" [36mrepo=[0mhttps://github.com/rancher/rke2-charts
[90m1:32AM[0m [31mERR[0m [1mClone failed – skipping[0m [36merror=[0m[31m[1m"exec: \"git\": executable file not found in %PATH%"[0m[0m [36mrepo=[0mrancher/rke2-charts
[90m1:32AM[0m [32mINF[0m [1mProcessing repo[0m [36mrepo=[0mJJGadgets/Biohazard [36mrepo_index=[0m46 [36mtotal_repos=[0m500
[90m1:32AM[0m [32mINF[0m [1mCloning (depth=1)[0m [36mdest=[0m"E:\\helm_clones_github\\JJGadgets__Biohazard" [36mrepo=[0mhttps://github.com/JJGadgets/Biohazard
[90m1:32AM[0m [31mERR[0m [1mClone failed – skipping[0m [36merror=[0m[31m[1m"exec: \"git\": executable file not found in %PATH%"[0m[0m [36mrepo=[0mJJGadgets/Biohazard
[90m1:32AM[0m [32mINF[0m [1mProcessing repo[0m [36mrepo=[0maldoborrero/k8s-usenet [36mrepo_index=[0m47 [36mtotal_repos=[0m500
[90m1:32AM[0m [32mINF[0m [1mCloning (depth=1)[0m [36mdest=[0m"E:\\helm_clones_github\\aldoborrero__k8s-usenet" [36mrepo=[0mhttps://github.com/aldoborrero/k8s-usenet
[90m1:32AM[0m [31mERR[0m [1mClone failed – skipping[0m [36merror=[0m[31m[1m"exec: \"git\": executable file not found in %PATH%"[0m[0m [36mrepo=[0maldoborrero/k8s-usenet
[90m1:32AM[0m [32mINF[0m [1mProcessing repo[0m [36mrepo=[0mMirantis/rockoon [36mrepo_index=[0m48 [36mtotal_repos=[0m500
[90m1:32AM[0m [32mINF[0m [1mCloning (depth=1)[0m [36mdest=[0m"E:\\helm_clones_github\\Mirantis__rockoon" [36mrepo=[0mhttps://github.com/Mirantis/rockoon
[90m1:32AM[0m [31mERR[0m [1mClone failed – skipping[0m [36merror=[0m[31m[1m"exec: \"git\": executable file not found in %PATH%"[0m[0m [36mrepo=[0mMirantis/rockoon
[90m1:32AM[0m [32mINF[0m [1mProcessing repo[0m [36mrepo=[0mapecloud/kubeblocks-addons [36mrepo_index=[0m49 [36mtotal_repos=[0m500
[90m1:32AM[0m [32mINF[0m [1mCloning (depth=1)[0m [36mdest=[0m"E:\\helm_clones_github\\apecloud__kubeblocks-addons" [36mrepo=[0mhttps://github.com/apecloud/kubeblocks-addons
[90m1:32AM[0m [31mERR[0m [1mClone failed – skipping[0m [36merror=[0m[31m[1m"exec: \"git\": executable file not found in %PATH%"[0m[0m [36mrepo=[0mapecloud/kubeblocks-addons
[90m1:32AM[0m [32mINF[0m [1mProcessing repo[0m [36mrepo=[0mObmondo/KubeAid [36mrepo_index=[0m50 [36mtotal_repos=[0m500
[90m1:32AM[0m [32mINF[0m [1mCloning (depth=1)[0m [36mdest=[0m"E:\\helm_clones_github\\Obmondo__KubeAid" [36mrepo=[0mhttps://github.com/Obmondo/KubeAid
[90m1:32AM[0m [31mERR[0m [1mClone failed – skipping[0m [36merror=[0m[31m[1m"exec: \"git\": executable file not found in %PATH%"[0m[0m [36mrepo=[0mObmondo/KubeAid
[90m1:32AM[0m [32mINF[0m [1mProcessing repo[0m [36mrepo=[0mstackrox/helm-charts [36mrepo_index=[0m51 [36mtotal_repos=[0m500
[90m1:32AM[0m [32mINF[0m [1mCloning (depth=1)[0m [36mdest=[0m"E:\\helm_clones_github\\stackrox__helm-charts" [36mrepo=[0mhttps://github.com/stackrox/helm-charts
[90m1:32AM[0m [31mERR[0m [1mClone failed – skipping[0m [36merror=[0m[31m[1m"exec: \"git\": executable file not found in %PATH%"[0m[0m [36mrepo=[0mstackrox/helm-charts
[90m1:32AM[0m [32mINF[0m [1mProcessing repo[0m [36mrepo=[0mproject-sunbird/sunbird-devops [36mrepo_index=[0m52 [36mtotal_repos=[0m500
[90m1:32AM[0m [32mINF[0m [1mCloning (depth=1)[0m [36mdest=[0m"E:\\helm_clones_github\\project-sunbird__sunbird-devops" [36mrepo=[0mhttps://github.com/project-sunbird/sunbird-devops
[90m1:32AM[0m [31mERR[0m [1mClone failed – skipping[0m [36merror=[0m[31m[1m"exec: \"git\": executable file not found in %PATH%"[0m[0m [36mrepo=[0mproject-sunbird/sunbird-devops
[90m1:32AM[0m [32mINF[0m [1mProcessing repo[0m [36mrepo=[0mBorjis131/docker-open5gs [36mrepo_index=[0m53 [36mtotal_repos=[0m500
[90m1:32AM[0m [32mINF[0m [1mCloning (depth=1)[0m [36mdest=[0m"E:\\helm_clones_github\\Borjis131__docker-open5gs" [36mrepo=[0mhttps://github.com/Borjis131/docker-open5gs
[90m1:32AM[0m [31mERR[0m [1mClone failed – skipping[0m [36merror=[0m[31m[1m"exec: \"git\": executable file not found in %PATH%"[0m[0m [36mrepo=[0mBorjis131/docker-open5gs
[90m1:32AM[0m [32mINF[0m [1mProcessing repo[0m [36mrepo=[0mFuelLabs/fuel-block-committer [36mrepo_index=[0m54 [36mtotal_repos=[0m500
[90m1:32AM[0m [32mINF[0m [1mCloning (depth=1)[0m [36mdest=[0m"E:\\helm_clones_github\\FuelLabs__fuel-block-committer" [36mrepo=[0mhttps://github.com/FuelLabs/fuel-block-committer
[90m1:32AM[0m [31mERR[0m [1mClone failed – skipping[0m [36merror=[0m[31m[1m"exec: \"git\": executable file not found in %PATH%"[0m[0m [36mrepo=[0mFuelLabs/fuel-block-committer
[90m1:32AM[0m [32mINF[0m [1mProcessing repo[0m [36mrepo=[0mSimpleOpenSoftware/chronicle [36mrepo_index=[0m55 [36mtotal_repos=[0m500
[90m1:32AM[0m [32mINF[0m [1mCloning (depth=1)[0m [36mdest=[0m"E:\\helm_clones_github\\SimpleOpenSoftware__chronicle" [36mrepo=[0mhttps://github.com/SimpleOpenSoftware/chronicle
[90m1:32AM[0m [31mERR[0m [1mClone failed – skipping[0m [36merror=[0m[31m[1m"exec: \"git\": executable file not found in %PATH%"[0m[0m [36mrepo=[0mSimpleOpenSoftware/chronicle
[90m1:32AM[0m [32mINF[0m [1mProcessing repo[0m [36mrepo=[0mrancher/partner-charts [36mrepo_index=[0m56 [36mtotal_repos=[0m500
[90m1:32AM[0m [32mINF[0m [1mCloning (depth=1)[0m [36mdest=[0m"E:\\helm_clones_github\\rancher__partner-charts" [36mrepo=[0mhttps://github.com/rancher/partner-charts
[90m1:32AM[0m [31mERR[0m [1mClone failed – skipping[0m [36merror=[0m[31m[1m"exec: \"git\": executable file not found in %PATH%"[0m[0m [36mrepo=[0mrancher/partner-charts
[90m1:32AM[0m [32mINF[0m [1mProcessing repo[0m [36mrepo=[0mCARV-ICS-FORTH/frisbee [36mrepo_index=[0m57 [36mtotal_repos=[0m500
[90m1:32AM[0m [32mINF[0m [1mCloning (depth=1)[0m [36mdest=[0m"E:\\helm_clones_github\\CARV-ICS-FORTH__frisbee" [36mrepo=[0mhttps://github.com/CARV-ICS-FORTH/frisbee
[90m1:32AM[0m [31mERR[0m [1mClone failed – skipping[0m [36merror=[0m[31m[1m"exec: \"git\": executable file not found in %PATH%"[0m[0m [36mrepo=[0mCARV-ICS-FORTH/frisbee
[90m1:32AM[0m [32mINF[0m [1mProcessing repo[0m [36mrepo=[0mwikibook/kubepractice [36mrepo_index=[0m58 [36mtotal_repos=[0m500
[90m1:32AM[0m [32mINF[0m [1mCloning (depth=1)[0m [36mdest=[0m"E:\\helm_clones_github\\wikibook__kubepractice" [36mrepo=[0mhttps://github.com/wikibook/kubepractice
[90m1:32AM[0m [31mERR[0m [1mClone failed – skipping[0m [36merror=[0m[31m[1m"exec: \"git\": executable file not found in %PATH%"[0m[0m [36mrepo=[0mwikibook/kubepractice
[90m1:32AM[0m [32mINF[0m [1mProcessing repo[0m [36mrepo=[0mreefland/ansible-k3s-argocd-renovate [36mrepo_index=[0m59 [36mtotal_repos=[0m500
[90m1:32AM[0m [32mINF[0m [1mCloning (depth=1)[0m [36mdest=[0m"E:\\helm_clones_github\\reefland__ansible-k3s-argocd-renovate" [36mrepo=[0mhttps://github.com/reefland/ansible-k3s-argocd-renovate
[90m1:32AM[0m [31mERR[0m [1mClone failed – skipping[0m [36merror=[0m[31m[1m"exec: \"git\": executable file not found in %PATH%"[0m[0m [36mrepo=[0mreefland/ansible-k3s-argocd-renovate
[90m1:32AM[0m [32mINF[0m [1mProcessing repo[0m [36mrepo=[0mpluralsh/plural-artifacts [36mrepo_index=[0m60 [36mtotal_repos=[0m500
[90m1:32AM[0m [32mINF[0m [1mCloning (depth=1)[0m [36mdest=[0m"E:\\helm_clones_github\\pluralsh__plural-artifacts" [36mrepo=[0mhttps://github.com/pluralsh/plural-artifacts
[90m1:32AM[0m [31mERR[0m [1mClone failed – skipping[0m [36merror=[0m[31m[1m"exec: \"git\": executable file not found in %PATH%"[0m[0m [36mrepo=[0mpluralsh/plural-artifacts
[90m1:32AM[0m [32mINF[0m [1mProcessing repo[0m [36mrepo=[0mtmforum-oda/oda-canvas [36mrepo_index=[0m61 [36mtotal_repos=[0m500
[90m1:32AM[0m [32mINF[0m [1mCloning (depth=1)[0m [36mdest=[0m"E:\\helm_clones_github\\tmforum-oda__oda-canvas" [36mrepo=[0mhttps://github.com/tmforum-oda/oda-canvas
[90m1:32AM[0m [31mERR[0m [1mClone failed – skipping[0m [36merror=[0m[31m[1m"exec: \"git\": executable file not found in %PATH%"[0m[0m [36mrepo=[0mtmforum-oda/oda-canvas
[90m1:32AM[0m [32mINF[0m [1mProcessing repo[0m [36mrepo=[0msa-mw-dach/bobbycar [36mrepo_index=[0m62 [36mtotal_repos=[0m500
[90m1:32AM[0m [32mINF[0m [1mCloning (depth=1)[0m [36mdest=[0m"E:\\helm_clones_github\\sa-mw-dach__bobbycar" [36mrepo=[0mhttps://github.com/sa-mw-dach/bobbycar
[90m1:32AM[0m [31mERR[0m [1mClone failed – skipping[0m [36merror=[0m[31m[1m"exec: \"git\": executable file not found in %PATH%"[0m[0m [36mrepo=[0msa-mw-dach/bobbycar
[90m1:32AM[0m [32mINF[0m [1mProcessing repo[0m [36mrepo=[0mdevdattakulkarni/CloudComputing [36mrepo_index=[0m63 [36mtotal_repos=[0m500
[90m1:32AM[0m [32mINF[0m [1mCloning (depth=1)[0m [36mdest=[0m"E:\\helm_clones_github\\devdattakulkarni__CloudComputing" [36mrepo=[0mhttps://github.com/devdattakulkarni/CloudComputing
[90m1:32AM[0m [31mERR[0m [1mClone failed – skipping[0m [36merror=[0m[31m[1m"exec: \"git\": executable file not found in %PATH%"[0m[0m [36mrepo=[0mdevdattakulkarni/CloudComputing
[90m1:32AM[0m [32mINF[0m [1mProcessing repo[0m [36mrepo=[0mboozallen/aissemble [36mrepo_index=[0m64 [36mtotal_repos=[0m500
[90m1:32AM[0m [32mINF[0m [1mCloning (depth=1)[0m [36mdest=[0m"E:\\helm_clones_github\\boozallen__aissemble" [36mrepo=[0mhttps://github.com/boozallen/aissemble
[90m1:32AM[0m [31mERR[0m [1mClone failed – skipping[0m [36merror=[0m[31m[1m"exec: \"git\": executable file not found in %PATH%"[0m[0m [36mrepo=[0mboozallen/aissemble
[90m1:32AM[0m [32mINF[0m [1mProcessing repo[0m [36mrepo=[0mtkestack/charts [36mrepo_index=[0m65 [36mtotal_repos=[0m500
[90m1:32AM[0m [32mINF[0m [1mCloning (depth=1)[0m [36mdest=[0m"E:\\helm_clones_github\\tkestack__charts" [36mrepo=[0mhttps://github.com/tkestack/charts
[90m1:32AM[0m [31mERR[0m [1mClone failed – skipping[0m [36merror=[0m[31m[1m"exec: \"git\": executable file not found in %PATH%"[0m[0m [36mrepo=[0mtkestack/charts
[90m1:32AM[0m [32mINF[0m [1mProcessing repo[0m [36mrepo=[0mODIM-Project/ODIM [36mrepo_index=[0m66 [36mtotal_repos=[0m500
[90m1:32AM[0m [32mINF[0m [1mCloning (depth=1)[0m [36mdest=[0m"E:\\helm_clones_github\\ODIM-Project__ODIM" [36mrepo=[0mhttps://github.com/ODIM-Project/ODIM
[90m1:32AM[0m [31mERR[0m [1mClone failed – skipping[0m [36merror=[0m[31m[1m"exec: \"git\": executable file not found in %PATH%"[0m[0m [36mrepo=[0mODIM-Project/ODIM
[90m1:32AM[0m [32mINF[0m [1mProcessing repo[0m [36mrepo=[0msapcc/helm-charts [36mrepo_index=[0m67 [36mtotal_repos=[0m500
[90m1:32AM[0m [32mINF[0m [1mCloning (depth=1)[0m [36mdest=[0m"E:\\helm_clones_github\\sapcc__helm-charts" [36mrepo=[0mhttps://github.com/sapcc/helm-charts
[90m1:32AM[0m [31mERR[0m [1mClone failed – skipping[0m [36merror=[0m[31m[1m"exec: \"git\": executable file not found in %PATH%"[0m[0m [36mrepo=[0msapcc/helm-charts
[90m1:32AM[0m [32mINF[0m [1mProcessing repo[0m [36mrepo=[0mopea-project/Enterprise-Inference [36mrepo_index=[0m68 [36mtotal_repos=[0m500
[90m1:32AM[0m [32mINF[0m [1mCloning (depth=1)[0m [36mdest=[0m"E:\\helm_clones_github\\opea-project__Enterprise-Inference" [36mrepo=[0mhttps://github.com/opea-project/Enterprise-Inference
[90m1:32AM[0m [31mERR[0m [1mClone failed – skipping[0m [36merror=[0m[31m[1m"exec: \"git\": executable file not found in %PATH%"[0m[0m [36mrepo=[0mopea-project/Enterprise-Inference
[90m1:32AM[0m [32mINF[0m [1mProcessing repo[0m [36mrepo=[0mplatyplus/platyplus [36mrepo_index=[0m69 [36mtotal_repos=[0m500
[90m1:32AM[0m [32mINF[0m [1mCloning (depth=1)[0m [36mdest=[0m"E:\\helm_clones_github\\platyplus__platyplus" [36mrepo=[0mhttps://github.com/platyplus/platyplus
[90m1:32AM[0m [31mERR[0m [1mClone failed – skipping[0m [36merror=[0m[31m[1m"exec: \"git\": executable file not found in %PATH%"[0m[0m [36mrepo=[0mplatyplus/platyplus
[90m1:32AM[0m [32mINF[0m [1mProcessing repo[0m [36mrepo=[0mEtheaDev/kitto [36mrepo_index=[0m70 [36mtotal_repos=[0m500
[90m1:32AM[0m [32mINF[0m [1mCloning (depth=1)[0m [36mdest=[0m"E:\\helm_clones_github\\EtheaDev__kitto" [36mrepo=[0mhttps://github.com/EtheaDev/kitto
[90m1:32AM[0m [31mERR[0m [1mClone failed – skipping[0m [36merror=[0m[31m[1m"exec: \"git\": executable file not found in %PATH%"[0m[0m [36mrepo=[0mEtheaDev/kitto
[90m1:32AM[0m [32mINF[0m [1mProcessing repo[0m [36mrepo=[0mquickwit-oss/helm-charts [36mrepo_index=[0m71 [36mtotal_repos=[0m500
[90m1:32AM[0m [32mINF[0m [1mCloning (depth=1)[0m [36mdest=[0m"E:\\helm_clones_github\\quickwit-oss__helm-charts" [36mrepo=[0mhttps://github.com/quickwit-oss/helm-charts
[90m1:32AM[0m [31mERR[0m [1mClone failed – skipping[0m [36merror=[0m[31m[1m"exec: \"git\": executable file not found in %PATH%"[0m[0m [36mrepo=[0mquickwit-oss/helm-charts
[90m1:32AM[0m [32mINF[0m [1mProcessing repo[0m [36mrepo=[0mopendevstack/ods-quickstarters [36mrepo_index=[0m72 [36mtotal_repos=[0m500
[90m1:32AM[0m [32mINF[0m [1mCloning (depth=1)[0m [36mdest=[0m"E:\\helm_clones_github\\opendevstack__ods-quickstarters" [36mrepo=[0mhttps://github.com/opendevstack/ods-quickstarters
[90m1:32AM[0m [31mERR[0m [1mClone failed – skipping[0m [36merror=[0m[31m[1m"exec: \"git\": executable file not found in %PATH%"[0m[0m [36mrepo=[0mopendevstack/ods-quickstarters
[90m1:32AM[0m [32mINF[0m [1mProcessing repo[0m [36mrepo=[0macuvity/mcp-servers-registry [36mrepo_index=[0m73 [36mtotal_repos=[0m500
[90m1:32AM[0m [32mINF[0m [1mCloning (depth=1)[0m [36mdest=[0m"E:\\helm_clones_github\\acuvity__mcp-servers-registry" [36mrepo=[0mhttps://github.com/acuvity/mcp-servers-registry
[90m1:32AM[0m [31mERR[0m [1mClone failed – skipping[0m [36merror=[0m[31m[1m"exec: \"git\": executable file not found in %PATH%"[0m[0m [36mrepo=[0macuvity/mcp-servers-registry
[90m1:32AM[0m [32mINF[0m [1mProcessing repo[0m [36mrepo=[0metiennetremel/istio-cross-namespace-canary-release-demo [36mrepo_index=[0m74 [36mtotal_repos=[0m500
[90m1:32AM[0m [32mINF[0m [1mCloning (depth=1)[0m [36mdest=[0m"E:\\helm_clones_github\\etiennetremel__istio-cross-namespace-canary-release-demo" [36mrepo=[0mhttps://github.com/etiennetremel/istio-cross-namespace-canary-release-demo
[90m1:32AM[0m [31mERR[0m [1mClone failed – skipping[0m [36merror=[0m[31m[1m"exec: \"git\": executable file not found in %PATH%"[0m[0m [36mrepo=[0metiennetremel/istio-cross-namespace-canary-release-demo
[90m1:32AM[0m [32mINF[0m [1mProcessing repo[0m [36mrepo=[0mk8s-home-lab/helm-charts [36mrepo_index=[0m75 [36mtotal_repos=[0m500
[90m1:32AM[0m [32mINF[0m [1mCloning (depth=1)[0m [36mdest=[0m"E:\\helm_clones_github\\k8s-home-lab__helm-charts" [36mrepo=[0mhttps://github.com/k8s-home-lab/helm-charts
[90m1:32AM[0m [31mERR[0m [1mClone failed – skipping[0m [36merror=[0m[31m[1m"exec: \"git\": executable file not found in %PATH%"[0m[0m [36mrepo=[0mk8s-home-lab/helm-charts
[90m1:32AM[0m [32mINF[0m [1mProcessing repo[0m [36mrepo=[0mhmcts/cnp-flux-config [36mrepo_index=[0m76 [36mtotal_repos=[0m500
[90m1:32AM[0m [32mINF[0m [1mCloning (depth=1)[0m [36mdest=[0m"E:\\helm_clones_github\\hmcts__cnp-flux-config" [36mrepo=[0mhttps://github.com/hmcts/cnp-flux-config
[90m1:32AM[0m [31mERR[0m [1mClone failed – skipping[0m [36merror=[0m[31m[1m"exec: \"git\": executable file not found in %PATH%"[0m[0m [36mrepo=[0mhmcts/cnp-flux-config
[90m1:32AM[0m [32mINF[0m [1mProcessing repo[0m [36mrepo=[0mauto-shift/autoshiftv2 [36mrepo_index=[0m77 [36mtotal_repos=[0m500
[90m1:32AM[0m [32mINF[0m [1mCloning (depth=1)[0m [36mdest=[0m"E:\\helm_clones_github\\auto-shift__autoshiftv2" [36mrepo=[0mhttps://github.com/auto-shift/autoshiftv2
[90m1:32AM[0m [31mERR[0m [1mClone failed – skipping[0m [36merror=[0m[31m[1m"exec: \"git\": executable file not found in %PATH%"[0m[0m [36mrepo=[0mauto-shift/autoshiftv2
[90m1:32AM[0m [32mINF[0m [1mProcessing repo[0m [36mrepo=[0mnandod/kitto_frozen [36mrepo_index=[0m78 [36mtotal_repos=[0m500
[90m1:32AM[0m [32mINF[0m [1mCloning (depth=1)[0m [36mdest=[0m"E:\\helm_clones_github\\nandod__kitto_frozen" [36mrepo=[0mhttps://github.com/nandod/kitto_frozen
[90m1:32AM[0m [31mERR[0m [1mClone failed – skipping[0m [36merror=[0m[31m[1m"exec: \"git\": executable file not found in %PATH%"[0m[0m [36mrepo=[0mnandod/kitto_frozen
[90m1:32AM[0m [32mINF[0m [1mProcessing repo[0m [36mrepo=[0mtimfeirg/lain-cli [36mrepo_index=[0m79 [36mtotal_repos=[0m500
[90m1:32AM[0m [32mINF[0m [1mCloning (depth=1)[0m [36mdest=[0m"E:\\helm_clones_github\\timfeirg__lain-cli" [36mrepo=[0mhttps://github.com/timfeirg/lain-cli
[90m1:32AM[0m [31mERR[0m [1mClone failed – skipping[0m [36merror=[0m[31m[1m"exec: \"git\": executable file not found in %PATH%"[0m[0m [36mrepo=[0mtimfeirg/lain-cli
[90m1:32AM[0m [32mINF[0m [1mProcessing repo[0m [36mrepo=[0mcrutonjohn/gitops [36mrepo_index=[0m80 [36mtotal_repos=[0m500
[90m1:32AM[0m [32mINF[0m [1mCloning (depth=1)[0m [36mdest=[0m"E:\\helm_clones_github\\crutonjohn__gitops" [36mrepo=[0mhttps://github.com/crutonjohn/gitops
[90m1:32AM[0m [31mERR[0m [1mClone failed – skipping[0m [36merror=[0m[31m[1m"exec: \"git\": executable file not found in %PATH%"[0m[0m [36mrepo=[0mcrutonjohn/gitops
[90m1:32AM[0m [32mINF[0m [1mProcessing repo[0m [36mrepo=[0mmojaloop/helm [36mrepo_index=[0m81 [36mtotal_repos=[0m500
[90m1:32AM[0m [32mINF[0m [1mCloning (depth=1)[0m [36mdest=[0m"E:\\helm_clones_github\\mojaloop__helm" [36mrepo=[0mhttps://github.com/mojaloop/helm
[90m1:32AM[0m [31mERR[0m [1mClone failed – skipping[0m [36merror=[0m[31m[1m"exec: \"git\": executable file not found in %PATH%"[0m[0m [36mrepo=[0mmojaloop/helm
[90m1:32AM[0m [32mINF[0m [1mProcessing repo[0m [36mrepo=[0mjenkins-x/jx3-pipeline-catalog [36mrepo_index=[0m82 [36mtotal_repos=[0m500
[90m1:32AM[0m [32mINF[0m [1mCloning (depth=1)[0m [36mdest=[0m"E:\\helm_clones_github\\jenkins-x__jx3-pipeline-catalog" [36mrepo=[0mhttps://github.com/jenkins-x/jx3-pipeline-catalog
[90m1:32AM[0m [31mERR[0m [1mClone failed – skipping[0m [36merror=[0m[31m[1m"exec: \"git\": executable file not found in %PATH%"[0m[0m [36mrepo=[0mjenkins-x/jx3-pipeline-catalog
[90m1:32AM[0m [32mINF[0m [1mProcessing repo[0m [36mrepo=[0mcamptocamp/charts [36mrepo_index=[0m83 [36mtotal_repos=[0m500
[90m1:32AM[0m [32mINF[0m [1mCloning (depth=1)[0m [36mdest=[0m"E:\\helm_clones_github\\camptocamp__charts" [36mrepo=[0mhttps://github.com/camptocamp/charts
[90m1:32AM[0m [31mERR[0m [1mClone failed – skipping[0m [36merror=[0m[31m[1m"exec: \"git\": executable file not found in %PATH%"[0m[0m [36mrepo=[0mcamptocamp/charts
[90m1:32AM[0m [32mINF[0m [1mProcessing repo[0m [36mrepo=[0mdevtron-labs/charts [36mrepo_index=[0m84 [36mtotal_repos=[0m500
[90m1:32AM[0m [32mINF[0m [1mCloning (depth=1)[0m [36mdest=[0m"E:\\helm_clones_github\\devtron-labs__charts" [36mrepo=[0mhttps://github.com/devtron-labs/charts
[90m1:32AM[0m [31mERR[0m [1mClone failed – skipping[0m [36merror=[0m[31m[1m"exec: \"git\": executable file not found in %PATH%"[0m[0m [36mrepo=[0mdevtron-labs/charts
[90m1:32AM[0m [32mINF[0m [1mProcessing repo[0m [36mrepo=[0mpingidentity/helm-charts [36mrepo_index=[0m85 [36mtotal_repos=[0m500
[90m1:32AM[0m [32mINF[0m [1mCloning (depth=1)[0m [36mdest=[0m"E:\\helm_clones_github\\pingidentity__helm-charts" [36mrepo=[0mhttps://github.com/pingidentity/helm-charts
[90m1:32AM[0m [31mERR[0m [1mClone failed – skipping[0m [36merror=[0m[31m[1m"exec: \"git\": executable file not found in %PATH%"[0m[0m [36mrepo=[0mpingidentity/helm-charts
[90m1:32AM[0m [32mINF[0m [1mProcessing repo[0m [36mrepo=[0msunnysideup/silverstripe-ecommerce [36mrepo_index=[0m86 [36mtotal_repos=[0m500
[90m1:32AM[0m [32mINF[0m [1mCloning (depth=1)[0m [36mdest=[0m"E:\\helm_clones_github\\sunnysideup__silverstripe-ecommerce" [36mrepo=[0mhttps://github.com/sunnysideup/silverstripe-ecommerce
[90m1:32AM[0m [31mERR[0m [1mClone failed – skipping[0m [36merror=[0m[31m[1m"exec: \"git\": executable file not found in %PATH%"[0m[0m [36mrepo=[0msunnysideup/silverstripe-ecommerce
[90m1:32AM[0m [32mINF[0m [1mProcessing repo[0m [36mrepo=[0mhypertrace/hypertrace-ui [36mrepo_index=[0m87 [36mtotal_repos=[0m500
[90m1:32AM[0m [32mINF[0m [1mCloning (depth=1)[0m [36mdest=[0m"E:\\helm_clones_github\\hypertrace__hypertrace-ui" [36mrepo=[0mhttps://github.com/hypertrace/hypertrace-ui
[90m1:32AM[0m [31mERR[0m [1mClone failed – skipping[0m [36merror=[0m[31m[1m"exec: \"git\": executable file not found in %PATH%"[0m[0m [36mrepo=[0mhypertrace/hypertrace-ui
[90m1:32AM[0m [32mINF[0m [1mProcessing repo[0m [36mrepo=[0mlakekeeper/lakekeeper-charts [36mrepo_index=[0m88 [36mtotal_repos=[0m500
[90m1:32AM[0m [32mINF[0m [1mCloning (depth=1)[0m [36mdest=[0m"E:\\helm_clones_github\\lakekeeper__lakekeeper-charts" [36mrepo=[0mhttps://github.com/lakekeeper/lakekeeper-charts
[90m1:32AM[0m [31mERR[0m [1mClone failed – skipping[0m [36merror=[0m[31m[1m"exec: \"git\": executable file not found in %PATH%"[0m[0m [36mrepo=[0mlakekeeper/lakekeeper-charts
[90m1:32AM[0m [32mINF[0m [1mProcessing repo[0m [36mrepo=[0mYAKEcloud/yake [36mrepo_index=[0m89 [36mtotal_repos=[0m500
[90m1:32AM[0m [32mINF[0m [1mCloning (depth=1)[0m [36mdest=[0m"E:\\helm_clones_github\\YAKEcloud__yake" [36mrepo=[0mhttps://github.com/YAKEcloud/yake
[90m1:32AM[0m [31mERR[0m [1mClone failed – skipping[0m [36merror=[0m[31m[1m"exec: \"git\": executable file not found in %PATH%"[0m[0m [36mrepo=[0mYAKEcloud/yake
[90m1:32AM[0m [32mINF[0m [1mProcessing repo[0m [36mrepo=[0mbflance/proxmox-talos [36mrepo_index=[0m90 [36mtotal_repos=[0m500
[90m1:32AM[0m [32mINF[0m [1mCloning (depth=1)[0m [36mdest=[0m"E:\\helm_clones_github\\bflance__proxmox-talos" [36mrepo=[0mhttps://github.com/bflance/proxmox-talos
[90m1:32AM[0m [31mERR[0m [1mClone failed – skipping[0m [36merror=[0m[31m[1m"exec: \"git\": executable file not found in %PATH%"[0m[0m [36mrepo=[0mbflance/proxmox-talos
[90m1:32AM[0m [32mINF[0m [1mProcessing repo[0m [36mrepo=[0mk0rdent/catalog [36mrepo_index=[0m91 [36mtotal_repos=[0m500
[90m1:32AM[0m [32mINF[0m [1mCloning (depth=1)[0m [36mdest=[0m"E:\\helm_clones_github\\k0rdent__catalog" [36mrepo=[0mhttps://github.com/k0rdent/catalog
[90m1:32AM[0m [31mERR[0m [1mClone failed – skipping[0m [36merror=[0m[31m[1m"exec: \"git\": executable file not found in %PATH%"[0m[0m [36mrepo=[0mk0rdent/catalog
[90m1:32AM[0m [32mINF[0m [1mProcessing repo[0m [36mrepo=[0mLoongson-Cloud-Community/dockerfiles [36mrepo_index=[0m92 [36mtotal_repos=[0m500
[90m1:32AM[0m [32mINF[0m [1mCloning (depth=1)[0m [36mdest=[0m"E:\\helm_clones_github\\Loongson-Cloud-Community__dockerfiles" [36mrepo=[0mhttps://github.com/Loongson-Cloud-Community/dockerfiles
[90m1:32AM[0m [31mERR[0m [1mClone failed – skipping[0m [36merror=[0m[31m[1m"exec: \"git\": executable file not found in %PATH%"[0m[0m [36mrepo=[0mLoongson-Cloud-Community/dockerfiles
[90m1:32AM[0m [32mINF[0m [1mProcessing repo[0m [36mrepo=[0mjunghoon2/k8s-class [36mrepo_index=[0m93 [36mtotal_repos=[0m500
[90m1:32AM[0m [32mINF[0m [1mCloning (depth=1)[0m [36mdest=[0m"E:\\helm_clones_github\\junghoon2__k8s-class" [36mrepo=[0mhttps://github.com/junghoon2/k8s-class
[90m1:32AM[0m [31mERR[0m [1mClone failed – skipping[0m [36merror=[0m[31m[1m"exec: \"git\": executable file not found in %PATH%"[0m[0m [36mrepo=[0mjunghoon2/k8s-class
[90m1:32AM[0m [32mINF[0m [1mProcessing repo[0m [36mrepo=[0mSupportTools/push-to-k8s [36mrepo_index=[0m94 [36mtotal_repos=[0m500
[90m1:32AM[0m [32mINF[0m [1mCloning (depth=1)[0m [36mdest=[0m"E:\\helm_clones_github\\SupportTools__push-to-k8s" [36mrepo=[0mhttps://github.com/SupportTools/push-to-k8s
[90m1:32AM[0m [31mERR[0m [1mClone failed – skipping[0m [36merror=[0m[31m[1m"exec: \"git\": executable file not found in %PATH%"[0m[0m [36mrepo=[0mSupportTools/push-to-k8s
[90m1:32AM[0m [32mINF[0m [1mProcessing repo[0m [36mrepo=[0mrallyware/terraform-argocd-aws-eks-cluster-bootstrap [36mrepo_index=[0m95 [36mtotal_repos=[0m500
[90m1:32AM[0m [32mINF[0m [1mCloning (depth=1)[0m [36mdest=[0m"E:\\helm_clones_github\\rallyware__terraform-argocd-aws-eks-cluster-bootstrap" [36mrepo=[0mhttps://github.com/rallyware/terraform-argocd-aws-eks-cluster-bootstrap
[90m1:32AM[0m [31mERR[0m [1mClone failed – skipping[0m [36merror=[0m[31m[1m"exec: \"git\": executable file not found in %PATH%"[0m[0m [36mrepo=[0mrallyware/terraform-argocd-aws-eks-cluster-bootstrap
[90m1:32AM[0m [32mINF[0m [1mProcessing repo[0m [36mrepo=[0mopenkruise/charts [36mrepo_index=[0m96 [36mtotal_repos=[0m500
[90m1:32AM[0m [32mINF[0m [1mCloning (depth=1)[0m [36mdest=[0m"E:\\helm_clones_github\\openkruise__charts" [36mrepo=[0mhttps://github.com/openkruise/charts
[90m1:32AM[0m [31mERR[0m [1mClone failed – skipping[0m [36merror=[0m[31m[1m"exec: \"git\": executable file not found in %PATH%"[0m[0m [36mrepo=[0mopenkruise/charts
[90m1:32AM[0m [32mINF[0m [1mProcessing repo[0m [36mrepo=[0mcloud-native-toolkit/toolkit-charts [36mrepo_index=[0m97 [36mtotal_repos=[0m500
[90m1:32AM[0m [32mINF[0m [1mCloning (depth=1)[0m [36mdest=[0m"E:\\helm_clones_github\\cloud-native-toolkit__toolkit-charts" [36mrepo=[0mhttps://github.com/cloud-native-toolkit/toolkit-charts
[90m1:32AM[0m [31mERR[0m [1mClone failed – skipping[0m [36merror=[0m[31m[1m"exec: \"git\": executable file not found in %PATH%"[0m[0m [36mrepo=[0mcloud-native-toolkit/toolkit-charts
[90m1:32AM[0m [32mINF[0m [1mProcessing repo[0m [36mrepo=[0mjharmison-redhat/openshift-setup [36mrepo_index=[0m98 [36mtotal_repos=[0m500
[90m1:32AM[0m [32mINF[0m [1mCloning (depth=1)[0m [36mdest=[0m"E:\\helm_clones_github\\jharmison-redhat__openshift-setup" [36mrepo=[0mhttps://github.com/jharmison-redhat/openshift-setup
[90m1:32AM[0m [31mERR[0m [1mClone failed – skipping[0m [36merror=[0m[31m[1m"exec: \"git\": executable file not found in %PATH%"[0m[0m [36mrepo=[0mjharmison-redhat/openshift-setup
[90m1:32AM[0m [32mINF[0m [1mProcessing repo[0m [36mrepo=[0msuse-edge/charts [36mrepo_index=[0m99 [36mtotal_repos=[0m500
[90m1:32AM[0m [32mINF[0m [1mCloning (depth=1)[0m [36mdest=[0m"E:\\helm_clones_github\\suse-edge__charts" [36mrepo=[0mhttps://github.com/suse-edge/charts
[90m1:32AM[0m [31mERR[0m [1mClone failed – skipping[0m [36merror=[0m[31m[1m"exec: \"git\": executable file not found in %PATH%"[0m[0m [36mrepo=[0msuse-edge/charts
[90m1:32AM[0m [32mINF[0m [1mProcessing repo[0m [36mrepo=[0mFIWARE-Ops/marinera [36mrepo_index=[0m100 [36mtotal_repos=[0m500
[90m1:32AM[0m [32mINF[0m [1mCloning (depth=1)[0m [36mdest=[0m"E:\\helm_clones_github\\FIWARE-Ops__marinera" [36mrepo=[0mhttps://github.com/FIWARE-Ops/marinera
[90m1:32AM[0m [31mERR[0m [1mClone failed – skipping[0m [36merror=[0m[31m[1m"exec: \"git\": executable file not found in %PATH%"[0m[0m [36mrepo=[0mFIWARE-Ops/marinera
[90m1:32AM[0m [32mINF[0m [1mProcessing repo[0m [36mrepo=[0mai-solution-eng/frameworks [36mrepo_index=[0m101 [36mtotal_repos=[0m500
[90m1:32AM[0m [32mINF[0m [1mCloning (depth=1)[0m [36mdest=[0m"E:\\helm_clones_github\\ai-solution-eng__frameworks" [36mrepo=[0mhttps://github.com/ai-solution-eng/frameworks
[90m1:32AM[0m [31mERR[0m [1mClone failed – skipping[0m [36merror=[0m[31m[1m"exec: \"git\": executable file not found in %PATH%"[0m[0m [36mrepo=[0mai-solution-eng/frameworks
[90m1:32AM[0m [32mINF[0m [1mProcessing repo[0m [36mrepo=[0moneconcern/datamon [36mrepo_index=[0m102 [36mtotal_repos=[0m500
[90m1:32AM[0m [32mINF[0m [1mCloning (depth=1)[0m [36mdest=[0m"E:\\helm_clones_github\\oneconcern__datamon" [36mrepo=[0mhttps://github.com/oneconcern/datamon
[90m1:32AM[0m [31mERR[0m [1mClone failed – skipping[0m [36merror=[0m[31m[1m"exec: \"git\": executable file not found in %PATH%"[0m[0m [36mrepo=[0moneconcern/datamon
[90m1:32AM[0m [32mINF[0m [1mProcessing repo[0m [36mrepo=[0mbamaas/HomeLab-2.0 [36mrepo_index=[0m103 [36mtotal_repos=[0m500
[90m1:32AM[0m [32mINF[0m [1mCloning (depth=1)[0m [36mdest=[0m"E:\\helm_clones_github\\bamaas__HomeLab-2.0" [36mrepo=[0mhttps://github.com/bamaas/HomeLab-2.0
[90m1:32AM[0m [31mERR[0m [1mClone failed – skipping[0m [36merror=[0m[31m[1m"exec: \"git\": executable file not found in %PATH%"[0m[0m [36mrepo=[0mbamaas/HomeLab-2.0
[90m1:32AM[0m [32mINF[0m [1mProcessing repo[0m [36mrepo=[0mcnrancher/pandaria-catalog [36mrepo_index=[0m104 [36mtotal_repos=[0m500
[90m1:32AM[0m [32mINF[0m [1mCloning (depth=1)[0m [36mdest=[0m"E:\\helm_clones_github\\cnrancher__pandaria-catalog" [36mrepo=[0mhttps://github.com/cnrancher/pandaria-catalog
[90m1:32AM[0m [31mERR[0m [1mClone failed – skipping[0m [36merror=[0m[31m[1m"exec: \"git\": executable file not found in %PATH%"[0m[0m [36mrepo=[0mcnrancher/pandaria-catalog
[90m1:32AM[0m [32mINF[0m [1mProcessing repo[0m [36mrepo=[0mmrybas/k8s-bootstrap [36mrepo_index=[0m105 [36mtotal_repos=[0m500
[90m1:32AM[0m [32mINF[0m [1mCloning (depth=1)[0m [36mdest=[0m"E:\\helm_clones_github\\mrybas__k8s-bootstrap" [36mrepo=[0mhttps://github.com/mrybas/k8s-bootstrap
[90m1:32AM[0m [31mERR[0m [1mClone failed – skipping[0m [36merror=[0m[31m[1m"exec: \"git\": executable file not found in %PATH%"[0m[0m [36mrepo=[0mmrybas/k8s-bootstrap
[90m1:32AM[0m [32mINF[0m [1mProcessing repo[0m [36mrepo=[0mSagar2366/tech-talks [36mrepo_index=[0m106 [36mtotal_repos=[0m500
[90m1:32AM[0m [32mINF[0m [1mCloning (depth=1)[0m [36mdest=[0m"E:\\helm_clones_github\\Sagar2366__tech-talks" [36mrepo=[0mhttps://github.com/Sagar2366/tech-talks
[90m1:32AM[0m [31mERR[0m [1mClone failed – skipping[0m [36merror=[0m[31m[1m"exec: \"git\": executable file not found in %PATH%"[0m[0m [36mrepo=[0mSagar2366/tech-talks
[90m1:32AM[0m [32mINF[0m [1mProcessing repo[0m [36mrepo=[0manodot/daria [36mrepo_index=[0m107 [36mtotal_repos=[0m500
[90m1:32AM[0m [32mINF[0m [1mCloning (depth=1)[0m [36mdest=[0m"E:\\helm_clones_github\\anodot__daria" [36mrepo=[0mhttps://github.com/anodot/daria
[90m1:32AM[0m [31mERR[0m [1mClone failed – skipping[0m [36merror=[0m[31m[1m"exec: \"git\": executable file not found in %PATH%"[0m[0m [36mrepo=[0manodot/daria
[90m1:32AM[0m [32mINF[0m [1mProcessing repo[0m [36mrepo=[0mboozallen/sdp-helm-chart [36mrepo_index=[0m108 [36mtotal_repos=[0m500
[90m1:32AM[0m [32mINF[0m [1mCloning (depth=1)[0m [36mdest=[0m"E:\\helm_clones_github\\boozallen__sdp-helm-chart" [36mrepo=[0mhttps://github.com/boozallen/sdp-helm-chart
[90m1:32AM[0m [31mERR[0m [1mClone failed – skipping[0m [36merror=[0m[31m[1m"exec: \"git\": executable file not found in %PATH%"[0m[0m [36mrepo=[0mboozallen/sdp-helm-chart
[90m1:32AM[0m [32mINF[0m [1mProcessing repo[0m [36mrepo=[0mironpeakservices/iron-chart-hugo [36mrepo_index=[0m109 [36mtotal_repos=[0m500
[90m1:32AM[0m [32mINF[0m [1mCloning (depth=1)[0m [36mdest=[0m"E:\\helm_clones_github\\ironpeakservices__iron-chart-hugo" [36mrepo=[0mhttps://github.com/ironpeakservices/iron-chart-hugo
[90m1:32AM[0m [31mERR[0m [1mClone failed – skipping[0m [36merror=[0m[31m[1m"exec: \"git\": executable file not found in %PATH%"[0m[0m [36mrepo=[0mironpeakservices/iron-chart-hugo
[90m1:32AM[0m [32mINF[0m [1mProcessing repo[0m [36mrepo=[0mDOME-Marketplace/dome-gitops [36mrepo_index=[0m110 [36mtotal_repos=[0m500
[90m1:32AM[0m [32mINF[0m [1mCloning (depth=1)[0m [36mdest=[0m"E:\\helm_clones_github\\DOME-Marketplace__dome-gitops" [36mrepo=[0mhttps://github.com/DOME-Marketplace/dome-gitops
[90m1:32AM[0m [31mERR[0m [1mClone failed – skipping[0m [36merror=[0m[31m[1m"exec: \"git\": executable file not found in %PATH%"[0m[0m [36mrepo=[0mDOME-Marketplace/dome-gitops
[90m1:32AM[0m [32mINF[0m [1mProcessing repo[0m [36mrepo=[0mdeploystackio/deploy-templates [36mrepo_index=[0m111 [36mtotal_repos=[0m500
[90m1:32AM[0m [32mINF[0m [1mCloning (depth=1)[0m [36mdest=[0m"E:\\helm_clones_github\\deploystackio__deploy-templates" [36mrepo=[0mhttps://github.com/deploystackio/deploy-templates
[90m1:32AM[0m [31mERR[0m [1mClone failed – skipping[0m [36merror=[0m[31m[1m"exec: \"git\": executable file not found in %PATH%"[0m[0m [36mrepo=[0mdeploystackio/deploy-templates
[90m1:32AM[0m [32mINF[0m [1mProcessing repo[0m [36mrepo=[0mrandoli/helm-charts [36mrepo_index=[0m112 [36mtotal_repos=[0m500
[90m1:32AM[0m [32mINF[0m [1mCloning (depth=1)[0m [36mdest=[0m"E:\\helm_clones_github\\randoli__helm-charts" [36mrepo=[0mhttps://github.com/randoli/helm-charts
[90m1:32AM[0m [31mERR[0m [1mClone failed – skipping[0m [36merror=[0m[31m[1m"exec: \"git\": executable file not found in %PATH%"[0m[0m [36mrepo=[0mrandoli/helm-charts
[90m1:32AM[0m [32mINF[0m [1mProcessing repo[0m [36mrepo=[0munixfox/k8s [36mrepo_index=[0m113 [36mtotal_repos=[0m500
[90m1:32AM[0m [32mINF[0m [1mCloning (depth=1)[0m [36mdest=[0m"E:\\helm_clones_github\\unixfox__k8s" [36mrepo=[0mhttps://github.com/unixfox/k8s
[90m1:32AM[0m [31mERR[0m [1mClone failed – skipping[0m [36merror=[0m[31m[1m"exec: \"git\": executable file not found in %PATH%"[0m[0m [36mrepo=[0munixfox/k8s
[90m1:32AM[0m [32mINF[0m [1mProcessing repo[0m [36mrepo=[0mDotKube/KubeSQLServer-Operator [36mrepo_index=[0m114 [36mtotal_repos=[0m500
[90m1:32AM[0m [32mINF[0m [1mCloning (depth=1)[0m [36mdest=[0m"E:\\helm_clones_github\\DotKube__KubeSQLServer-Operator" [36mrepo=[0mhttps://github.com/DotKube/KubeSQLServer-Operator
[90m1:32AM[0m [31mERR[0m [1mClone failed – skipping[0m [36merror=[0m[31m[1m"exec: \"git\": executable file not found in %PATH%"[0m[0m [36mrepo=[0mDotKube/KubeSQLServer-Operator
[90m1:32AM[0m [32mINF[0m [1mProcessing repo[0m [36mrepo=[0mbcgov/OCWA [36mrepo_index=[0m115 [36mtotal_repos=[0m500
[90m1:32AM[0m [32mINF[0m [1mCloning (depth=1)[0m [36mdest=[0m"E:\\helm_clones_github\\bcgov__OCWA" [36mrepo=[0mhttps://github.com/bcgov/OCWA
[90m1:32AM[0m [31mERR[0m [1mClone failed – skipping[0m [36merror=[0m[31m[1m"exec: \"git\": executable file not found in %PATH%"[0m[0m [36mrepo=[0mbcgov/OCWA
[90m1:32AM[0m [32mINF[0m [1mProcessing repo[0m [36mrepo=[0mbdkoeh/survivalRAG [36mrepo_index=[0m116 [36mtotal_repos=[0m500
[90m1:32AM[0m [32mINF[0m [1mCloning (depth=1)[0m [36mdest=[0m"E:\\helm_clones_github\\bdkoeh__survivalRAG" [36mrepo=[0mhttps://github.com/bdkoeh/survivalRAG
[90m1:32AM[0m [31mERR[0m [1mClone failed – skipping[0m [36merror=[0m[31m[1m"exec: \"git\": executable file not found in %PATH%"[0m[0m [36mrepo=[0mbdkoeh/survivalRAG
[90m1:32AM[0m [32mINF[0m [1mProcessing repo[0m [36mrepo=[0mbtr1975/automation-framework [36mrepo_index=[0m117 [36mtotal_repos=[0m500
[90m1:32AM[0m [32mINF[0m [1mCloning (depth=1)[0m [36mdest=[0m"E:\\helm_clones_github\\btr1975__automation-framework" [36mrepo=[0mhttps://github.com/btr1975/automation-framework
[90m1:32AM[0m [31mERR[0m [1mClone failed – skipping[0m [36merror=[0m[31m[1m"exec: \"git\": executable file not found in %PATH%"[0m[0m [36mrepo=[0mbtr1975/automation-framework
[90m1:32AM[0m [32mINF[0m [1mProcessing repo[0m [36mrepo=[0mhenrywhitaker3/homelab [36mrepo_index=[0m118 [36mtotal_repos=[0m500
[90m1:32AM[0m [32mINF[0m [1mCloning (depth=1)[0m [36mdest=[0m"E:\\helm_clones_github\\henrywhitaker3__homelab" [36mrepo=[0mhttps://github.com/henrywhitaker3/homelab
[90m1:32AM[0m [31mERR[0m [1mClone failed – skipping[0m [36merror=[0m[31m[1m"exec: \"git\": executable file not found in %PATH%"[0m[0m [36mrepo=[0mhenrywhitaker3/homelab
[90m1:32AM[0m [32mINF[0m [1mProcessing repo[0m [36mrepo=[0mkubero-dev/kubero-operator [36mrepo_index=[0m119 [36mtotal_repos=[0m500
[90m1:32AM[0m [32mINF[0m [1mCloning (depth=1)[0m [36mdest=[0m"E:\\helm_clones_github\\kubero-dev__kubero-operator" [36mrepo=[0mhttps://github.com/kubero-dev/kubero-operator
[90m1:32AM[0m [31mERR[0m [1mClone failed – skipping[0m [36merror=[0m[31m[1m"exec: \"git\": executable file not found in %PATH%"[0m[0m [36mrepo=[0mkubero-dev/kubero-operator
[90m1:32AM[0m [32mINF[0m [1mProcessing repo[0m [36mrepo=[0mlogicalisuki/ubiquity-open [36mrepo_index=[0m120 [36mtotal_repos=[0m500
[90m1:32AM[0m [32mINF[0m [1mCloning (depth=1)[0m [36mdest=[0m"E:\\helm_clones_github\\logicalisuki__ubiquity-open" [36mrepo=[0mhttps://github.com/logicalisuki/ubiquity-open
[90m1:32AM[0m [31mERR[0m [1mClone failed – skipping[0m [36merror=[0m[31m[1m"exec: \"git\": executable file not found in %PATH%"[0m[0m [36mrepo=[0mlogicalisuki/ubiquity-open
[90m1:32AM[0m [32mINF[0m [1mProcessing repo[0m [36mrepo=[0mopenmcp-project/metrics-operator [36mrepo_index=[0m121 [36mtotal_repos=[0m500
[90m1:32AM[0m [32mINF[0m [1mCloning (depth=1)[0m [36mdest=[0m"E:\\helm_clones_github\\openmcp-project__metrics-operator" [36mrepo=[0mhttps://github.com/openmcp-project/metrics-operator
[90m1:32AM[0m [31mERR[0m [1mClone failed – skipping[0m [36merror=[0m[31m[1m"exec: \"git\": executable file not found in %PATH%"[0m[0m [36mrepo=[0mopenmcp-project/metrics-operator
[90m1:32AM[0m [32mINF[0m [1mProcessing repo[0m [36mrepo=[0mredhat-cop/must-gather-operator [36mrepo_index=[0m122 [36mtotal_repos=[0m500
[90m1:32AM[0m [32mINF[0m [1mCloning (depth=1)[0m [36mdest=[0m"E:\\helm_clones_github\\redhat-cop__must-gather-operator" [36mrepo=[0mhttps://github.com/redhat-cop/must-gather-operator
[90m1:32AM[0m [31mERR[0m [1mClone failed – skipping[0m [36merror=[0m[31m[1m"exec: \"git\": executable file not found in %PATH%"[0m[0m [36mrepo=[0mredhat-cop/must-gather-operator
[90m1:32AM[0m [32mINF[0m [1mProcessing repo[0m [36mrepo=[0mLeoShivas/GitOps [36mrepo_index=[0m123 [36mtotal_repos=[0m500
[90m1:32AM[0m [32mINF[0m [1mCloning (depth=1)[0m [36mdest=[0m"E:\\helm_clones_github\\LeoShivas__GitOps" [36mrepo=[0mhttps://github.com/LeoShivas/GitOps
[90m1:32AM[0m [31mERR[0m [1mClone failed – skipping[0m [36merror=[0m[31m[1m"exec: \"git\": executable file not found in %PATH%"[0m[0m [36mrepo=[0mLeoShivas/GitOps
[90m1:32AM[0m [32mINF[0m [1mProcessing repo[0m [36mrepo=[0mjunghoon2/kube-books [36mrepo_index=[0m124 [36mtotal_repos=[0m500
[90m1:32AM[0m [32mINF[0m [1mCloning (depth=1)[0m [36mdest=[0m"E:\\helm_clones_github\\junghoon2__kube-books" [36mrepo=[0mhttps://github.com/junghoon2/kube-books
[90m1:32AM[0m [31mERR[0m [1mClone failed – skipping[0m [36merror=[0m[31m[1m"exec: \"git\": executable file not found in %PATH%"[0m[0m [36mrepo=[0mjunghoon2/kube-books
[90m1:32AM[0m [32mINF[0m [1mProcessing repo[0m [36mrepo=[0mllajas/homelab [36mrepo_index=[0m125 [36mtotal_repos=[0m500
[90m1:32AM[0m [32mINF[0m [1mCloning (depth=1)[0m [36mdest=[0m"E:\\helm_clones_github\\llajas__homelab" [36mrepo=[0mhttps://github.com/llajas/homelab
[90m1:32AM[0m [31mERR[0m [1mClone failed – skipping[0m [36merror=[0m[31m[1m"exec: \"git\": executable file not found in %PATH%"[0m[0m [36mrepo=[0mllajas/homelab
[90m1:32AM[0m [32mINF[0m [1mProcessing repo[0m [36mrepo=[0mpreloop/preloop [36mrepo_index=[0m126 [36mtotal_repos=[0m500
[90m1:32AM[0m [32mINF[0m [1mCloning (depth=1)[0m [36mdest=[0m"E:\\helm_clones_github\\preloop__preloop" [36mrepo=[0mhttps://github.com/preloop/preloop
[90m1:32AM[0m [31mERR[0m [1mClone failed – skipping[0m [36merror=[0m[31m[1m"exec: \"git\": executable file not found in %PATH%"[0m[0m [36mrepo=[0mpreloop/preloop
[90m1:32AM[0m [32mINF[0m [1mProcessing repo[0m [36mrepo=[0mquangnhien/photo-posing-assistant [36mrepo_index=[0m127 [36mtotal_repos=[0m500
[90m1:32AM[0m [32mINF[0m [1mCloning (depth=1)[0m [36mdest=[0m"E:\\helm_clones_github\\quangnhien__photo-posing-assistant" [36mrepo=[0mhttps://github.com/quangnhien/photo-posing-assistant
[90m1:32AM[0m [31mERR[0m [1mClone failed – skipping[0m [36merror=[0m[31m[1m"exec: \"git\": executable file not found in %PATH%"[0m[0m [36mrepo=[0mquangnhien/photo-posing-assistant
[90m1:32AM[0m [32mINF[0m [1mProcessing repo[0m [36mrepo=[0mMerck/Data-Profiler [36mrepo_index=[0m128 [36mtotal_repos=[0m500
[90m1:32AM[0m [32mINF[0m [1mCloning (depth=1)[0m [36mdest=[0m"E:\\helm_clones_github\\Merck__Data-Profiler" [36mrepo=[0mhttps://github.com/Merck/Data-Profiler
[90m1:32AM[0m [31mERR[0m [1mClone failed – skipping[0m [36merror=[0m[31m[1m"exec: \"git\": executable file not found in %PATH%"[0m[0m [36mrepo=[0mMerck/Data-Profiler
[90m1:32AM[0m [32mINF[0m [1mProcessing repo[0m [36mrepo=[0mSimCubeLtd/simcube-helm-charts [36mrepo_index=[0m129 [36mtotal_repos=[0m500
[90m1:32AM[0m [32mINF[0m [1mCloning (depth=1)[0m [36mdest=[0m"E:\\helm_clones_github\\SimCubeLtd__simcube-helm-charts" [36mrepo=[0mhttps://github.com/SimCubeLtd/simcube-helm-charts
[90m1:32AM[0m [31mERR[0m [1mClone failed – skipping[0m [36merror=[0m[31m[1m"exec: \"git\": executable file not found in %PATH%"[0m[0m [36mrepo=[0mSimCubeLtd/simcube-helm-charts
[90m1:32AM[0m [32mINF[0m [1mProcessing repo[0m [36mrepo=[0maabouzaid/modern-data-platform-poc [36mrepo_index=[0m130 [36mtotal_repos=[0m500
[90m1:32AM[0m [32mINF[0m [1mCloning (depth=1)[0m [36mdest=[0m"E:\\helm_clones_github\\aabouzaid__modern-data-platform-poc" [36mrepo=[0mhttps://github.com/aabouzaid/modern-data-platform-poc
[90m1:32AM[0m [31mERR[0m [1mClone failed – skipping[0m [36merror=[0m[31m[1m"exec: \"git\": executable file not found in %PATH%"[0m[0m [36mrepo=[0maabouzaid/modern-data-platform-poc
[90m1:32AM[0m [32mINF[0m [1mProcessing repo[0m [36mrepo=[0mcmgoffena13/etl-watcher [36mrepo_index=[0m131 [36mtotal_repos=[0m500
[90m1:32AM[0m [32mINF[0m [1mCloning (depth=1)[0m [36mdest=[0m"E:\\helm_clones_github\\cmgoffena13__etl-watcher" [36mrepo=[0mhttps://github.com/cmgoffena13/etl-watcher
[90m1:32AM[0m [31mERR[0m [1mClone failed – skipping[0m [36merror=[0m[31m[1m"exec: \"git\": executable file not found in %PATH%"[0m[0m [36mrepo=[0mcmgoffena13/etl-watcher
[90m1:32AM[0m [32mINF[0m [1mProcessing repo[0m [36mrepo=[0mhsmade/velero-ui [36mrepo_index=[0m132 [36mtotal_repos=[0m500
[90m1:32AM[0m [32mINF[0m [1mCloning (depth=1)[0m [36mdest=[0m"E:\\helm_clones_github\\hsmade__velero-ui" [36mrepo=[0mhttps://github.com/hsmade/velero-ui
[90m1:32AM[0m [31mERR[0m [1mClone failed – skipping[0m [36merror=[0m[31m[1m"exec: \"git\": executable file not found in %PATH%"[0m[0m [36mrepo=[0mhsmade/velero-ui
[90m1:32AM[0m [32mINF[0m [1mProcessing repo[0m [36mrepo=[0mstakater/nordmart-apps-gitops-config [36mrepo_index=[0m133 [36mtotal_repos=[0m500
[90m1:32AM[0m [32mINF[0m [1mCloning (depth=1)[0m [36mdest=[0m"E:\\helm_clones_github\\stakater__nordmart-apps-gitops-config" [36mrepo=[0mhttps://github.com/stakater/nordmart-apps-gitops-config
[90m1:32AM[0m [31mERR[0m [1mClone failed – skipping[0m [36merror=[0m[31m[1m"exec: \"git\": executable file not found in %PATH%"[0m[0m [36mrepo=[0mstakater/nordmart-apps-gitops-config
[90m1:32AM[0m [32mINF[0m [1mProcessing repo[0m [36mrepo=[0mthoughtworks/byor-voting-infrastructure [36mrepo_index=[0m134 [36mtotal_repos=[0m500
[90m1:32AM[0m [32mINF[0m [1mCloning (depth=1)[0m [36mdest=[0m"E:\\helm_clones_github\\thoughtworks__byor-voting-infrastructure" [36mrepo=[0mhttps://github.com/thoughtworks/byor-voting-infrastructure
[90m1:32AM[0m [31mERR[0m [1mClone failed – skipping[0m [36merror=[0m[31m[1m"exec: \"git\": executable file not found in %PATH%"[0m[0m [36mrepo=[0mthoughtworks/byor-voting-infrastructure
[90m1:32AM[0m [32mINF[0m [1mProcessing repo[0m [36mrepo=[0mkaist-ina/TopFull [36mrepo_index=[0m135 [36mtotal_repos=[0m500
[90m1:32AM[0m [32mINF[0m [1mCloning (depth=1)[0m [36mdest=[0m"E:\\helm_clones_github\\kaist-ina__TopFull" [36mrepo=[0mhttps://github.com/kaist-ina/TopFull
[90m1:32AM[0m [31mERR[0m [1mClone failed – skipping[0m [36merror=[0m[31m[1m"exec: \"git\": executable file not found in %PATH%"[0m[0m [36mrepo=[0mkaist-ina/TopFull
[90m1:32AM[0m [32mINF[0m [1mProcessing repo[0m [36mrepo=[0mstarlingx/openstack-armada-app [36mrepo_index=[0m136 [36mtotal_repos=[0m500
[90m1:32AM[0m [32mINF[0m [1mCloning (depth=1)[0m [36mdest=[0m"E:\\helm_clones_github\\starlingx__openstack-armada-app" [36mrepo=[0mhttps://github.com/starlingx/openstack-armada-app
[90m1:32AM[0m [31mERR[0m [1mClone failed – skipping[0m [36merror=[0m[31m[1m"exec: \"git\": executable file not found in %PATH%"[0m[0m [36mrepo=[0mstarlingx/openstack-armada-app
[90m1:32AM[0m [32mINF[0m [1mProcessing repo[0m [36mrepo=[0mybhatnagar/huddle [36mrepo_index=[0m137 [36mtotal_repos=[0m500
[90m1:32AM[0m [32mINF[0m [1mCloning (depth=1)[0m [36mdest=[0m"E:\\helm_clones_github\\ybhatnagar__huddle" [36mrepo=[0mhttps://github.com/ybhatnagar/huddle
[90m1:32AM[0m [31mERR[0m [1mClone failed – skipping[0m [36merror=[0m[31m[1m"exec: \"git\": executable file not found in %PATH%"[0m[0m [36mrepo=[0mybhatnagar/huddle
[90m1:32AM[0m [32mINF[0m [1mProcessing repo[0m [36mrepo=[0mAustrianDataLAB/pacman [36mrepo_index=[0m138 [36mtotal_repos=[0m500
[90m1:32AM[0m [32mINF[0m [1mCloning (depth=1)[0m [36mdest=[0m"E:\\helm_clones_github\\AustrianDataLAB__pacman" [36mrepo=[0mhttps://github.com/AustrianDataLAB/pacman
[90m1:32AM[0m [31mERR[0m [1mClone failed – skipping[0m [36merror=[0m[31m[1m"exec: \"git\": executable file not found in %PATH%"[0m[0m [36mrepo=[0mAustrianDataLAB/pacman
[90m1:32AM[0m [32mINF[0m [1mProcessing repo[0m [36mrepo=[0mJorrit05/DYNAMOS [36mrepo_index=[0m139 [36mtotal_repos=[0m500
[90m1:32AM[0m [32mINF[0m [1mCloning (depth=1)[0m [36mdest=[0m"E:\\helm_clones_github\\Jorrit05__DYNAMOS" [36mrepo=[0mhttps://github.com/Jorrit05/DYNAMOS
[90m1:32AM[0m [31mERR[0m [1mClone failed – skipping[0m [36merror=[0m[31m[1m"exec: \"git\": executable file not found in %PATH%"[0m[0m [36mrepo=[0mJorrit05/DYNAMOS
[90m1:32AM[0m [32mINF[0m [1mProcessing repo[0m [36mrepo=[0mNETINT-Technologies/netint_k8_device_plugin [36mrepo_index=[0m140 [36mtotal_repos=[0m500
[90m1:32AM[0m [32mINF[0m [1mCloning (depth=1)[0m [36mdest=[0m"E:\\helm_clones_github\\NETINT-Technologies__netint_k8_device_plugin" [36mrepo=[0mhttps://github.com/NETINT-Technologies/netint_k8_device_plugin
[90m1:32AM[0m [31mERR[0m [1mClone failed – skipping[0m [36merror=[0m[31m[1m"exec: \"git\": executable file not found in %PATH%"[0m[0m [36mrepo=[0mNETINT-Technologies/netint_k8_device_plugin
[90m1:32AM[0m [32mINF[0m [1mProcessing repo[0m [36mrepo=[0mSAP/component-operator-runtime [36mrepo_index=[0m141 [36mtotal_repos=[0m500
[90m1:32AM[0m [32mINF[0m [1mCloning (depth=1)[0m [36mdest=[0m"E:\\helm_clones_github\\SAP__component-operator-runtime" [36mrepo=[0mhttps://github.com/SAP/component-operator-runtime
[90m1:32AM[0m [31mERR[0m [1mClone failed – skipping[0m [36merror=[0m[31m[1m"exec: \"git\": executable file not found in %PATH%"[0m[0m [36mrepo=[0mSAP/component-operator-runtime
[90m1:32AM[0m [32mINF[0m [1mProcessing repo[0m [36mrepo=[0mappscode-cloud/ui-wizards [36mrepo_index=[0m142 [36mtotal_repos=[0m500
[90m1:32AM[0m [32mINF[0m [1mCloning (depth=1)[0m [36mdest=[0m"E:\\helm_clones_github\\appscode-cloud__ui-wizards" [36mrepo=[0mhttps://github.com/appscode-cloud/ui-wizards
[90m1:32AM[0m [31mERR[0m [1mClone failed – skipping[0m [36merror=[0m[31m[1m"exec: \"git\": executable file not found in %PATH%"[0m[0m [36mrepo=[0mappscode-cloud/ui-wizards
[90m1:32AM[0m [32mINF[0m [1mProcessing repo[0m [36mrepo=[0mbatleforc/weebo-si [36mrepo_index=[0m143 [36mtotal_repos=[0m500
[90m1:32AM[0m [32mINF[0m [1mCloning (depth=1)[0m [36mdest=[0m"E:\\helm_clones_github\\batleforc__weebo-si" [36mrepo=[0mhttps://github.com/batleforc/weebo-si
[90m1:32AM[0m [31mERR[0m [1mClone failed – skipping[0m [36merror=[0m[31m[1m"exec: \"git\": executable file not found in %PATH%"[0m[0m [36mrepo=[0mbatleforc/weebo-si
[90m1:32AM[0m [32mINF[0m [1mProcessing repo[0m [36mrepo=[0mcelo-org/charts [36mrepo_index=[0m144 [36mtotal_repos=[0m500
[90m1:32AM[0m [32mINF[0m [1mCloning (depth=1)[0m [36mdest=[0m"E:\\helm_clones_github\\celo-org__charts" [36mrepo=[0mhttps://github.com/celo-org/charts
[90m1:32AM[0m [31mERR[0m [1mClone failed – skipping[0m [36merror=[0m[31m[1m"exec: \"git\": executable file not found in %PATH%"[0m[0m [36mrepo=[0mcelo-org/charts
[90m1:32AM[0m [32mINF[0m [1mProcessing repo[0m [36mrepo=[0mcloudstark/helm-charts [36mrepo_index=[0m145 [36mtotal_repos=[0m500
[90m1:32AM[0m [32mINF[0m [1mCloning (depth=1)[0m [36mdest=[0m"E:\\helm_clones_github\\cloudstark__helm-charts" [36mrepo=[0mhttps://github.com/cloudstark/helm-charts
[90m1:32AM[0m [31mERR[0m [1mClone failed – skipping[0m [36merror=[0m[31m[1m"exec: \"git\": executable file not found in %PATH%"[0m[0m [36mrepo=[0mcloudstark/helm-charts
[90m1:32AM[0m [32mINF[0m [1mProcessing repo[0m [36mrepo=[0mdungdm93/shipyard [36mrepo_index=[0m146 [36mtotal_repos=[0m500
[90m1:32AM[0m [32mINF[0m [1mCloning (depth=1)[0m [36mdest=[0m"E:\\helm_clones_github\\dungdm93__shipyard" [36mrepo=[0mhttps://github.com/dungdm93/shipyard
[90m1:32AM[0m [31mERR[0m [1mClone failed – skipping[0m [36merror=[0m[31m[1m"exec: \"git\": executable file not found in %PATH%"[0m[0m [36mrepo=[0mdungdm93/shipyard
[90m1:32AM[0m [32mINF[0m [1mProcessing repo[0m [36mrepo=[0mjuselius/Warmup [36mrepo_index=[0m147 [36mtotal_repos=[0m500
[90m1:32AM[0m [32mINF[0m [1mCloning (depth=1)[0m [36mdest=[0m"E:\\helm_clones_github\\juselius__Warmup" [36mrepo=[0mhttps://github.com/juselius/Warmup
[90m1:32AM[0m [31mERR[0m [1mClone failed – skipping[0m [36merror=[0m[31m[1m"exec: \"git\": executable file not found in %PATH%"[0m[0m [36mrepo=[0mjuselius/Warmup
[90m1:32AM[0m [32mINF[0m [1mProcessing repo[0m [36mrepo=[0msergelogvinov/node-labels-exporter [36mrepo_index=[0m148 [36mtotal_repos=[0m500
[90m1:32AM[0m [32mINF[0m [1mCloning (depth=1)[0m [36mdest=[0m"E:\\helm_clones_github\\sergelogvinov__node-labels-exporter" [36mrepo=[0mhttps://github.com/sergelogvinov/node-labels-exporter
[90m1:32AM[0m [31mERR[0m [1mClone failed – skipping[0m [36merror=[0m[31m[1m"exec: \"git\": executable file not found in %PATH%"[0m[0m [36mrepo=[0msergelogvinov/node-labels-exporter
[90m1:32AM[0m [32mINF[0m [1mProcessing repo[0m [36mrepo=[0mAbove-Os/terminus-apps [36mrepo_index=[0m149 [36mtotal_repos=[0m500
[90m1:32AM[0m [32mINF[0m [1mCloning (depth=1)[0m [36mdest=[0m"E:\\helm_clones_github\\Above-Os__terminus-apps" [36mrepo=[0mhttps://github.com/Above-Os/terminus-apps
[90m1:32AM[0m [31mERR[0m [1mClone failed – skipping[0m [36merror=[0m[31m[1m"exec: \"git\": executable file not found in %PATH%"[0m[0m [36mrepo=[0mAbove-Os/terminus-apps
[90m1:32AM[0m [32mINF[0m [1mProcessing repo[0m [36mrepo=[0mBrianCLong/summit [36mrepo_index=[0m150 [36mtotal_repos=[0m500
[90m1:32AM[0m [32mINF[0m [1mCloning (depth=1)[0m [36mdest=[0m"E:\\helm_clones_github\\BrianCLong__summit" [36mrepo=[0mhttps://github.com/BrianCLong/summit
[90m1:32AM[0m [31mERR[0m [1mClone failed – skipping[0m [36merror=[0m[31m[1m"exec: \"git\": executable file not found in %PATH%"[0m[0m [36mrepo=[0mBrianCLong/summit
[90m1:32AM[0m [32mINF[0m [1mProcessing repo[0m [36mrepo=[0mFarDust/homelab-stack [36mrepo_index=[0m151 [36mtotal_repos=[0m500
[90m1:32AM[0m [32mINF[0m [1mCloning (depth=1)[0m [36mdest=[0m"E:\\helm_clones_github\\FarDust__homelab-stack" [36mrepo=[0mhttps://github.com/FarDust/homelab-stack
[90m1:32AM[0m [31mERR[0m [1mClone failed – skipping[0m [36merror=[0m[31m[1m"exec: \"git\": executable file not found in %PATH%"[0m[0m [36mrepo=[0mFarDust/homelab-stack
[90m1:32AM[0m [32mINF[0m [1mProcessing repo[0m [36mrepo=[0mRHEcosystemAppEng/agentic-collections [36mrepo_index=[0m152 [36mtotal_repos=[0m500
[90m1:32AM[0m [32mINF[0m [1mCloning (depth=1)[0m [36mdest=[0m"E:\\helm_clones_github\\RHEcosystemAppEng__agentic-collections" [36mrepo=[0mhttps://github.com/RHEcosystemAppEng/agentic-collections
[90m1:32AM[0m [31mERR[0m [1mClone failed – skipping[0m [36merror=[0m[31m[1m"exec: \"git\": executable file not found in %PATH%"[0m[0m [36mrepo=[0mRHEcosystemAppEng/agentic-collections
[90m1:32AM[0m [32mINF[0m [1mProcessing repo[0m [36mrepo=[0mSupportTools/k8s-ns-purger [36mrepo_index=[0m153 [36mtotal_repos=[0m500
[90m1:32AM[0m [32mINF[0m [1mCloning (depth=1)[0m [36mdest=[0m"E:\\helm_clones_github\\SupportTools__k8s-ns-purger" [36mrepo=[0mhttps://github.com/SupportTools/k8s-ns-purger
[90m1:32AM[0m [31mERR[0m [1mClone failed – skipping[0m [36merror=[0m[31m[1m"exec: \"git\": executable file not found in %PATH%"[0m[0m [36mrepo=[0mSupportTools/k8s-ns-purger
[90m1:32AM[0m [32mINF[0m [1mProcessing repo[0m [36mrepo=[0matsip76/k8s_asterisk_project [36mrepo_index=[0m154 [36mtotal_repos=[0m500
[90m1:32AM[0m [32mINF[0m [1mCloning (depth=1)[0m [36mdest=[0m"E:\\helm_clones_github\\atsip76__k8s_asterisk_project" [36mrepo=[0mhttps://github.com/atsip76/k8s_asterisk_project
[90m1:32AM[0m [31mERR[0m [1mClone failed – skipping[0m [36merror=[0m[31m[1m"exec: \"git\": executable file not found in %PATH%"[0m[0m [36mrepo=[0matsip76/k8s_asterisk_project
[90m1:32AM[0m [32mINF[0m [1mProcessing repo[0m [36mrepo=[0mchrisrun/bitcoind-chart [36mrepo_index=[0m155 [36mtotal_repos=[0m500
[90m1:32AM[0m [32mINF[0m [1mCloning (depth=1)[0m [36mdest=[0m"E:\\helm_clones_github\\chrisrun__bitcoind-chart" [36mrepo=[0mhttps://github.com/chrisrun/bitcoind-chart
[90m1:32AM[0m [31mERR[0m [1mClone failed – skipping[0m [36merror=[0m[31m[1m"exec: \"git\": executable file not found in %PATH%"[0m[0m [36mrepo=[0mchrisrun/bitcoind-chart
[90m1:32AM[0m [32mINF[0m [1mProcessing repo[0m [36mrepo=[0mfolio-org/folio-helm [36mrepo_index=[0m156 [36mtotal_repos=[0m500
[90m1:32AM[0m [32mINF[0m [1mCloning (depth=1)[0m [36mdest=[0m"E:\\helm_clones_github\\folio-org__folio-helm" [36mrepo=[0mhttps://github.com/folio-org/folio-helm
[90m1:32AM[0m [31mERR[0m [1mClone failed – skipping[0m [36merror=[0m[31m[1m"exec: \"git\": executable file not found in %PATH%"[0m[0m [36mrepo=[0mfolio-org/folio-helm
[90m1:32AM[0m [32mINF[0m [1mProcessing repo[0m [36mrepo=[0mibuildthecloud/rancher-charts [36mrepo_index=[0m157 [36mtotal_repos=[0m500
[90m1:32AM[0m [32mINF[0m [1mCloning (depth=1)[0m [36mdest=[0m"E:\\helm_clones_github\\ibuildthecloud__rancher-charts" [36mrepo=[0mhttps://github.com/ibuildthecloud/rancher-charts
[90m1:32AM[0m [31mERR[0m [1mClone failed – skipping[0m [36merror=[0m[31m[1m"exec: \"git\": executable file not found in %PATH%"[0m[0m [36mrepo=[0mibuildthecloud/rancher-charts
[90m1:32AM[0m [32mINF[0m [1mProcessing repo[0m [36mrepo=[0mkaikodata/canton-tooling [36mrepo_index=[0m158 [36mtotal_repos=[0m500
[90m1:32AM[0m [32mINF[0m [1mCloning (depth=1)[0m [36mdest=[0m"E:\\helm_clones_github\\kaikodata__canton-tooling" [36mrepo=[0mhttps://github.com/kaikodata/canton-tooling
[90m1:32AM[0m [31mERR[0m [1mClone failed – skipping[0m [36merror=[0m[31m[1m"exec: \"git\": executable file not found in %PATH%"[0m[0m [36mrepo=[0mkaikodata/canton-tooling
[90m1:32AM[0m [32mINF[0m [1mProcessing repo[0m [36mrepo=[0mkloeckner-i/charts [36mrepo_index=[0m159 [36mtotal_repos=[0m500
[90m1:32AM[0m [32mINF[0m [1mCloning (depth=1)[0m [36mdest=[0m"E:\\helm_clones_github\\kloeckner-i__charts" [36mrepo=[0mhttps://github.com/kloeckner-i/charts
[90m1:32AM[0m [31mERR[0m [1mClone failed – skipping[0m [36merror=[0m[31m[1m"exec: \"git\": executable file not found in %PATH%"[0m[0m [36mrepo=[0mkloeckner-i/charts
[90m1:32AM[0m [32mINF[0m [1mProcessing repo[0m [36mrepo=[0mkrm-functions/catalog [36mrepo_index=[0m160 [36mtotal_repos=[0m500
[90m1:32AM[0m [32mINF[0m [1mCloning (depth=1)[0m [36mdest=[0m"E:\\helm_clones_github\\krm-functions__catalog" [36mrepo=[0mhttps://github.com/krm-functions/catalog
[90m1:32AM[0m [31mERR[0m [1mClone failed – skipping[0m [36merror=[0m[31m[1m"exec: \"git\": executable file not found in %PATH%"[0m[0m [36mrepo=[0mkrm-functions/catalog
[90m1:32AM[0m [32mINF[0m [1mProcessing repo[0m [36mrepo=[0mteddy-ambona/kind-e2e [36mrepo_index=[0m161 [36mtotal_repos=[0m500
[90m1:32AM[0m [32mINF[0m [1mCloning (depth=1)[0m [36mdest=[0m"E:\\helm_clones_github\\teddy-ambona__kind-e2e" [36mrepo=[0mhttps://github.com/teddy-ambona/kind-e2e
[90m1:32AM[0m [31mERR[0m [1mClone failed – skipping[0m [36merror=[0m[31m[1m"exec: \"git\": executable file not found in %PATH%"[0m[0m [36mrepo=[0mteddy-ambona/kind-e2e
[90m1:32AM[0m [32mINF[0m [1mProcessing repo[0m [36mrepo=[0mthousandwang17/sideTube [36mrepo_index=[0m162 [36mtotal_repos=[0m500
[90m1:32AM[0m [32mINF[0m [1mCloning (depth=1)[0m [36mdest=[0m"E:\\helm_clones_github\\thousandwang17__sideTube" [36mrepo=[0mhttps://github.com/thousandwang17/sideTube
[90m1:32AM[0m [31mERR[0m [1mClone failed – skipping[0m [36merror=[0m[31m[1m"exec: \"git\": executable file not found in %PATH%"[0m[0m [36mrepo=[0mthousandwang17/sideTube
[90m1:32AM[0m [32mINF[0m [1mProcessing repo[0m [36mrepo=[0mCDCgov/NEDSS-Helm [36mrepo_index=[0m163 [36mtotal_repos=[0m500
[90m1:32AM[0m [32mINF[0m [1mCloning (depth=1)[0m [36mdest=[0m"E:\\helm_clones_github\\CDCgov__NEDSS-Helm" [36mrepo=[0mhttps://github.com/CDCgov/NEDSS-Helm
[90m1:32AM[0m [31mERR[0m [1mClone failed – skipping[0m [36merror=[0m[31m[1m"exec: \"git\": executable file not found in %PATH%"[0m[0m [36mrepo=[0mCDCgov/NEDSS-Helm
[90m1:32AM[0m [32mINF[0m [1mProcessing repo[0m [36mrepo=[0mOtus-DevOps-2019-08/sgremyachikh_microservices [36mrepo_index=[0m164 [36mtotal_repos=[0m500
[90m1:32AM[0m [32mINF[0m [1mCloning (depth=1)[0m [36mdest=[0m"E:\\helm_clones_github\\Otus-DevOps-2019-08__sgremyachikh_microservices" [36mrepo=[0mhttps://github.com/Otus-DevOps-2019-08/sgremyachikh_microservices
[90m1:32AM[0m [31mERR[0m [1mClone failed – skipping[0m [36merror=[0m[31m[1m"exec: \"git\": executable file not found in %PATH%"[0m[0m [36mrepo=[0mOtus-DevOps-2019-08/sgremyachikh_microservices
[90m1:32AM[0m [32mINF[0m [1mProcessing repo[0m [36mrepo=[0mSpechtLabs/k8s-deployment [36mrepo_index=[0m165 [36mtotal_repos=[0m500
[90m1:32AM[0m [32mINF[0m [1mCloning (depth=1)[0m [36mdest=[0m"E:\\helm_clones_github\\SpechtLabs__k8s-deployment" [36mrepo=[0mhttps://github.com/SpechtLabs/k8s-deployment
[90m1:32AM[0m [31mERR[0m [1mClone failed – skipping[0m [36merror=[0m[31m[1m"exec: \"git\": executable file not found in %PATH%"[0m[0m [36mrepo=[0mSpechtLabs/k8s-deployment
[90m1:32AM[0m [32mINF[0m [1mProcessing repo[0m [36mrepo=[0mSupportTools/rancher-centralized-monitoring [36mrepo_index=[0m166 [36mtotal_repos=[0m500
[90m1:32AM[0m [32mINF[0m [1mCloning (depth=1)[0m [36mdest=[0m"E:\\helm_clones_github\\SupportTools__rancher-centralized-monitoring" [36mrepo=[0mhttps://github.com/SupportTools/rancher-centralized-monitoring
[90m1:32AM[0m [31mERR[0m [1mClone failed – skipping[0m [36merror=[0m[31m[1m"exec: \"git\": executable file not found in %PATH%"[0m[0m [36mrepo=[0mSupportTools/rancher-centralized-monitoring
[90m1:32AM[0m [32mINF[0m [1mProcessing repo[0m [36mrepo=[0mUnique-AG/helm-charts [36mrepo_index=[0m167 [36mtotal_repos=[0m500
[90m1:32AM[0m [32mINF[0m [1mCloning (depth=1)[0m [36mdest=[0m"E:\\helm_clones_github\\Unique-AG__helm-charts" [36mrepo=[0mhttps://github.com/Unique-AG/helm-charts
[90m1:32AM[0m [31mERR[0m [1mClone failed – skipping[0m [36merror=[0m[31m[1m"exec: \"git\": executable file not found in %PATH%"[0m[0m [36mrepo=[0mUnique-AG/helm-charts
[90m1:32AM[0m [32mINF[0m [1mProcessing repo[0m [36mrepo=[0mcap-js/cap-operator-plugin [36mrepo_index=[0m168 [36mtotal_repos=[0m500
[90m1:32AM[0m [32mINF[0m [1mCloning (depth=1)[0m [36mdest=[0m"E:\\helm_clones_github\\cap-js__cap-operator-plugin" [36mrepo=[0mhttps://github.com/cap-js/cap-operator-plugin
[90m1:32AM[0m [31mERR[0m [1mClone failed – skipping[0m [36merror=[0m[31m[1m"exec: \"git\": executable file not found in %PATH%"[0m[0m [36mrepo=[0mcap-js/cap-operator-plugin
[90m1:32AM[0m [32mINF[0m [1mProcessing repo[0m [36mrepo=[0mclaytono/infra [36mrepo_index=[0m169 [36mtotal_repos=[0m500
[90m1:32AM[0m [32mINF[0m [1mCloning (depth=1)[0m [36mdest=[0m"E:\\helm_clones_github\\claytono__infra" [36mrepo=[0mhttps://github.com/claytono/infra
[90m1:32AM[0m [31mERR[0m [1mClone failed – skipping[0m [36merror=[0m[31m[1m"exec: \"git\": executable file not found in %PATH%"[0m[0m [36mrepo=[0mclaytono/infra
[90m1:32AM[0m [32mINF[0m [1mProcessing repo[0m [36mrepo=[0mgeneral-rj45/mini-ml-stand-GRJ45 [36mrepo_index=[0m170 [36mtotal_repos=[0m500
[90m1:32AM[0m [32mINF[0m [1mCloning (depth=1)[0m [36mdest=[0m"E:\\helm_clones_github\\general-rj45__mini-ml-stand-GRJ45" [36mrepo=[0mhttps://github.com/general-rj45/mini-ml-stand-GRJ45
[90m1:32AM[0m [31mERR[0m [1mClone failed – skipping[0m [36merror=[0m[31m[1m"exec: \"git\": executable file not found in %PATH%"[0m[0m [36mrepo=[0mgeneral-rj45/mini-ml-stand-GRJ45
[90m1:32AM[0m [32mINF[0m [1mProcessing repo[0m [36mrepo=[0mgriggheo/blogomatic [36mrepo_index=[0m171 [36mtotal_repos=[0m500
[90m1:32AM[0m [32mINF[0m [1mCloning (depth=1)[0m [36mdest=[0m"E:\\helm_clones_github\\griggheo__blogomatic" [36mrepo=[0mhttps://github.com/griggheo/blogomatic
[90m1:32AM[0m [31mERR[0m [1mClone failed – skipping[0m [36merror=[0m[31m[1m"exec: \"git\": executable file not found in %PATH%"[0m[0m [36mrepo=[0mgriggheo/blogomatic
[90m1:32AM[0m [32mINF[0m [1mProcessing repo[0m [36mrepo=[0miewiewiew/wei-notebook [36mrepo_index=[0m172 [36mtotal_repos=[0m500
[90m1:32AM[0m [32mINF[0m [1mCloning (depth=1)[0m [36mdest=[0m"E:\\helm_clones_github\\iewiewiew__wei-notebook" [36mrepo=[0mhttps://github.com/iewiewiew/wei-notebook
[90m1:32AM[0m [31mERR[0m [1mClone failed – skipping[0m [36merror=[0m[31m[1m"exec: \"git\": executable file not found in %PATH%"[0m[0m [36mrepo=[0miewiewiew/wei-notebook
[90m1:32AM[0m [32mINF[0m [1mProcessing repo[0m [36mrepo=[0mministryofjustice/laa-access-civil-legal-aid [36mrepo_index=[0m173 [36mtotal_repos=[0m500
[90m1:32AM[0m [32mINF[0m [1mCloning (depth=1)[0m [36mdest=[0m"E:\\helm_clones_github\\ministryofjustice__laa-access-civil-legal-aid" [36mrepo=[0mhttps://github.com/ministryofjustice/laa-access-civil-legal-aid
[90m1:32AM[0m [31mERR[0m [1mClone failed – skipping[0m [36merror=[0m[31m[1m"exec: \"git\": executable file not found in %PATH%"[0m[0m [36mrepo=[0mministryofjustice/laa-access-civil-legal-aid
[90m1:32AM[0m [32mINF[0m [1mProcessing repo[0m [36mrepo=[0mol3d/home-ops [36mrepo_index=[0m174 [36mtotal_repos=[0m500
[90m1:32AM[0m [32mINF[0m [1mCloning (depth=1)[0m [36mdest=[0m"E:\\helm_clones_github\\ol3d__home-ops" [36mrepo=[0mhttps://github.com/ol3d/home-ops
[90m1:32AM[0m [31mERR[0m [1mClone failed – skipping[0m [36merror=[0m[31m[1m"exec: \"git\": executable file not found in %PATH%"[0m[0m [36mrepo=[0mol3d/home-ops
[90m1:32AM[0m [32mINF[0m [1mProcessing repo[0m [36mrepo=[0mpascalnaber/ignite-tour-k8s-lessons-learned [36mrepo_index=[0m175 [36mtotal_repos=[0m500
[90m1:32AM[0m [32mINF[0m [1mCloning (depth=1)[0m [36mdest=[0m"E:\\helm_clones_github\\pascalnaber__ignite-tour-k8s-lessons-learned" [36mrepo=[0mhttps://github.com/pascalnaber/ignite-tour-k8s-lessons-learned
[90m1:32AM[0m [31mERR[0m [1mClone failed – skipping[0m [36merror=[0m[31m[1m"exec: \"git\": executable file not found in %PATH%"[0m[0m [36mrepo=[0mpascalnaber/ignite-tour-k8s-lessons-learned
[90m1:32AM[0m [32mINF[0m [1mProcessing repo[0m [36mrepo=[0mpunchplatform/punch-helm [36mrepo_index=[0m176 [36mtotal_repos=[0m500
[90m1:32AM[0m [32mINF[0m [1mCloning (depth=1)[0m [36mdest=[0m"E:\\helm_clones_github\\punchplatform__punch-helm" [36mrepo=[0mhttps://github.com/punchplatform/punch-helm
[90m1:32AM[0m [31mERR[0m [1mClone failed – skipping[0m [36merror=[0m[31m[1m"exec: \"git\": executable file not found in %PATH%"[0m[0m [36mrepo=[0mpunchplatform/punch-helm
[90m1:32AM[0m [32mINF[0m [1mProcessing repo[0m [36mrepo=[0mrflorenc/prometheusrule-validating-webhook [36mrepo_index=[0m177 [36mtotal_repos=[0m500
[90m1:32AM[0m [32mINF[0m [1mCloning (depth=1)[0m [36mdest=[0m"E:\\helm_clones_github\\rflorenc__prometheusrule-validating-webhook" [36mrepo=[0mhttps://github.com/rflorenc/prometheusrule-validating-webhook
[90m1:32AM[0m [31mERR[0m [1mClone failed – skipping[0m [36merror=[0m[31m[1m"exec: \"git\": executable file not found in %PATH%"[0m[0m [36mrepo=[0mrflorenc/prometheusrule-validating-webhook
[90m1:32AM[0m [32mINF[0m [1mProcessing repo[0m [36mrepo=[0mrsvancara/goblog [36mrepo_index=[0m178 [36mtotal_repos=[0m500
[90m1:32AM[0m [32mINF[0m [1mCloning (depth=1)[0m [36mdest=[0m"E:\\helm_clones_github\\rsvancara__goblog" [36mrepo=[0mhttps://github.com/rsvancara/goblog
[90m1:32AM[0m [31mERR[0m [1mClone failed – skipping[0m [36merror=[0m[31m[1m"exec: \"git\": executable file not found in %PATH%"[0m[0m [36mrepo=[0mrsvancara/goblog
[90m1:32AM[0m [32mINF[0m [1mProcessing repo[0m [36mrepo=[0mCloudFitSoftware/PubSec-Info-Assistant [36mrepo_index=[0m179 [36mtotal_repos=[0m500
[90m1:32AM[0m [32mINF[0m [1mCloning (depth=1)[0m [36mdest=[0m"E:\\helm_clones_github\\CloudFitSoftware__PubSec-Info-Assistant" [36mrepo=[0mhttps://github.com/CloudFitSoftware/PubSec-Info-Assistant
[90m1:32AM[0m [31mERR[0m [1mClone failed – skipping[0m [36merror=[0m[31m[1m"exec: \"git\": executable file not found in %PATH%"[0m[0m [36mrepo=[0mCloudFitSoftware/PubSec-Info-Assistant
[90m1:32AM[0m [32mINF[0m [1mProcessing repo[0m [36mrepo=[0mEamonKeane/k8s-cluster-services [36mrepo_index=[0m180 [36mtotal_repos=[0m500
[90m1:32AM[0m [32mINF[0m [1mCloning (depth=1)[0m [36mdest=[0m"E:\\helm_clones_github\\EamonKeane__k8s-cluster-services" [36mrepo=[0mhttps://github.com/EamonKeane/k8s-cluster-services
[90m1:32AM[0m [31mERR[0m [1mClone failed – skipping[0m [36merror=[0m[31m[1m"exec: \"git\": executable file not found in %PATH%"[0m[0m [36mrepo=[0mEamonKeane/k8s-cluster-services
[90m1:32AM[0m [32mINF[0m [1mProcessing repo[0m [36mrepo=[0mJuniorJPDJ/charts [36mrepo_index=[0m181 [36mtotal_repos=[0m500
[90m1:32AM[0m [32mINF[0m [1mCloning (depth=1)[0m [36mdest=[0m"E:\\helm_clones_github\\JuniorJPDJ__charts" [36mrepo=[0mhttps://github.com/JuniorJPDJ/charts
[90m1:32AM[0m [31mERR[0m [1mClone failed – skipping[0m [36merror=[0m[31m[1m"exec: \"git\": executable file not found in %PATH%"[0m[0m [36mrepo=[0mJuniorJPDJ/charts
[90m1:32AM[0m [32mINF[0m [1mProcessing repo[0m [36mrepo=[0mMakhuta/truecharts-archive-scale-catalog [36mrepo_index=[0m182 [36mtotal_repos=[0m500
[90m1:32AM[0m [32mINF[0m [1mCloning (depth=1)[0m [36mdest=[0m"E:\\helm_clones_github\\Makhuta__truecharts-archive-scale-catalog" [36mrepo=[0mhttps://github.com/Makhuta/truecharts-archive-scale-catalog
[90m1:32AM[0m [31mERR[0m [1mClone failed – skipping[0m [36merror=[0m[31m[1m"exec: \"git\": executable file not found in %PATH%"[0m[0m [36mrepo=[0mMakhuta/truecharts-archive-scale-catalog
[90m1:32AM[0m [32mINF[0m [1mProcessing repo[0m [36mrepo=[0mcnieg/helm-charts [36mrepo_index=[0m183 [36mtotal_repos=[0m500
[90m1:32AM[0m [32mINF[0m [1mCloning (depth=1)[0m [36mdest=[0m"E:\\helm_clones_github\\cnieg__helm-charts" [36mrepo=[0mhttps://github.com/cnieg/helm-charts
[90m1:32AM[0m [31mERR[0m [1mClone failed – skipping[0m [36merror=[0m[31m[1m"exec: \"git\": executable file not found in %PATH%"[0m[0m [36mrepo=[0mcnieg/helm-charts
[90m1:32AM[0m [32mINF[0m [1mProcessing repo[0m [36mrepo=[0mcwcloudtech/cwcloud-api [36mrepo_index=[0m184 [36mtotal_repos=[0m500
[90m1:32AM[0m [32mINF[0m [1mCloning (depth=1)[0m [36mdest=[0m"E:\\helm_clones_github\\cwcloudtech__cwcloud-api" [36mrepo=[0mhttps://github.com/cwcloudtech/cwcloud-api
[90m1:32AM[0m [31mERR[0m [1mClone failed – skipping[0m [36merror=[0m[31m[1m"exec: \"git\": executable file not found in %PATH%"[0m[0m [36mrepo=[0mcwcloudtech/cwcloud-api
[90m1:32AM[0m [32mINF[0m [1mProcessing repo[0m [36mrepo=[0mdynatrace-wwse/enablement-kubernetes-opentelemetry [36mrepo_index=[0m185 [36mtotal_repos=[0m500
[90m1:32AM[0m [32mINF[0m [1mCloning (depth=1)[0m [36mdest=[0m"E:\\helm_clones_github\\dynatrace-wwse__enablement-kubernetes-opentelemetry" [36mrepo=[0mhttps://github.com/dynatrace-wwse/enablement-kubernetes-opentelemetry
[90m1:32AM[0m [31mERR[0m [1mClone failed – skipping[0m [36merror=[0m[31m[1m"exec: \"git\": executable file not found in %PATH%"[0m[0m [36mrepo=[0mdynatrace-wwse/enablement-kubernetes-opentelemetry
[90m1:32AM[0m [32mINF[0m [1mProcessing repo[0m [36mrepo=[0mdynatrace-wwse/enablement-kubernetes-opentelemetry-openpipeline [36mrepo_index=[0m186 [36mtotal_repos=[0m500
[90m1:32AM[0m [32mINF[0m [1mCloning (depth=1)[0m [36mdest=[0m"E:\\helm_clones_github\\dynatrace-wwse__enablement-kubernetes-opentelemetry-openpipeline" [36mrepo=[0mhttps://github.com/dynatrace-wwse/enablement-kubernetes-opentelemetry-openpipeline
[90m1:32AM[0m [31mERR[0m [1mClone failed – skipping[0m [36merror=[0m[31m[1m"exec: \"git\": executable file not found in %PATH%"[0m[0m [36mrepo=[0mdynatrace-wwse/enablement-kubernetes-opentelemetry-openpipeline
[90m1:32AM[0m [32mINF[0m [1mProcessing repo[0m [36mrepo=[0mhelxplatform/translator-devops [36mrepo_index=[0m187 [36mtotal_repos=[0m500
[90m1:32AM[0m [32mINF[0m [1mCloning (depth=1)[0m [36mdest=[0m"E:\\helm_clones_github\\helxplatform__translator-devops" [36mrepo=[0mhttps://github.com/helxplatform/translator-devops
[90m1:32AM[0m [31mERR[0m [1mClone failed – skipping[0m [36merror=[0m[31m[1m"exec: \"git\": executable file not found in %PATH%"[0m[0m [36mrepo=[0mhelxplatform/translator-devops
[90m1:32AM[0m [32mINF[0m [1mProcessing repo[0m [36mrepo=[0mkast-spells/kast-system [36mrepo_index=[0m188 [36mtotal_repos=[0m500
[90m1:32AM[0m [32mINF[0m [1mCloning (depth=1)[0m [36mdest=[0m"E:\\helm_clones_github\\kast-spells__kast-system" [36mrepo=[0mhttps://github.com/kast-spells/kast-system
[90m1:32AM[0m [31mERR[0m [1mClone failed – skipping[0m [36merror=[0m[31m[1m"exec: \"git\": executable file not found in %PATH%"[0m[0m [36mrepo=[0mkast-spells/kast-system
[90m1:32AM[0m [32mINF[0m [1mProcessing repo[0m [36mrepo=[0mopspresso/argocd-env-addons [36mrepo_index=[0m189 [36mtotal_repos=[0m500
[90m1:32AM[0m [32mINF[0m [1mCloning (depth=1)[0m [36mdest=[0m"E:\\helm_clones_github\\opspresso__argocd-env-addons" [36mrepo=[0mhttps://github.com/opspresso/argocd-env-addons
[90m1:32AM[0m [31mERR[0m [1mClone failed – skipping[0m [36merror=[0m[31m[1m"exec: \"git\": executable file not found in %PATH%"[0m[0m [36mrepo=[0mopspresso/argocd-env-addons
[90m1:32AM[0m [32mINF[0m [1mProcessing repo[0m [36mrepo=[0mpluralsh/plural-helm-charts [36mrepo_index=[0m190 [36mtotal_repos=[0m500
[90m1:32AM[0m [32mINF[0m [1mCloning (depth=1)[0m [36mdest=[0m"E:\\helm_clones_github\\pluralsh__plural-helm-charts" [36mrepo=[0mhttps://github.com/pluralsh/plural-helm-charts
[90m1:32AM[0m [31mERR[0m [1mClone failed – skipping[0m [36merror=[0m[31m[1m"exec: \"git\": executable file not found in %PATH%"[0m[0m [36mrepo=[0mpluralsh/plural-helm-charts
[90m1:32AM[0m [32mINF[0m [1mProcessing repo[0m [36mrepo=[0myapily/helm-charts [36mrepo_index=[0m191 [36mtotal_repos=[0m500
[90m1:32AM[0m [32mINF[0m [1mCloning (depth=1)[0m [36mdest=[0m"E:\\helm_clones_github\\yapily__helm-charts" [36mrepo=[0mhttps://github.com/yapily/helm-charts
[90m1:32AM[0m [31mERR[0m [1mClone failed – skipping[0m [36merror=[0m[31m[1m"exec: \"git\": executable file not found in %PATH%"[0m[0m [36mrepo=[0myapily/helm-charts
[90m1:32AM[0m [32mINF[0m [1mProcessing repo[0m [36mrepo=[0mAchillesChan/memo [36mrepo_index=[0m192 [36mtotal_repos=[0m500
[90m1:32AM[0m [32mINF[0m [1mCloning (depth=1)[0m [36mdest=[0m"E:\\helm_clones_github\\AchillesChan__memo" [36mrepo=[0mhttps://github.com/AchillesChan/memo
[90m1:32AM[0m [31mERR[0m [1mClone failed – skipping[0m [36merror=[0m[31m[1m"exec: \"git\": executable file not found in %PATH%"[0m[0m [36mrepo=[0mAchillesChan/memo
[90m1:32AM[0m [32mINF[0m [1mProcessing repo[0m [36mrepo=[0mAntSan813/react-hasura-keycloak-app [36mrepo_index=[0m193 [36mtotal_repos=[0m500
[90m1:32AM[0m [32mINF[0m [1mCloning (depth=1)[0m [36mdest=[0m"E:\\helm_clones_github\\AntSan813__react-hasura-keycloak-app" [36mrepo=[0mhttps://github.com/AntSan813/react-hasura-keycloak-app
[90m1:32AM[0m [31mERR[0m [1mClone failed – skipping[0m [36merror=[0m[31m[1m"exec: \"git\": executable file not found in %PATH%"[0m[0m [36mrepo=[0mAntSan813/react-hasura-keycloak-app
[90m1:32AM[0m [32mINF[0m [1mProcessing repo[0m [36mrepo=[0mApasoftTraining/cursoHelm [36mrepo_index=[0m194 [36mtotal_repos=[0m500
[90m1:32AM[0m [32mINF[0m [1mCloning (depth=1)[0m [36mdest=[0m"E:\\helm_clones_github\\ApasoftTraining__cursoHelm" [36mrepo=[0mhttps://github.com/ApasoftTraining/cursoHelm
[90m1:32AM[0m [31mERR[0m [1mClone failed – skipping[0m [36merror=[0m[31m[1m"exec: \"git\": executable file not found in %PATH%"[0m[0m [36mrepo=[0mApasoftTraining/cursoHelm
[90m1:32AM[0m [32mINF[0m [1mProcessing repo[0m [36mrepo=[0mCosmeValera/ReactProjects [36mrepo_index=[0m195 [36mtotal_repos=[0m500
[90m1:32AM[0m [32mINF[0m [1mCloning (depth=1)[0m [36mdest=[0m"E:\\helm_clones_github\\CosmeValera__ReactProjects" [36mrepo=[0mhttps://github.com/CosmeValera/ReactProjects
[90m1:32AM[0m [31mERR[0m [1mClone failed – skipping[0m [36merror=[0m[31m[1m"exec: \"git\": executable file not found in %PATH%"[0m[0m [36mrepo=[0mCosmeValera/ReactProjects
[90m1:32AM[0m [32mINF[0m [1mProcessing repo[0m [36mrepo=[0mDEFRA/aphw-ddi-portal [36mrepo_index=[0m196 [36mtotal_repos=[0m500
[90m1:32AM[0m [32mINF[0m [1mCloning (depth=1)[0m [36mdest=[0m"E:\\helm_clones_github\\DEFRA__aphw-ddi-portal" [36mrepo=[0mhttps://github.com/DEFRA/aphw-ddi-portal
[90m1:32AM[0m [31mERR[0m [1mClone failed – skipping[0m [36merror=[0m[31m[1m"exec: \"git\": executable file not found in %PATH%"[0m[0m [36mrepo=[0mDEFRA/aphw-ddi-portal
[90m1:32AM[0m [32mINF[0m [1mProcessing repo[0m [36mrepo=[0mFIWARE-Ops/batterypass-demonstrator [36mrepo_index=[0m197 [36mtotal_repos=[0m500
[90m1:32AM[0m [32mINF[0m [1mCloning (depth=1)[0m [36mdest=[0m"E:\\helm_clones_github\\FIWARE-Ops__batterypass-demonstrator" [36mrepo=[0mhttps://github.com/FIWARE-Ops/batterypass-demonstrator
[90m1:32AM[0m [31mERR[0m [1mClone failed – skipping[0m [36merror=[0m[31m[1m"exec: \"git\": executable file not found in %PATH%"[0m[0m [36mrepo=[0mFIWARE-Ops/batterypass-demonstrator
[90m1:32AM[0m [32mINF[0m [1mProcessing repo[0m [36mrepo=[0mKevMCarp/truecharts-catalog-fork [36mrepo_index=[0m198 [36mtotal_repos=[0m500
[90m1:32AM[0m [32mINF[0m [1mCloning (depth=1)[0m [36mdest=[0m"E:\\helm_clones_github\\KevMCarp__truecharts-catalog-fork" [36mrepo=[0mhttps://github.com/KevMCarp/truecharts-catalog-fork
[90m1:32AM[0m [31mERR[0m [1mClone failed – skipping[0m [36merror=[0m[31m[1m"exec: \"git\": executable file not found in %PATH%"[0m[0m [36mrepo=[0mKevMCarp/truecharts-catalog-fork
[90m1:32AM[0m [32mINF[0m [1mProcessing repo[0m [36mrepo=[0mNeuraLegion/helmcharts [36mrepo_index=[0m199 [36mtotal_repos=[0m500
[90m1:32AM[0m [32mINF[0m [1mCloning (depth=1)[0m [36mdest=[0m"E:\\helm_clones_github\\NeuraLegion__helmcharts" [36mrepo=[0mhttps://github.com/NeuraLegion/helmcharts
[90m1:32AM[0m [31mERR[0m [1mClone failed – skipping[0m [36merror=[0m[31m[1m"exec: \"git\": executable file not found in %PATH%"[0m[0m [36mrepo=[0mNeuraLegion/helmcharts
[90m1:32AM[0m [32mINF[0m [1mProcessing repo[0m [36mrepo=[0mSureya/airflow_k8s_executor [36mrepo_index=[0m200 [36mtotal_repos=[0m500
[90m1:32AM[0m [32mINF[0m [1mCloning (depth=1)[0m [36mdest=[0m"E:\\helm_clones_github\\Sureya__airflow_k8s_executor" [36mrepo=[0mhttps://github.com/Sureya/airflow_k8s_executor
[90m1:32AM[0m [31mERR[0m [1mClone failed – skipping[0m [36merror=[0m[31m[1m"exec: \"git\": executable file not found in %PATH%"[0m[0m [36mrepo=[0mSureya/airflow_k8s_executor
[90m1:32AM[0m [32mINF[0m [1mProcessing repo[0m [36mrepo=[0mTaipei-HUG/kubernetes-microservices [36mrepo_index=[0m201 [36mtotal_repos=[0m500
[90m1:32AM[0m [32mINF[0m [1mCloning (depth=1)[0m [36mdest=[0m"E:\\helm_clones_github\\Taipei-HUG__kubernetes-microservices" [36mrepo=[0mhttps://github.com/Taipei-HUG/kubernetes-microservices
[90m1:32AM[0m [31mERR[0m [1mClone failed – skipping[0m [36merror=[0m[31m[1m"exec: \"git\": executable file not found in %PATH%"[0m[0m [36mrepo=[0mTaipei-HUG/kubernetes-microservices
[90m1:32AM[0m [32mINF[0m [1mProcessing repo[0m [36mrepo=[0mTheOpsDev/homelab [36mrepo_index=[0m202 [36mtotal_repos=[0m500
[90m1:32AM[0m [32mINF[0m [1mCloning (depth=1)[0m [36mdest=[0m"E:\\helm_clones_github\\TheOpsDev__homelab" [36mrepo=[0mhttps://github.com/TheOpsDev/homelab
[90m1:32AM[0m [31mERR[0m [1mClone failed – skipping[0m [36merror=[0m[31m[1m"exec: \"git\": executable file not found in %PATH%"[0m[0m [36mrepo=[0mTheOpsDev/homelab
[90m1:32AM[0m [32mINF[0m [1mProcessing repo[0m [36mrepo=[0mbakseter/whpah [36mrepo_index=[0m203 [36mtotal_repos=[0m500
[90m1:32AM[0m [32mINF[0m [1mCloning (depth=1)[0m [36mdest=[0m"E:\\helm_clones_github\\bakseter__whpah" [36mrepo=[0mhttps://github.com/bakseter/whpah
[90m1:32AM[0m [31mERR[0m [1mClone failed – skipping[0m [36merror=[0m[31m[1m"exec: \"git\": executable file not found in %PATH%"[0m[0m [36mrepo=[0mbakseter/whpah
[90m1:32AM[0m [32mINF[0m [1mProcessing repo[0m [36mrepo=[0mcheyang/arena-spark [36mrepo_index=[0m204 [36mtotal_repos=[0m500
[90m1:32AM[0m [32mINF[0m [1mCloning (depth=1)[0m [36mdest=[0m"E:\\helm_clones_github\\cheyang__arena-spark" [36mrepo=[0mhttps://github.com/cheyang/arena-spark
[90m1:32AM[0m [31mERR[0m [1mClone failed – skipping[0m [36merror=[0m[31m[1m"exec: \"git\": executable file not found in %PATH%"[0m[0m [36mrepo=[0mcheyang/arena-spark
[90m1:32AM[0m [32mINF[0m [1mProcessing repo[0m [36mrepo=[0mcriteo/firmirror [36mrepo_index=[0m205 [36mtotal_repos=[0m500
[90m1:32AM[0m [32mINF[0m [1mCloning (depth=1)[0m [36mdest=[0m"E:\\helm_clones_github\\criteo__firmirror" [36mrepo=[0mhttps://github.com/criteo/firmirror
[90m1:32AM[0m [31mERR[0m [1mClone failed – skipping[0m [36merror=[0m[31m[1m"exec: \"git\": executable file not found in %PATH%"[0m[0m [36mrepo=[0mcriteo/firmirror
[90m1:32AM[0m [32mINF[0m [1mProcessing repo[0m [36mrepo=[0mdevops4solutions/guestbook [36mrepo_index=[0m206 [36mtotal_repos=[0m500
[90m1:32AM[0m [32mINF[0m [1mCloning (depth=1)[0m [36mdest=[0m"E:\\helm_clones_github\\devops4solutions__guestbook" [36mrepo=[0mhttps://github.com/devops4solutions/guestbook
[90m1:32AM[0m [31mERR[0m [1mClone failed – skipping[0m [36merror=[0m[31m[1m"exec: \"git\": executable file not found in %PATH%"[0m[0m [36mrepo=[0mdevops4solutions/guestbook
[90m1:32AM[0m [32mINF[0m [1mProcessing repo[0m [36mrepo=[0mdima1203oleg/predator-analytics [36mrepo_index=[0m207 [36mtotal_repos=[0m500
[90m1:32AM[0m [32mINF[0m [1mCloning (depth=1)[0m [36mdest=[0m"E:\\helm_clones_github\\dima1203oleg__predator-analytics" [36mrepo=[0mhttps://github.com/dima1203oleg/predator-analytics
[90m1:32AM[0m [31mERR[0m [1mClone failed – skipping[0m [36merror=[0m[31m[1m"exec: \"git\": executable file not found in %PATH%"[0m[0m [36mrepo=[0mdima1203oleg/predator-analytics
[90m1:32AM[0m [32mINF[0m [1mProcessing repo[0m [36mrepo=[0medixos/ekp-helm [36mrepo_index=[0m208 [36mtotal_repos=[0m500
[90m1:32AM[0m [32mINF[0m [1mCloning (depth=1)[0m [36mdest=[0m"E:\\helm_clones_github\\edixos__ekp-helm" [36mrepo=[0mhttps://github.com/edixos/ekp-helm
[90m1:32AM[0m [31mERR[0m [1mClone failed – skipping[0m [36merror=[0m[31m[1m"exec: \"git\": executable file not found in %PATH%"[0m[0m [36mrepo=[0medixos/ekp-helm
[90m1:32AM[0m [32mINF[0m [1mProcessing repo[0m [36mrepo=[0melastic/k8s-integration-infra [36mrepo_index=[0m209 [36mtotal_repos=[0m500
[90m1:32AM[0m [32mINF[0m [1mCloning (depth=1)[0m [36mdest=[0m"E:\\helm_clones_github\\elastic__k8s-integration-infra" [36mrepo=[0mhttps://github.com/elastic/k8s-integration-infra
[90m1:32AM[0m [31mERR[0m [1mClone failed – skipping[0m [36merror=[0m[31m[1m"exec: \"git\": executable file not found in %PATH%"[0m[0m [36mrepo=[0melastic/k8s-integration-infra
[90m1:32AM[0m [32mINF[0m [1mProcessing repo[0m [36mrepo=[0melasticio/helm-charts [36mrepo_index=[0m210 [36mtotal_repos=[0m500
[90m1:32AM[0m [32mINF[0m [1mCloning (depth=1)[0m [36mdest=[0m"E:\\helm_clones_github\\elasticio__helm-charts" [36mrepo=[0mhttps://github.com/elasticio/helm-charts
[90m1:32AM[0m [31mERR[0m [1mClone failed – skipping[0m [36merror=[0m[31m[1m"exec: \"git\": executable file not found in %PATH%"[0m[0m [36mrepo=[0melasticio/helm-charts
[90m1:32AM[0m [32mINF[0m [1mProcessing repo[0m [36mrepo=[0merost/vdz26-demo-fleet-commander [36mrepo_index=[0m211 [36mtotal_repos=[0m500
[90m1:32AM[0m [32mINF[0m [1mCloning (depth=1)[0m [36mdest=[0m"E:\\helm_clones_github\\erost__vdz26-demo-fleet-commander" [36mrepo=[0mhttps://github.com/erost/vdz26-demo-fleet-commander
[90m1:32AM[0m [31mERR[0m [1mClone failed – skipping[0m [36merror=[0m[31m[1m"exec: \"git\": executable file not found in %PATH%"[0m[0m [36mrepo=[0merost/vdz26-demo-fleet-commander
[90m1:32AM[0m [32mINF[0m [1mProcessing repo[0m [36mrepo=[0mgambhirsharma/OnFly-Image-Optimization [36mrepo_index=[0m212 [36mtotal_repos=[0m500
[90m1:32AM[0m [32mINF[0m [1mCloning (depth=1)[0m [36mdest=[0m"E:\\helm_clones_github\\gambhirsharma__OnFly-Image-Optimization" [36mrepo=[0mhttps://github.com/gambhirsharma/OnFly-Image-Optimization
[90m1:32AM[0m [31mERR[0m [1mClone failed – skipping[0m [36merror=[0m[31m[1m"exec: \"git\": executable file not found in %PATH%"[0m[0m [36mrepo=[0mgambhirsharma/OnFly-Image-Optimization
[90m1:32AM[0m [32mINF[0m [1mProcessing repo[0m [36mrepo=[0minviqa/harness-docker [36mrepo_index=[0m213 [36mtotal_repos=[0m500
[90m1:32AM[0m [32mINF[0m [1mCloning (depth=1)[0m [36mdest=[0m"E:\\helm_clones_github\\inviqa__harness-docker" [36mrepo=[0mhttps://github.com/inviqa/harness-docker
[90m1:32AM[0m [31mERR[0m [1mClone failed – skipping[0m [36merror=[0m[31m[1m"exec: \"git\": executable file not found in %PATH%"[0m[0m [36mrepo=[0minviqa/harness-docker
[90m1:32AM[0m [32mINF[0m [1mProcessing repo[0m [36mrepo=[0mishamuruga/opensamples [36mrepo_index=[0m214 [36mtotal_repos=[0m500
[90m1:32AM[0m [32mINF[0m [1mCloning (depth=1)[0m [36mdest=[0m"E:\\helm_clones_github\\ishamuruga__opensamples" [36mrepo=[0mhttps://github.com/ishamuruga/opensamples
[90m1:32AM[0m [31mERR[0m [1mClone failed – skipping[0m [36merror=[0m[31m[1m"exec: \"git\": executable file not found in %PATH%"[0m[0m [36mrepo=[0mishamuruga/opensamples
[90m1:32AM[0m [32mINF[0m [1mProcessing repo[0m [36mrepo=[0mishtiaqhimel/oms [36mrepo_index=[0m215 [36mtotal_repos=[0m500
[90m1:32AM[0m [32mINF[0m [1mCloning (depth=1)[0m [36mdest=[0m"E:\\helm_clones_github\\ishtiaqhimel__oms" [36mrepo=[0mhttps://github.com/ishtiaqhimel/oms
[90m1:32AM[0m [31mERR[0m [1mClone failed – skipping[0m [36merror=[0m[31m[1m"exec: \"git\": executable file not found in %PATH%"[0m[0m [36mrepo=[0mishtiaqhimel/oms
[90m1:32AM[0m [32mINF[0m [1mProcessing repo[0m [36mrepo=[0mjostho/trestle [36mrepo_index=[0m216 [36mtotal_repos=[0m500
[90m1:32AM[0m [32mINF[0m [1mCloning (depth=1)[0m [36mdest=[0m"E:\\helm_clones_github\\jostho__trestle" [36mrepo=[0mhttps://github.com/jostho/trestle
[90m1:32AM[0m [31mERR[0m [1mClone failed – skipping[0m [36merror=[0m[31m[1m"exec: \"git\": executable file not found in %PATH%"[0m[0m [36mrepo=[0mjostho/trestle
[90m1:32AM[0m [32mINF[0m [1mProcessing repo[0m [36mrepo=[0mkalavai-net/helm-charts [36mrepo_index=[0m217 [36mtotal_repos=[0m500
[90m1:32AM[0m [32mINF[0m [1mCloning (depth=1)[0m [36mdest=[0m"E:\\helm_clones_github\\kalavai-net__helm-charts" [36mrepo=[0mhttps://github.com/kalavai-net/helm-charts
[90m1:32AM[0m [31mERR[0m [1mClone failed – skipping[0m [36merror=[0m[31m[1m"exec: \"git\": executable file not found in %PATH%"[0m[0m [36mrepo=[0mkalavai-net/helm-charts
[90m1:32AM[0m [32mINF[0m [1mProcessing repo[0m [36mrepo=[0mkamu-data/helm-charts [36mrepo_index=[0m218 [36mtotal_repos=[0m500
[90m1:32AM[0m [32mINF[0m [1mCloning (depth=1)[0m [36mdest=[0m"E:\\helm_clones_github\\kamu-data__helm-charts" [36mrepo=[0mhttps://github.com/kamu-data/helm-charts
[90m1:32AM[0m [31mERR[0m [1mClone failed – skipping[0m [36merror=[0m[31m[1m"exec: \"git\": executable file not found in %PATH%"[0m[0m [36mrepo=[0mkamu-data/helm-charts
[90m1:32AM[0m [32mINF[0m [1mProcessing repo[0m [36mrepo=[0mla-cc/k8s-data-to-s3-cronjob [36mrepo_index=[0m219 [36mtotal_repos=[0m500
[90m1:32AM[0m [32mINF[0m [1mCloning (depth=1)[0m [36mdest=[0m"E:\\helm_clones_github\\la-cc__k8s-data-to-s3-cronjob" [36mrepo=[0mhttps://github.com/la-cc/k8s-data-to-s3-cronjob
[90m1:32AM[0m [31mERR[0m [1mClone failed – skipping[0m [36merror=[0m[31m[1m"exec: \"git\": executable file not found in %PATH%"[0m[0m [36mrepo=[0mla-cc/k8s-data-to-s3-cronjob
[90m1:32AM[0m [32mINF[0m [1mProcessing repo[0m [36mrepo=[0mlucidworks/ocp-fusion-helm-charts [36mrepo_index=[0m220 [36mtotal_repos=[0m500
[90m1:32AM[0m [32mINF[0m [1mCloning (depth=1)[0m [36mdest=[0m"E:\\helm_clones_github\\lucidworks__ocp-fusion-helm-charts" [36mrepo=[0mhttps://github.com/lucidworks/ocp-fusion-helm-charts
[90m1:32AM[0m [31mERR[0m [1mClone failed – skipping[0m [36merror=[0m[31m[1m"exec: \"git\": executable file not found in %PATH%"[0m[0m [36mrepo=[0mlucidworks/ocp-fusion-helm-charts
[90m1:32AM[0m [32mINF[0m [1mProcessing repo[0m [36mrepo=[0mmidl-dev/etherlink-helm-charts [36mrepo_index=[0m221 [36mtotal_repos=[0m500
[90m1:32AM[0m [32mINF[0m [1mCloning (depth=1)[0m [36mdest=[0m"E:\\helm_clones_github\\midl-dev__etherlink-helm-charts" [36mrepo=[0mhttps://github.com/midl-dev/etherlink-helm-charts
[90m1:32AM[0m [31mERR[0m [1mClone failed – skipping[0m [36merror=[0m[31m[1m"exec: \"git\": executable file not found in %PATH%"[0m[0m [36mrepo=[0mmidl-dev/etherlink-helm-charts
[90m1:32AM[0m [32mINF[0m [1mProcessing repo[0m [36mrepo=[0mministryofjustice/cloud-platform-how-out-of-date-are-we [36mrepo_index=[0m222 [36mtotal_repos=[0m500
[90m1:32AM[0m [32mINF[0m [1mCloning (depth=1)[0m [36mdest=[0m"E:\\helm_clones_github\\ministryofjustice__cloud-platform-how-out-of-date-are-we" [36mrepo=[0mhttps://github.com/ministryofjustice/cloud-platform-how-out-of-date-are-we
[90m1:32AM[0m [31mERR[0m [1mClone failed – skipping[0m [36merror=[0m[31m[1m"exec: \"git\": executable file not found in %PATH%"[0m[0m [36mrepo=[0mministryofjustice/cloud-platform-how-out-of-date-are-we
[90m1:32AM[0m [32mINF[0m [1mProcessing repo[0m [36mrepo=[0mndebuhr/isidro [36mrepo_index=[0m223 [36mtotal_repos=[0m500
[90m1:32AM[0m [32mINF[0m [1mCloning (depth=1)[0m [36mdest=[0m"E:\\helm_clones_github\\ndebuhr__isidro" [36mrepo=[0mhttps://github.com/ndebuhr/isidro
[90m1:32AM[0m [31mERR[0m [1mClone failed – skipping[0m [36merror=[0m[31m[1m"exec: \"git\": executable file not found in %PATH%"[0m[0m [36mrepo=[0mndebuhr/isidro
[90m1:32AM[0m [32mINF[0m [1mProcessing repo[0m [36mrepo=[0monasunnymorning/domain-os [36mrepo_index=[0m224 [36mtotal_repos=[0m500
[90m1:32AM[0m [32mINF[0m [1mCloning (depth=1)[0m [36mdest=[0m"E:\\helm_clones_github\\onasunnymorning__domain-os" [36mrepo=[0mhttps://github.com/onasunnymorning/domain-os
[90m1:32AM[0m [31mERR[0m [1mClone failed – skipping[0m [36merror=[0m[31m[1m"exec: \"git\": executable file not found in %PATH%"[0m[0m [36mrepo=[0monasunnymorning/domain-os
[90m1:32AM[0m [32mINF[0m [1mProcessing repo[0m [36mrepo=[0mopenshift-helm-charts/stage [36mrepo_index=[0m225 [36mtotal_repos=[0m500
[90m1:32AM[0m [32mINF[0m [1mCloning (depth=1)[0m [36mdest=[0m"E:\\helm_clones_github\\openshift-helm-charts__stage" [36mrepo=[0mhttps://github.com/openshift-helm-charts/stage
[90m1:32AM[0m [31mERR[0m [1mClone failed – skipping[0m [36merror=[0m[31m[1m"exec: \"git\": executable file not found in %PATH%"[0m[0m [36mrepo=[0mopenshift-helm-charts/stage
[90m1:32AM[0m [32mINF[0m [1mProcessing repo[0m [36mrepo=[0moracle-cne/catalog [36mrepo_index=[0m226 [36mtotal_repos=[0m500
[90m1:32AM[0m [32mINF[0m [1mCloning (depth=1)[0m [36mdest=[0m"E:\\helm_clones_github\\oracle-cne__catalog" [36mrepo=[0mhttps://github.com/oracle-cne/catalog
[90m1:32AM[0m [31mERR[0m [1mClone failed – skipping[0m [36merror=[0m[31m[1m"exec: \"git\": executable file not found in %PATH%"[0m[0m [36mrepo=[0moracle-cne/catalog
[90m1:32AM[0m [32mINF[0m [1mProcessing repo[0m [36mrepo=[0mrancher/ob-team-charts [36mrepo_index=[0m227 [36mtotal_repos=[0m500
[90m1:32AM[0m [32mINF[0m [1mCloning (depth=1)[0m [36mdest=[0m"E:\\helm_clones_github\\rancher__ob-team-charts" [36mrepo=[0mhttps://github.com/rancher/ob-team-charts
[90m1:32AM[0m [31mERR[0m [1mClone failed – skipping[0m [36merror=[0m[31m[1m"exec: \"git\": executable file not found in %PATH%"[0m[0m [36mrepo=[0mrancher/ob-team-charts
[90m1:32AM[0m [32mINF[0m [1mProcessing repo[0m [36mrepo=[0msdelrio/k8s-gitops [36mrepo_index=[0m228 [36mtotal_repos=[0m500
[90m1:32AM[0m [32mINF[0m [1mCloning (depth=1)[0m [36mdest=[0m"E:\\helm_clones_github\\sdelrio__k8s-gitops" [36mrepo=[0mhttps://github.com/sdelrio/k8s-gitops
[90m1:32AM[0m [31mERR[0m [1mClone failed – skipping[0m [36merror=[0m[31m[1m"exec: \"git\": executable file not found in %PATH%"[0m[0m [36mrepo=[0msdelrio/k8s-gitops
[90m1:32AM[0m [32mINF[0m [1mProcessing repo[0m [36mrepo=[0mshelleg/ac-k8s [36mrepo_index=[0m229 [36mtotal_repos=[0m500
[90m1:32AM[0m [32mINF[0m [1mCloning (depth=1)[0m [36mdest=[0m"E:\\helm_clones_github\\shelleg__ac-k8s" [36mrepo=[0mhttps://github.com/shelleg/ac-k8s
[90m1:32AM[0m [31mERR[0m [1mClone failed – skipping[0m [36merror=[0m[31m[1m"exec: \"git\": executable file not found in %PATH%"[0m[0m [36mrepo=[0mshelleg/ac-k8s
[90m1:32AM[0m [32mINF[0m [1mProcessing repo[0m [36mrepo=[0mshini4i/charts [36mrepo_index=[0m230 [36mtotal_repos=[0m500
[90m1:32AM[0m [32mINF[0m [1mCloning (depth=1)[0m [36mdest=[0m"E:\\helm_clones_github\\shini4i__charts" [36mrepo=[0mhttps://github.com/shini4i/charts
[90m1:32AM[0m [31mERR[0m [1mClone failed – skipping[0m [36merror=[0m[31m[1m"exec: \"git\": executable file not found in %PATH%"[0m[0m [36mrepo=[0mshini4i/charts
[90m1:32AM[0m [32mINF[0m [1mProcessing repo[0m [36mrepo=[0mshortlink-org/marketing [36mrepo_index=[0m231 [36mtotal_repos=[0m500
[90m1:32AM[0m [32mINF[0m [1mCloning (depth=1)[0m [36mdest=[0m"E:\\helm_clones_github\\shortlink-org__marketing" [36mrepo=[0mhttps://github.com/shortlink-org/marketing
[90m1:32AM[0m [31mERR[0m [1mClone failed – skipping[0m [36merror=[0m[31m[1m"exec: \"git\": executable file not found in %PATH%"[0m[0m [36mrepo=[0mshortlink-org/marketing
[90m1:32AM[0m [32mINF[0m [1mProcessing repo[0m [36mrepo=[0mtetratelabs/charts [36mrepo_index=[0m232 [36mtotal_repos=[0m500
[90m1:32AM[0m [32mINF[0m [1mCloning (depth=1)[0m [36mdest=[0m"E:\\helm_clones_github\\tetratelabs__charts" [36mrepo=[0mhttps://github.com/tetratelabs/charts
[90m1:32AM[0m [31mERR[0m [1mClone failed – skipping[0m [36merror=[0m[31m[1m"exec: \"git\": executable file not found in %PATH%"[0m[0m [36mrepo=[0mtetratelabs/charts
[90m1:32AM[0m [32mINF[0m [1mProcessing repo[0m [36mrepo=[0mthelande/charts [36mrepo_index=[0m233 [36mtotal_repos=[0m500
[90m1:32AM[0m [32mINF[0m [1mCloning (depth=1)[0m [36mdest=[0m"E:\\helm_clones_github\\thelande__charts" [36mrepo=[0mhttps://github.com/thelande/charts
[90m1:32AM[0m [31mERR[0m [1mClone failed – skipping[0m [36merror=[0m[31m[1m"exec: \"git\": executable file not found in %PATH%"[0m[0m [36mrepo=[0mthelande/charts
[90m1:32AM[0m [32mINF[0m [1mProcessing repo[0m [36mrepo=[0mvia-cs/vtbench [36mrepo_index=[0m234 [36mtotal_repos=[0m500
[90m1:32AM[0m [32mINF[0m [1mCloning (depth=1)[0m [36mdest=[0m"E:\\helm_clones_github\\via-cs__vtbench" [36mrepo=[0mhttps://github.com/via-cs/vtbench
[90m1:32AM[0m [31mERR[0m [1mClone failed – skipping[0m [36merror=[0m[31m[1m"exec: \"git\": executable file not found in %PATH%"[0m[0m [36mrepo=[0mvia-cs/vtbench
[90m1:32AM[0m [32mINF[0m [1mProcessing repo[0m [36mrepo=[0mvlab-research/fly [36mrepo_index=[0m235 [36mtotal_repos=[0m500
[90m1:32AM[0m [32mINF[0m [1mCloning (depth=1)[0m [36mdest=[0m"E:\\helm_clones_github\\vlab-research__fly" [36mrepo=[0mhttps://github.com/vlab-research/fly
[90m1:32AM[0m [31mERR[0m [1mClone failed – skipping[0m [36merror=[0m[31m[1m"exec: \"git\": executable file not found in %PATH%"[0m[0m [36mrepo=[0mvlab-research/fly
[90m1:32AM[0m [32mINF[0m [1mProcessing repo[0m [36mrepo=[0myunzck8s/cloudNative [36mrepo_index=[0m236 [36mtotal_repos=[0m500
[90m1:32AM[0m [32mINF[0m [1mCloning (depth=1)[0m [36mdest=[0m"E:\\helm_clones_github\\yunzck8s__cloudNative" [36mrepo=[0mhttps://github.com/yunzck8s/cloudNative
[90m1:32AM[0m [31mERR[0m [1mClone failed – skipping[0m [36merror=[0m[31m[1m"exec: \"git\": executable file not found in %PATH%"[0m[0m [36mrepo=[0myunzck8s/cloudNative
[90m1:32AM[0m [32mINF[0m [1mProcessing repo[0m [36mrepo=[0mCSCfi/helm-charts [36mrepo_index=[0m237 [36mtotal_repos=[0m500
[90m1:32AM[0m [32mINF[0m [1mCloning (depth=1)[0m [36mdest=[0m"E:\\helm_clones_github\\CSCfi__helm-charts" [36mrepo=[0mhttps://github.com/CSCfi/helm-charts
[90m1:32AM[0m [31mERR[0m [1mClone failed – skipping[0m [36merror=[0m[31m[1m"exec: \"git\": executable file not found in %PATH%"[0m[0m [36mrepo=[0mCSCfi/helm-charts
[90m1:32AM[0m [32mINF[0m [1mProcessing repo[0m [36mrepo=[0mCoollision/homelab-config [36mrepo_index=[0m238 [36mtotal_repos=[0m500
[90m1:32AM[0m [32mINF[0m [1mCloning (depth=1)[0m [36mdest=[0m"E:\\helm_clones_github\\Coollision__homelab-config" [36mrepo=[0mhttps://github.com/Coollision/homelab-config
[90m1:32AM[0m [31mERR[0m [1mClone failed – skipping[0m [36merror=[0m[31m[1m"exec: \"git\": executable file not found in %PATH%"[0m[0m [36mrepo=[0mCoollision/homelab-config
[90m1:32AM[0m [32mINF[0m [1mProcessing repo[0m [36mrepo=[0mFIWARE-Ops/fiware-gitops [36mrepo_index=[0m239 [36mtotal_repos=[0m500
[90m1:32AM[0m [32mINF[0m [1mCloning (depth=1)[0m [36mdest=[0m"E:\\helm_clones_github\\FIWARE-Ops__fiware-gitops" [36mrepo=[0mhttps://github.com/FIWARE-Ops/fiware-gitops
[90m1:32AM[0m [31mERR[0m [1mClone failed – skipping[0m [36merror=[0m[31m[1m"exec: \"git\": executable file not found in %PATH%"[0m[0m [36mrepo=[0mFIWARE-Ops/fiware-gitops
[90m1:32AM[0m [32mINF[0m [1mProcessing repo[0m [36mrepo=[0mFrndo1203/stack_iceberg_starrocks_k8s [36mrepo_index=[0m240 [36mtotal_repos=[0m500
[90m1:32AM[0m [32mINF[0m [1mCloning (depth=1)[0m [36mdest=[0m"E:\\helm_clones_github\\Frndo1203__stack_iceberg_starrocks_k8s" [36mrepo=[0mhttps://github.com/Frndo1203/stack_iceberg_starrocks_k8s
[90m1:32AM[0m [31mERR[0m [1mClone failed – skipping[0m [36merror=[0m[31m[1m"exec: \"git\": executable file not found in %PATH%"[0m[0m [36mrepo=[0mFrndo1203/stack_iceberg_starrocks_k8s
[90m1:32AM[0m [32mINF[0m [1mProcessing repo[0m [36mrepo=[0mGUR-ok/arch-brokerage-intercessor [36mrepo_index=[0m241 [36mtotal_repos=[0m500
[90m1:32AM[0m [32mINF[0m [1mCloning (depth=1)[0m [36mdest=[0m"E:\\helm_clones_github\\GUR-ok__arch-brokerage-intercessor" [36mrepo=[0mhttps://github.com/GUR-ok/arch-brokerage-intercessor
[90m1:32AM[0m [31mERR[0m [1mClone failed – skipping[0m [36merror=[0m[31m[1m"exec: \"git\": executable file not found in %PATH%"[0m[0m [36mrepo=[0mGUR-ok/arch-brokerage-intercessor
[90m1:32AM[0m [32mINF[0m [1mProcessing repo[0m [36mrepo=[0mGuanceDemo/guance-java-ruoyi-demo [36mrepo_index=[0m242 [36mtotal_repos=[0m500
[90m1:32AM[0m [32mINF[0m [1mCloning (depth=1)[0m [36mdest=[0m"E:\\helm_clones_github\\GuanceDemo__guance-java-ruoyi-demo" [36mrepo=[0mhttps://github.com/GuanceDemo/guance-java-ruoyi-demo
[90m1:32AM[0m [31mERR[0m [1mClone failed – skipping[0m [36merror=[0m[31m[1m"exec: \"git\": executable file not found in %PATH%"[0m[0m [36mrepo=[0mGuanceDemo/guance-java-ruoyi-demo
[90m1:32AM[0m [32mINF[0m [1mProcessing repo[0m [36mrepo=[0mIBM/turbonomic-container-platform [36mrepo_index=[0m243 [36mtotal_repos=[0m500
[90m1:32AM[0m [32mINF[0m [1mCloning (depth=1)[0m [36mdest=[0m"E:\\helm_clones_github\\IBM__turbonomic-container-platform" [36mrepo=[0mhttps://github.com/IBM/turbonomic-container-platform
[90m1:32AM[0m [31mERR[0m [1mClone failed – skipping[0m [36merror=[0m[31m[1m"exec: \"git\": executable file not found in %PATH%"[0m[0m [36mrepo=[0mIBM/turbonomic-container-platform
[90m1:32AM[0m [32mINF[0m [1mProcessing repo[0m [36mrepo=[0mJonasHess/homelab-iac [36mrepo_index=[0m244 [36mtotal_repos=[0m500
[90m1:32AM[0m [32mINF[0m [1mCloning (depth=1)[0m [36mdest=[0m"E:\\helm_clones_github\\JonasHess__homelab-iac" [36mrepo=[0mhttps://github.com/JonasHess/homelab-iac
[90m1:32AM[0m [31mERR[0m [1mClone failed – skipping[0m [36merror=[0m[31m[1m"exec: \"git\": executable file not found in %PATH%"[0m[0m [36mrepo=[0mJonasHess/homelab-iac
[90m1:32AM[0m [32mINF[0m [1mProcessing repo[0m [36mrepo=[0mK-FOSS/CoRE-CNTRL [36mrepo_index=[0m245 [36mtotal_repos=[0m500
[90m1:32AM[0m [32mINF[0m [1mCloning (depth=1)[0m [36mdest=[0m"E:\\helm_clones_github\\K-FOSS__CoRE-CNTRL" [36mrepo=[0mhttps://github.com/K-FOSS/CoRE-CNTRL
[90m1:32AM[0m [31mERR[0m [1mClone failed – skipping[0m [36merror=[0m[31m[1m"exec: \"git\": executable file not found in %PATH%"[0m[0m [36mrepo=[0mK-FOSS/CoRE-CNTRL
[90m1:32AM[0m [32mINF[0m [1mProcessing repo[0m [36mrepo=[0mKapil-Bhalodiya/E-Commerce [36mrepo_index=[0m246 [36mtotal_repos=[0m500
[90m1:32AM[0m [32mINF[0m [1mCloning (depth=1)[0m [36mdest=[0m"E:\\helm_clones_github\\Kapil-Bhalodiya__E-Commerce" [36mrepo=[0mhttps://github.com/Kapil-Bhalodiya/E-Commerce
[90m1:32AM[0m [31mERR[0m [1mClone failed – skipping[0m [36merror=[0m[31m[1m"exec: \"git\": executable file not found in %PATH%"[0m[0m [36mrepo=[0mKapil-Bhalodiya/E-Commerce
[90m1:32AM[0m [32mINF[0m [1mProcessing repo[0m [36mrepo=[0mKapil-Bhalodiya/E-commerce-Platform [36mrepo_index=[0m247 [36mtotal_repos=[0m500
[90m1:32AM[0m [32mINF[0m [1mCloning (depth=1)[0m [36mdest=[0m"E:\\helm_clones_github\\Kapil-Bhalodiya__E-commerce-Platform" [36mrepo=[0mhttps://github.com/Kapil-Bhalodiya/E-commerce-Platform
[90m1:32AM[0m [31mERR[0m [1mClone failed – skipping[0m [36merror=[0m[31m[1m"exec: \"git\": executable file not found in %PATH%"[0m[0m [36mrepo=[0mKapil-Bhalodiya/E-commerce-Platform
[90m1:32AM[0m [32mINF[0m [1mProcessing repo[0m [36mrepo=[0mKempo/dubhacks2018 [36mrepo_index=[0m248 [36mtotal_repos=[0m500
[90m1:32AM[0m [32mINF[0m [1mCloning (depth=1)[0m [36mdest=[0m"E:\\helm_clones_github\\Kempo__dubhacks2018" [36mrepo=[0mhttps://github.com/Kempo/dubhacks2018
[90m1:32AM[0m [31mERR[0m [1mClone failed – skipping[0m [36merror=[0m[31m[1m"exec: \"git\": executable file not found in %PATH%"[0m[0m [36mrepo=[0mKempo/dubhacks2018
[90m1:32AM[0m [32mINF[0m [1mProcessing repo[0m [36mrepo=[0mLasseRapo/fabric-cti-sharing [36mrepo_index=[0m249 [36mtotal_repos=[0m500
[90m1:32AM[0m [32mINF[0m [1mCloning (depth=1)[0m [36mdest=[0m"E:\\helm_clones_github\\LasseRapo__fabric-cti-sharing" [36mrepo=[0mhttps://github.com/LasseRapo/fabric-cti-sharing
[90m1:32AM[0m [31mERR[0m [1mClone failed – skipping[0m [36merror=[0m[31m[1m"exec: \"git\": executable file not found in %PATH%"[0m[0m [36mrepo=[0mLasseRapo/fabric-cti-sharing
[90m1:32AM[0m [32mINF[0m [1mProcessing repo[0m [36mrepo=[0mLopeWale/dev_ignition [36mrepo_index=[0m250 [36mtotal_repos=[0m500
[90m1:32AM[0m [32mINF[0m [1mCloning (depth=1)[0m [36mdest=[0m"E:\\helm_clones_github\\LopeWale__dev_ignition" [36mrepo=[0mhttps://github.com/LopeWale/dev_ignition
[90m1:32AM[0m [31mERR[0m [1mClone failed – skipping[0m [36merror=[0m[31m[1m"exec: \"git\": executable file not found in %PATH%"[0m[0m [36mrepo=[0mLopeWale/dev_ignition
[90m1:32AM[0m [32mINF[0m [1mProcessing repo[0m [36mrepo=[0mLuukHors/homelab [36mrepo_index=[0m251 [36mtotal_repos=[0m500
[90m1:32AM[0m [32mINF[0m [1mCloning (depth=1)[0m [36mdest=[0m"E:\\helm_clones_github\\LuukHors__homelab" [36mrepo=[0mhttps://github.com/LuukHors/homelab
[90m1:32AM[0m [31mERR[0m [1mClone failed – skipping[0m [36merror=[0m[31m[1m"exec: \"git\": executable file not found in %PATH%"[0m[0m [36mrepo=[0mLuukHors/homelab
[90m1:32AM[0m [32mINF[0m [1mProcessing repo[0m [36mrepo=[0mMrE-Fog/ks-installer2 [36mrepo_index=[0m252 [36mtotal_repos=[0m500
[90m1:32AM[0m [32mINF[0m [1mCloning (depth=1)[0m [36mdest=[0m"E:\\helm_clones_github\\MrE-Fog__ks-installer2" [36mrepo=[0mhttps://github.com/MrE-Fog/ks-installer2
[90m1:32AM[0m [31mERR[0m [1mClone failed – skipping[0m [36merror=[0m[31m[1m"exec: \"git\": executable file not found in %PATH%"[0m[0m [36mrepo=[0mMrE-Fog/ks-installer2
[90m1:32AM[0m [32mINF[0m [1mProcessing repo[0m [36mrepo=[0mPilotDataPlatform/helm-charts [36mrepo_index=[0m253 [36mtotal_repos=[0m500
[90m1:32AM[0m [32mINF[0m [1mCloning (depth=1)[0m [36mdest=[0m"E:\\helm_clones_github\\PilotDataPlatform__helm-charts" [36mrepo=[0mhttps://github.com/PilotDataPlatform/helm-charts
[90m1:32AM[0m [31mERR[0m [1mClone failed – skipping[0m [36merror=[0m[31m[1m"exec: \"git\": executable file not found in %PATH%"[0m[0m [36mrepo=[0mPilotDataPlatform/helm-charts
[90m1:32AM[0m [32mINF[0m [1mProcessing repo[0m [36mrepo=[0mSpazzy757/helm-operator [36mrepo_index=[0m254 [36mtotal_repos=[0m500
[90m1:32AM[0m [32mINF[0m [1mCloning (depth=1)[0m [36mdest=[0m"E:\\helm_clones_github\\Spazzy757__helm-operator" [36mrepo=[0mhttps://github.com/Spazzy757/helm-operator
[90m1:32AM[0m [31mERR[0m [1mClone failed – skipping[0m [36merror=[0m[31m[1m"exec: \"git\": executable file not found in %PATH%"[0m[0m [36mrepo=[0mSpazzy757/helm-operator
[90m1:32AM[0m [32mINF[0m [1mProcessing repo[0m [36mrepo=[0mSpelmanDevops/retail-store [36mrepo_index=[0m255 [36mtotal_repos=[0m500
[90m1:32AM[0m [32mINF[0m [1mCloning (depth=1)[0m [36mdest=[0m"E:\\helm_clones_github\\SpelmanDevops__retail-store" [36mrepo=[0mhttps://github.com/SpelmanDevops/retail-store
[90m1:32AM[0m [31mERR[0m [1mClone failed – skipping[0m [36merror=[0m[31m[1m"exec: \"git\": executable file not found in %PATH%"[0m[0m [36mrepo=[0mSpelmanDevops/retail-store
[90m1:32AM[0m [32mINF[0m [1mProcessing repo[0m [36mrepo=[0mSupportTools/go-web-cache [36mrepo_index=[0m256 [36mtotal_repos=[0m500
[90m1:32AM[0m [32mINF[0m [1mCloning (depth=1)[0m [36mdest=[0m"E:\\helm_clones_github\\SupportTools__go-web-cache" [36mrepo=[0mhttps://github.com/SupportTools/go-web-cache
[90m1:32AM[0m [31mERR[0m [1mClone failed – skipping[0m [36merror=[0m[31m[1m"exec: \"git\": executable file not found in %PATH%"[0m[0m [36mrepo=[0mSupportTools/go-web-cache
[90m1:32AM[0m [32mINF[0m [1mProcessing repo[0m [36mrepo=[0mSupportTools/node-doctor [36mrepo_index=[0m257 [36mtotal_repos=[0m500
[90m1:32AM[0m [32mINF[0m [1mCloning (depth=1)[0m [36mdest=[0m"E:\\helm_clones_github\\SupportTools__node-doctor" [36mrepo=[0mhttps://github.com/SupportTools/node-doctor
[90m1:32AM[0m [31mERR[0m [1mClone failed – skipping[0m [36merror=[0m[31m[1m"exec: \"git\": executable file not found in %PATH%"[0m[0m [36mrepo=[0mSupportTools/node-doctor
[90m1:32AM[0m [32mINF[0m [1mProcessing repo[0m [36mrepo=[0mTSMC-NYCU-LAB-13/infrastructures [36mrepo_index=[0m258 [36mtotal_repos=[0m500
[90m1:32AM[0m [32mINF[0m [1mCloning (depth=1)[0m [36mdest=[0m"E:\\helm_clones_github\\TSMC-NYCU-LAB-13__infrastructures" [36mrepo=[0mhttps://github.com/TSMC-NYCU-LAB-13/infrastructures
[90m1:32AM[0m [31mERR[0m [1mClone failed – skipping[0m [36merror=[0m[31m[1m"exec: \"git\": executable file not found in %PATH%"[0m[0m [36mrepo=[0mTSMC-NYCU-LAB-13/infrastructures
[90m1:32AM[0m [32mINF[0m [1mProcessing repo[0m [36mrepo=[0mTimFbr03/Cloud-Computing-DSKI [36mrepo_index=[0m259 [36mtotal_repos=[0m500
[90m1:32AM[0m [32mINF[0m [1mCloning (depth=1)[0m [36mdest=[0m"E:\\helm_clones_github\\TimFbr03__Cloud-Computing-DSKI" [36mrepo=[0mhttps://github.com/TimFbr03/Cloud-Computing-DSKI
[90m1:32AM[0m [31mERR[0m [1mClone failed – skipping[0m [36merror=[0m[31m[1m"exec: \"git\": executable file not found in %PATH%"[0m[0m [36mrepo=[0mTimFbr03/Cloud-Computing-DSKI
[90m1:32AM[0m [32mINF[0m [1mProcessing repo[0m [36mrepo=[0mVadimShtukan/otus_homework [36mrepo_index=[0m260 [36mtotal_repos=[0m500
[90m1:32AM[0m [32mINF[0m [1mCloning (depth=1)[0m [36mdest=[0m"E:\\helm_clones_github\\VadimShtukan__otus_homework" [36mrepo=[0mhttps://github.com/VadimShtukan/otus_homework
[90m1:32AM[0m [31mERR[0m [1mClone failed – skipping[0m [36merror=[0m[31m[1m"exec: \"git\": executable file not found in %PATH%"[0m[0m [36mrepo=[0mVadimShtukan/otus_homework
[90m1:32AM[0m [32mINF[0m [1mProcessing repo[0m [36mrepo=[0mVaibhav2goyal/alertmanager [36mrepo_index=[0m261 [36mtotal_repos=[0m500
[90m1:32AM[0m [32mINF[0m [1mCloning (depth=1)[0m [36mdest=[0m"E:\\helm_clones_github\\Vaibhav2goyal__alertmanager" [36mrepo=[0mhttps://github.com/Vaibhav2goyal/alertmanager
[90m1:32AM[0m [31mERR[0m [1mClone failed – skipping[0m [36merror=[0m[31m[1m"exec: \"git\": executable file not found in %PATH%"[0m[0m [36mrepo=[0mVaibhav2goyal/alertmanager
[90m1:32AM[0m [32mINF[0m [1mProcessing repo[0m [36mrepo=[0mWesleyJw/modern-data-stack [36mrepo_index=[0m262 [36mtotal_repos=[0m500
[90m1:32AM[0m [32mINF[0m [1mCloning (depth=1)[0m [36mdest=[0m"E:\\helm_clones_github\\WesleyJw__modern-data-stack" [36mrepo=[0mhttps://github.com/WesleyJw/modern-data-stack
[90m1:32AM[0m [31mERR[0m [1mClone failed – skipping[0m [36merror=[0m[31m[1m"exec: \"git\": executable file not found in %PATH%"[0m[0m [36mrepo=[0mWesleyJw/modern-data-stack
[90m1:32AM[0m [32mINF[0m [1mProcessing repo[0m [36mrepo=[0mYahya-rabii/soge-plus [36mrepo_index=[0m263 [36mtotal_repos=[0m500
[90m1:32AM[0m [32mINF[0m [1mCloning (depth=1)[0m [36mdest=[0m"E:\\helm_clones_github\\Yahya-rabii__soge-plus" [36mrepo=[0mhttps://github.com/Yahya-rabii/soge-plus
[90m1:32AM[0m [31mERR[0m [1mClone failed – skipping[0m [36merror=[0m[31m[1m"exec: \"git\": executable file not found in %PATH%"[0m[0m [36mrepo=[0mYahya-rabii/soge-plus
[90m1:32AM[0m [32mINF[0m [1mProcessing repo[0m [36mrepo=[0maabouzaid/modern-data-platform-research-paper [36mrepo_index=[0m264 [36mtotal_repos=[0m500
[90m1:32AM[0m [32mINF[0m [1mCloning (depth=1)[0m [36mdest=[0m"E:\\helm_clones_github\\aabouzaid__modern-data-platform-research-paper" [36mrepo=[0mhttps://github.com/aabouzaid/modern-data-platform-research-paper
[90m1:32AM[0m [31mERR[0m [1mClone failed – skipping[0m [36merror=[0m[31m[1m"exec: \"git\": executable file not found in %PATH%"[0m[0m [36mrepo=[0maabouzaid/modern-data-platform-research-paper
[90m1:32AM[0m [32mINF[0m [1mProcessing repo[0m [36mrepo=[0madstanley/archive [36mrepo_index=[0m265 [36mtotal_repos=[0m500
[90m1:32AM[0m [32mINF[0m [1mCloning (depth=1)[0m [36mdest=[0m"E:\\helm_clones_github\\adstanley__archive" [36mrepo=[0mhttps://github.com/adstanley/archive
[90m1:32AM[0m [31mERR[0m [1mClone failed – skipping[0m [36merror=[0m[31m[1m"exec: \"git\": executable file not found in %PATH%"[0m[0m [36mrepo=[0madstanley/archive
[90m1:32AM[0m [32mINF[0m [1mProcessing repo[0m [36mrepo=[0malercebroker/web-services [36mrepo_index=[0m266 [36mtotal_repos=[0m500
[90m1:32AM[0m [32mINF[0m [1mCloning (depth=1)[0m [36mdest=[0m"E:\\helm_clones_github\\alercebroker__web-services" [36mrepo=[0mhttps://github.com/alercebroker/web-services
[90m1:32AM[0m [31mERR[0m [1mClone failed – skipping[0m [36merror=[0m[31m[1m"exec: \"git\": executable file not found in %PATH%"[0m[0m [36mrepo=[0malercebroker/web-services
[90m1:32AM[0m [32mINF[0m [1mProcessing repo[0m [36mrepo=[0malpha-hack-program/sagemaker-rhoai [36mrepo_index=[0m267 [36mtotal_repos=[0m500
[90m1:32AM[0m [32mINF[0m [1mCloning (depth=1)[0m [36mdest=[0m"E:\\helm_clones_github\\alpha-hack-program__sagemaker-rhoai" [36mrepo=[0mhttps://github.com/alpha-hack-program/sagemaker-rhoai
[90m1:32AM[0m [31mERR[0m [1mClone failed – skipping[0m [36merror=[0m[31m[1m"exec: \"git\": executable file not found in %PATH%"[0m[0m [36mrepo=[0malpha-hack-program/sagemaker-rhoai
[90m1:32AM[0m [32mINF[0m [1mProcessing repo[0m [36mrepo=[0mbcgov/NewJobSurveyAdmin [36mrepo_index=[0m268 [36mtotal_repos=[0m500
[90m1:32AM[0m [32mINF[0m [1mCloning (depth=1)[0m [36mdest=[0m"E:\\helm_clones_github\\bcgov__NewJobSurveyAdmin" [36mrepo=[0mhttps://github.com/bcgov/NewJobSurveyAdmin
[90m1:32AM[0m [31mERR[0m [1mClone failed – skipping[0m [36merror=[0m[31m[1m"exec: \"git\": executable file not found in %PATH%"[0m[0m [36mrepo=[0mbcgov/NewJobSurveyAdmin
[90m1:32AM[0m [32mINF[0m [1mProcessing repo[0m [36mrepo=[0mcisco-open/appdynamics-k8s-webhook-instrumentor [36mrepo_index=[0m269 [36mtotal_repos=[0m500
[90m1:32AM[0m [32mINF[0m [1mCloning (depth=1)[0m [36mdest=[0m"E:\\helm_clones_github\\cisco-open__appdynamics-k8s-webhook-instrumentor" [36mrepo=[0mhttps://github.com/cisco-open/appdynamics-k8s-webhook-instrumentor
[90m1:32AM[0m [31mERR[0m [1mClone failed – skipping[0m [36merror=[0m[31m[1m"exec: \"git\": executable file not found in %PATH%"[0m[0m [36mrepo=[0mcisco-open/appdynamics-k8s-webhook-instrumentor
[90m1:32AM[0m [32mINF[0m [1mProcessing repo[0m [36mrepo=[0mcodefuturist/helm-charts [36mrepo_index=[0m270 [36mtotal_repos=[0m500
[90m1:32AM[0m [32mINF[0m [1mCloning (depth=1)[0m [36mdest=[0m"E:\\helm_clones_github\\codefuturist__helm-charts" [36mrepo=[0mhttps://github.com/codefuturist/helm-charts
[90m1:32AM[0m [31mERR[0m [1mClone failed – skipping[0m [36merror=[0m[31m[1m"exec: \"git\": executable file not found in %PATH%"[0m[0m [36mrepo=[0mcodefuturist/helm-charts
[90m1:32AM[0m [32mINF[0m [1mProcessing repo[0m [36mrepo=[0mdan1dan12345678/Helm_charts [36mrepo_index=[0m271 [36mtotal_repos=[0m500
[90m1:32AM[0m [32mINF[0m [1mCloning (depth=1)[0m [36mdest=[0m"E:\\helm_clones_github\\dan1dan12345678__Helm_charts" [36mrepo=[0mhttps://github.com/dan1dan12345678/Helm_charts
[90m1:32AM[0m [31mERR[0m [1mClone failed – skipping[0m [36merror=[0m[31m[1m"exec: \"git\": executable file not found in %PATH%"[0m[0m [36mrepo=[0mdan1dan12345678/Helm_charts
[90m1:32AM[0m [32mINF[0m [1mProcessing repo[0m [36mrepo=[0mdavidlesicnik/homelab-argo [36mrepo_index=[0m272 [36mtotal_repos=[0m500
[90m1:32AM[0m [32mINF[0m [1mCloning (depth=1)[0m [36mdest=[0m"E:\\helm_clones_github\\davidlesicnik__homelab-argo" [36mrepo=[0mhttps://github.com/davidlesicnik/homelab-argo
[90m1:32AM[0m [31mERR[0m [1mClone failed – skipping[0m [36merror=[0m[31m[1m"exec: \"git\": executable file not found in %PATH%"[0m[0m [36mrepo=[0mdavidlesicnik/homelab-argo
[90m1:32AM[0m [32mINF[0m [1mProcessing repo[0m [36mrepo=[0mdboeckli/spring-6-icecold-micro-service [36mrepo_index=[0m273 [36mtotal_repos=[0m500
[90m1:32AM[0m [32mINF[0m [1mCloning (depth=1)[0m [36mdest=[0m"E:\\helm_clones_github\\dboeckli__spring-6-icecold-micro-service" [36mrepo=[0mhttps://github.com/dboeckli/spring-6-icecold-micro-service
[90m1:32AM[0m [31mERR[0m [1mClone failed – skipping[0m [36merror=[0m[31m[1m"exec: \"git\": executable file not found in %PATH%"[0m[0m [36mrepo=[0mdboeckli/spring-6-icecold-micro-service
[90m1:32AM[0m [32mINF[0m [1mProcessing repo[0m [36mrepo=[0mdiastopy/projet_cell [36mrepo_index=[0m274 [36mtotal_repos=[0m500
[90m1:32AM[0m [32mINF[0m [1mCloning (depth=1)[0m [36mdest=[0m"E:\\helm_clones_github\\diastopy__projet_cell" [36mrepo=[0mhttps://github.com/diastopy/projet_cell
[90m1:32AM[0m [31mERR[0m [1mClone failed – skipping[0m [36merror=[0m[31m[1m"exec: \"git\": executable file not found in %PATH%"[0m[0m [36mrepo=[0mdiastopy/projet_cell
[90m1:32AM[0m [32mINF[0m [1mProcessing repo[0m [36mrepo=[0meffervescentia/bun-elysia-react-starter [36mrepo_index=[0m275 [36mtotal_repos=[0m500
[90m1:32AM[0m [32mINF[0m [1mCloning (depth=1)[0m [36mdest=[0m"E:\\helm_clones_github\\effervescentia__bun-elysia-react-starter" [36mrepo=[0mhttps://github.com/effervescentia/bun-elysia-react-starter
[90m1:32AM[0m [31mERR[0m [1mClone failed – skipping[0m [36merror=[0m[31m[1m"exec: \"git\": executable file not found in %PATH%"[0m[0m [36mrepo=[0meffervescentia/bun-elysia-react-starter
[90m1:32AM[0m [32mINF[0m [1mProcessing repo[0m [36mrepo=[0mfallewi/Kubernetes-configs [36mrepo_index=[0m276 [36mtotal_repos=[0m500
[90m1:32AM[0m [32mINF[0m [1mCloning (depth=1)[0m [36mdest=[0m"E:\\helm_clones_github\\fallewi__Kubernetes-configs" [36mrepo=[0mhttps://github.com/fallewi/Kubernetes-configs
[90m1:32AM[0m [31mERR[0m [1mClone failed – skipping[0m [36merror=[0m[31m[1m"exec: \"git\": executable file not found in %PATH%"[0m[0m [36mrepo=[0mfallewi/Kubernetes-configs
[90m1:32AM[0m [32mINF[0m [1mProcessing repo[0m [36mrepo=[0mfjsabino022/inventory_service [36mrepo_index=[0m277 [36mtotal_repos=[0m500
[90m1:32AM[0m [32mINF[0m [1mCloning (depth=1)[0m [36mdest=[0m"E:\\helm_clones_github\\fjsabino022__inventory_service" [36mrepo=[0mhttps://github.com/fjsabino022/inventory_service
[90m1:32AM[0m [31mERR[0m [1mClone failed – skipping[0m [36merror=[0m[31m[1m"exec: \"git\": executable file not found in %PATH%"[0m[0m [36mrepo=[0mfjsabino022/inventory_service
[90m1:32AM[0m [32mINF[0m [1mProcessing repo[0m [36mrepo=[0mgregorwolf/cap-python [36mrepo_index=[0m278 [36mtotal_repos=[0m500
[90m1:32AM[0m [32mINF[0m [1mCloning (depth=1)[0m [36mdest=[0m"E:\\helm_clones_github\\gregorwolf__cap-python" [36mrepo=[0mhttps://github.com/gregorwolf/cap-python
[90m1:32AM[0m [31mERR[0m [1mClone failed – skipping[0m [36merror=[0m[31m[1m"exec: \"git\": executable file not found in %PATH%"[0m[0m [36mrepo=[0mgregorwolf/cap-python
[90m1:32AM[0m [32mINF[0m [1mProcessing repo[0m [36mrepo=[0mgsuquet/homelab [36mrepo_index=[0m279 [36mtotal_repos=[0m500
[90m1:32AM[0m [32mINF[0m [1mCloning (depth=1)[0m [36mdest=[0m"E:\\helm_clones_github\\gsuquet__homelab" [36mrepo=[0mhttps://github.com/gsuquet/homelab
[90m1:32AM[0m [31mERR[0m [1mClone failed – skipping[0m [36merror=[0m[31m[1m"exec: \"git\": executable file not found in %PATH%"[0m[0m [36mrepo=[0mgsuquet/homelab
[90m1:32AM[0m [32mINF[0m [1mProcessing repo[0m [36mrepo=[0mhelverinio/misw4406-14-desacopla2 [36mrepo_index=[0m280 [36mtotal_repos=[0m500
[90m1:32AM[0m [32mINF[0m [1mCloning (depth=1)[0m [36mdest=[0m"E:\\helm_clones_github\\helverinio__misw4406-14-desacopla2" [36mrepo=[0mhttps://github.com/helverinio/misw4406-14-desacopla2
[90m1:32AM[0m [31mERR[0m [1mClone failed – skipping[0m [36merror=[0m[31m[1m"exec: \"git\": executable file not found in %PATH%"[0m[0m [36mrepo=[0mhelverinio/misw4406-14-desacopla2
[90m1:32AM[0m [32mINF[0m [1mProcessing repo[0m [36mrepo=[0mhey101/scale-catalog [36mrepo_index=[0m281 [36mtotal_repos=[0m500
[90m1:32AM[0m [32mINF[0m [1mCloning (depth=1)[0m [36mdest=[0m"E:\\helm_clones_github\\hey101__scale-catalog" [36mrepo=[0mhttps://github.com/hey101/scale-catalog
[90m1:32AM[0m [31mERR[0m [1mClone failed – skipping[0m [36merror=[0m[31m[1m"exec: \"git\": executable file not found in %PATH%"[0m[0m [36mrepo=[0mhey101/scale-catalog
[90m1:32AM[0m [32mINF[0m [1mProcessing repo[0m [36mrepo=[0mhmcts/hmcts-charts [36mrepo_index=[0m282 [36mtotal_repos=[0m500
[90m1:32AM[0m [32mINF[0m [1mCloning (depth=1)[0m [36mdest=[0m"E:\\helm_clones_github\\hmcts__hmcts-charts" [36mrepo=[0mhttps://github.com/hmcts/hmcts-charts
[90m1:32AM[0m [31mERR[0m [1mClone failed – skipping[0m [36merror=[0m[31m[1m"exec: \"git\": executable file not found in %PATH%"[0m[0m [36mrepo=[0mhmcts/hmcts-charts
[90m1:32AM[0m [32mINF[0m [1mProcessing repo[0m [36mrepo=[0mibm-mas/gitops [36mrepo_index=[0m283 [36mtotal_repos=[0m500
[90m1:32AM[0m [32mINF[0m [1mCloning (depth=1)[0m [36mdest=[0m"E:\\helm_clones_github\\ibm-mas__gitops" [36mrepo=[0mhttps://github.com/ibm-mas/gitops
[90m1:32AM[0m [31mERR[0m [1mClone failed – skipping[0m [36merror=[0m[31m[1m"exec: \"git\": executable file not found in %PATH%"[0m[0m [36mrepo=[0mibm-mas/gitops
[90m1:32AM[0m [32mINF[0m [1mProcessing repo[0m [36mrepo=[0miliazlobin/atmos-landing-zones [36mrepo_index=[0m284 [36mtotal_repos=[0m500
[90m1:32AM[0m [32mINF[0m [1mCloning (depth=1)[0m [36mdest=[0m"E:\\helm_clones_github\\iliazlobin__atmos-landing-zones" [36mrepo=[0mhttps://github.com/iliazlobin/atmos-landing-zones
[90m1:32AM[0m [31mERR[0m [1mClone failed – skipping[0m [36merror=[0m[31m[1m"exec: \"git\": executable file not found in %PATH%"[0m[0m [36mrepo=[0miliazlobin/atmos-landing-zones
[90m1:32AM[0m [32mINF[0m [1mProcessing repo[0m [36mrepo=[0mjoaquinrz/capi-aks [36mrepo_index=[0m285 [36mtotal_repos=[0m500
[90m1:32AM[0m [32mINF[0m [1mCloning (depth=1)[0m [36mdest=[0m"E:\\helm_clones_github\\joaquinrz__capi-aks" [36mrepo=[0mhttps://github.com/joaquinrz/capi-aks
[90m1:32AM[0m [31mERR[0m [1mClone failed – skipping[0m [36merror=[0m[31m[1m"exec: \"git\": executable file not found in %PATH%"[0m[0m [36mrepo=[0mjoaquinrz/capi-aks
[90m1:32AM[0m [32mINF[0m [1mProcessing repo[0m [36mrepo=[0mkast-spells/kaster [36mrepo_index=[0m286 [36mtotal_repos=[0m500
[90m1:32AM[0m [32mINF[0m [1mCloning (depth=1)[0m [36mdest=[0m"E:\\helm_clones_github\\kast-spells__kaster" [36mrepo=[0mhttps://github.com/kast-spells/kaster
[90m1:32AM[0m [31mERR[0m [1mClone failed – skipping[0m [36merror=[0m[31m[1m"exec: \"git\": executable file not found in %PATH%"[0m[0m [36mrepo=[0mkast-spells/kaster
[90m1:32AM[0m [32mINF[0m [1mProcessing repo[0m [36mrepo=[0mkast-spells/summon [36mrepo_index=[0m287 [36mtotal_repos=[0m500
[90m1:32AM[0m [32mINF[0m [1mCloning (depth=1)[0m [36mdest=[0m"E:\\helm_clones_github\\kast-spells__summon" [36mrepo=[0mhttps://github.com/kast-spells/summon
[90m1:32AM[0m [31mERR[0m [1mClone failed – skipping[0m [36merror=[0m[31m[1m"exec: \"git\": executable file not found in %PATH%"[0m[0m [36mrepo=[0mkast-spells/summon
[90m1:32AM[0m [32mINF[0m [1mProcessing repo[0m [36mrepo=[0mkubewarden/policy-catalog [36mrepo_index=[0m288 [36mtotal_repos=[0m500
[90m1:32AM[0m [32mINF[0m [1mCloning (depth=1)[0m [36mdest=[0m"E:\\helm_clones_github\\kubewarden__policy-catalog" [36mrepo=[0mhttps://github.com/kubewarden/policy-catalog
[90m1:32AM[0m [31mERR[0m [1mClone failed – skipping[0m [36merror=[0m[31m[1m"exec: \"git\": executable file not found in %PATH%"[0m[0m [36mrepo=[0mkubewarden/policy-catalog
[90m1:32AM[0m [32mINF[0m [1mProcessing repo[0m [36mrepo=[0mlegion-platform/legion-infrastructure [36mrepo_index=[0m289 [36mtotal_repos=[0m500
[90m1:32AM[0m [32mINF[0m [1mCloning (depth=1)[0m [36mdest=[0m"E:\\helm_clones_github\\legion-platform__legion-infrastructure" [36mrepo=[0mhttps://github.com/legion-platform/legion-infrastructure
[90m1:32AM[0m [31mERR[0m [1mClone failed – skipping[0m [36merror=[0m[31m[1m"exec: \"git\": executable file not found in %PATH%"[0m[0m [36mrepo=[0mlegion-platform/legion-infrastructure
[90m1:32AM[0m [32mINF[0m [1mProcessing repo[0m [36mrepo=[0mmartysweet/headless-render-api [36mrepo_index=[0m290 [36mtotal_repos=[0m500
[90m1:32AM[0m [32mINF[0m [1mCloning (depth=1)[0m [36mdest=[0m"E:\\helm_clones_github\\martysweet__headless-render-api" [36mrepo=[0mhttps://github.com/martysweet/headless-render-api
[90m1:32AM[0m [31mERR[0m [1mClone failed – skipping[0m [36merror=[0m[31m[1m"exec: \"git\": executable file not found in %PATH%"[0m[0m [36mrepo=[0mmartysweet/headless-render-api
[90m1:32AM[0m [32mINF[0m [1mProcessing repo[0m [36mrepo=[0mmerlindorin/charts [36mrepo_index=[0m291 [36mtotal_repos=[0m500
[90m1:32AM[0m [32mINF[0m [1mCloning (depth=1)[0m [36mdest=[0m"E:\\helm_clones_github\\merlindorin__charts" [36mrepo=[0mhttps://github.com/merlindorin/charts
[90m1:32AM[0m [31mERR[0m [1mClone failed – skipping[0m [36merror=[0m[31m[1m"exec: \"git\": executable file not found in %PATH%"[0m[0m [36mrepo=[0mmerlindorin/charts
[90m1:32AM[0m [32mINF[0m [1mProcessing repo[0m [36mrepo=[0mno1here0003/Talos-cluster [36mrepo_index=[0m292 [36mtotal_repos=[0m500
[90m1:32AM[0m [32mINF[0m [1mCloning (depth=1)[0m [36mdest=[0m"E:\\helm_clones_github\\no1here0003__Talos-cluster" [36mrepo=[0mhttps://github.com/no1here0003/Talos-cluster
[90m1:32AM[0m [31mERR[0m [1mClone failed – skipping[0m [36merror=[0m[31m[1m"exec: \"git\": executable file not found in %PATH%"[0m[0m [36mrepo=[0mno1here0003/Talos-cluster
[90m1:32AM[0m [32mINF[0m [1mProcessing repo[0m [36mrepo=[0mnwthomas/gitops [36mrepo_index=[0m293 [36mtotal_repos=[0m500
[90m1:32AM[0m [32mINF[0m [1mCloning (depth=1)[0m [36mdest=[0m"E:\\helm_clones_github\\nwthomas__gitops" [36mrepo=[0mhttps://github.com/nwthomas/gitops
[90m1:32AM[0m [31mERR[0m [1mClone failed – skipping[0m [36merror=[0m[31m[1m"exec: \"git\": executable file not found in %PATH%"[0m[0m [36mrepo=[0mnwthomas/gitops
[90m1:32AM[0m [32mINF[0m [1mProcessing repo[0m [36mrepo=[0motus-kuber-2019-12/gidmaster_platform [36mrepo_index=[0m294 [36mtotal_repos=[0m500
[90m1:32AM[0m [32mINF[0m [1mCloning (depth=1)[0m [36mdest=[0m"E:\\helm_clones_github\\otus-kuber-2019-12__gidmaster_platform" [36mrepo=[0mhttps://github.com/otus-kuber-2019-12/gidmaster_platform
[90m1:32AM[0m [31mERR[0m [1mClone failed – skipping[0m [36merror=[0m[31m[1m"exec: \"git\": executable file not found in %PATH%"[0m[0m [36mrepo=[0motus-kuber-2019-12/gidmaster_platform
[90m1:32AM[0m [32mINF[0m [1mProcessing repo[0m [36mrepo=[0mpenaagp-dev/pena-website [36mrepo_index=[0m295 [36mtotal_repos=[0m500
[90m1:32AM[0m [32mINF[0m [1mCloning (depth=1)[0m [36mdest=[0m"E:\\helm_clones_github\\penaagp-dev__pena-website" [36mrepo=[0mhttps://github.com/penaagp-dev/pena-website
[90m1:32AM[0m [31mERR[0m [1mClone failed – skipping[0m [36merror=[0m[31m[1m"exec: \"git\": executable file not found in %PATH%"[0m[0m [36mrepo=[0mpenaagp-dev/pena-website
[90m1:32AM[0m [32mINF[0m [1mProcessing repo[0m [36mrepo=[0mproduction-gitops-public/argocd-tools [36mrepo_index=[0m296 [36mtotal_repos=[0m500
[90m1:32AM[0m [32mINF[0m [1mCloning (depth=1)[0m [36mdest=[0m"E:\\helm_clones_github\\production-gitops-public__argocd-tools" [36mrepo=[0mhttps://github.com/production-gitops-public/argocd-tools
[90m1:32AM[0m [31mERR[0m [1mClone failed – skipping[0m [36merror=[0m[31m[1m"exec: \"git\": executable file not found in %PATH%"[0m[0m [36mrepo=[0mproduction-gitops-public/argocd-tools
[90m1:32AM[0m [32mINF[0m [1mProcessing repo[0m [36mrepo=[0mrtang03/helm-charts [36mrepo_index=[0m297 [36mtotal_repos=[0m500
[90m1:32AM[0m [32mINF[0m [1mCloning (depth=1)[0m [36mdest=[0m"E:\\helm_clones_github\\rtang03__helm-charts" [36mrepo=[0mhttps://github.com/rtang03/helm-charts
[90m1:32AM[0m [31mERR[0m [1mClone failed – skipping[0m [36merror=[0m[31m[1m"exec: \"git\": executable file not found in %PATH%"[0m[0m [36mrepo=[0mrtang03/helm-charts
[90m1:32AM[0m [32mINF[0m [1mProcessing repo[0m [36mrepo=[0msamm-git/structurizr-chart [36mrepo_index=[0m298 [36mtotal_repos=[0m500
[90m1:32AM[0m [32mINF[0m [1mCloning (depth=1)[0m [36mdest=[0m"E:\\helm_clones_github\\samm-git__structurizr-chart" [36mrepo=[0mhttps://github.com/samm-git/structurizr-chart
[90m1:32AM[0m [31mERR[0m [1mClone failed – skipping[0m [36merror=[0m[31m[1m"exec: \"git\": executable file not found in %PATH%"[0m[0m [36mrepo=[0msamm-git/structurizr-chart
[90m1:32AM[0m [32mINF[0m [1mProcessing repo[0m [36mrepo=[0mstakater-charts/keycloak [36mrepo_index=[0m299 [36mtotal_repos=[0m500
[90m1:32AM[0m [32mINF[0m [1mCloning (depth=1)[0m [36mdest=[0m"E:\\helm_clones_github\\stakater-charts__keycloak" [36mrepo=[0mhttps://github.com/stakater-charts/keycloak
[90m1:32AM[0m [31mERR[0m [1mClone failed – skipping[0m [36merror=[0m[31m[1m"exec: \"git\": executable file not found in %PATH%"[0m[0m [36mrepo=[0mstakater-charts/keycloak
[90m1:32AM[0m [32mINF[0m [1mProcessing repo[0m [36mrepo=[0mstfc/cloud-helm-charts [36mrepo_index=[0m300 [36mtotal_repos=[0m500
[90m1:32AM[0m [32mINF[0m [1mCloning (depth=1)[0m [36mdest=[0m"E:\\helm_clones_github\\stfc__cloud-helm-charts" [36mrepo=[0mhttps://github.com/stfc/cloud-helm-charts
[90m1:32AM[0m [31mERR[0m [1mClone failed – skipping[0m [36merror=[0m[31m[1m"exec: \"git\": executable file not found in %PATH%"[0m[0m [36mrepo=[0mstfc/cloud-helm-charts
[90m1:32AM[0m [32mINF[0m [1mProcessing repo[0m [36mrepo=[0msydney900/CQRS-ES-Microservices [36mrepo_index=[0m301 [36mtotal_repos=[0m500
[90m1:32AM[0m [32mINF[0m [1mCloning (depth=1)[0m [36mdest=[0m"E:\\helm_clones_github\\sydney900__CQRS-ES-Microservices" [36mrepo=[0mhttps://github.com/sydney900/CQRS-ES-Microservices
[90m1:32AM[0m [31mERR[0m [1mClone failed – skipping[0m [36merror=[0m[31m[1m"exec: \"git\": executable file not found in %PATH%"[0m[0m [36mrepo=[0msydney900/CQRS-ES-Microservices
[90m1:32AM[0m [32mINF[0m [1mProcessing repo[0m [36mrepo=[0mtetratelabs/helm-charts [36mrepo_index=[0m302 [36mtotal_repos=[0m500
[90m1:32AM[0m [32mINF[0m [1mCloning (depth=1)[0m [36mdest=[0m"E:\\helm_clones_github\\tetratelabs__helm-charts" [36mrepo=[0mhttps://github.com/tetratelabs/helm-charts
[90m1:32AM[0m [31mERR[0m [1mClone failed – skipping[0m [36merror=[0m[31m[1m"exec: \"git\": executable file not found in %PATH%"[0m[0m [36mrepo=[0mtetratelabs/helm-charts
[90m1:32AM[0m [32mINF[0m [1mProcessing repo[0m [36mrepo=[0mvalerius257/k8s-nodelocaldns-helm [36mrepo_index=[0m303 [36mtotal_repos=[0m500
[90m1:32AM[0m [32mINF[0m [1mCloning (depth=1)[0m [36mdest=[0m"E:\\helm_clones_github\\valerius257__k8s-nodelocaldns-helm" [36mrepo=[0mhttps://github.com/valerius257/k8s-nodelocaldns-helm
[90m1:32AM[0m [31mERR[0m [1mClone failed – skipping[0m [36merror=[0m[31m[1m"exec: \"git\": executable file not found in %PATH%"[0m[0m [36mrepo=[0mvalerius257/k8s-nodelocaldns-helm
[90m1:32AM[0m [32mINF[0m [1mProcessing repo[0m [36mrepo=[0m100CallsToEurop/otus [36mrepo_index=[0m304 [36mtotal_repos=[0m500
[90m1:32AM[0m [32mINF[0m [1mCloning (depth=1)[0m [36mdest=[0m"E:\\helm_clones_github\\100CallsToEurop__otus" [36mrepo=[0mhttps://github.com/100CallsToEurop/otus
[90m1:32AM[0m [31mERR[0m [1mClone failed – skipping[0m [36merror=[0m[31m[1m"exec: \"git\": executable file not found in %PATH%"[0m[0m [36mrepo=[0m100CallsToEurop/otus
[90m1:32AM[0m [32mINF[0m [1mProcessing repo[0m [36mrepo=[0m100rd/platform-design [36mrepo_index=[0m305 [36mtotal_repos=[0m500
[90m1:32AM[0m [32mINF[0m [1mCloning (depth=1)[0m [36mdest=[0m"E:\\helm_clones_github\\100rd__platform-design" [36mrepo=[0mhttps://github.com/100rd/platform-design
[90m1:32AM[0m [31mERR[0m [1mClone failed – skipping[0m [36merror=[0m[31m[1m"exec: \"git\": executable file not found in %PATH%"[0m[0m [36mrepo=[0m100rd/platform-design
[90m1:32AM[0m [32mINF[0m [1mProcessing repo[0m [36mrepo=[0m666chaoge666/dinky-dev [36mrepo_index=[0m306 [36mtotal_repos=[0m500
[90m1:32AM[0m [32mINF[0m [1mCloning (depth=1)[0m [36mdest=[0m"E:\\helm_clones_github\\666chaoge666__dinky-dev" [36mrepo=[0mhttps://github.com/666chaoge666/dinky-dev
[90m1:32AM[0m [31mERR[0m [1mClone failed – skipping[0m [36merror=[0m[31m[1m"exec: \"git\": executable file not found in %PATH%"[0m[0m [36mrepo=[0m666chaoge666/dinky-dev
[90m1:32AM[0m [32mINF[0m [1mProcessing repo[0m [36mrepo=[0mALIIQBAL786/open-exposure-gateway [36mrepo_index=[0m307 [36mtotal_repos=[0m500
[90m1:32AM[0m [32mINF[0m [1mCloning (depth=1)[0m [36mdest=[0m"E:\\helm_clones_github\\ALIIQBAL786__open-exposure-gateway" [36mrepo=[0mhttps://github.com/ALIIQBAL786/open-exposure-gateway
[90m1:32AM[0m [31mERR[0m [1mClone failed – skipping[0m [36merror=[0m[31m[1m"exec: \"git\": executable file not found in %PATH%"[0m[0m [36mrepo=[0mALIIQBAL786/open-exposure-gateway
[90m1:32AM[0m [32mINF[0m [1mProcessing repo[0m [36mrepo=[0mAdmanTIC/helm-charts [36mrepo_index=[0m308 [36mtotal_repos=[0m500
[90m1:32AM[0m [32mINF[0m [1mCloning (depth=1)[0m [36mdest=[0m"E:\\helm_clones_github\\AdmanTIC__helm-charts" [36mrepo=[0mhttps://github.com/AdmanTIC/helm-charts
[90m1:32AM[0m [31mERR[0m [1mClone failed – skipping[0m [36merror=[0m[31m[1m"exec: \"git\": executable file not found in %PATH%"[0m[0m [36mrepo=[0mAdmanTIC/helm-charts
[90m1:32AM[0m [32mINF[0m [1mProcessing repo[0m [36mrepo=[0mAhmedHamdi2/ShopLite-DevOps-Pipeline [36mrepo_index=[0m309 [36mtotal_repos=[0m500
[90m1:32AM[0m [32mINF[0m [1mCloning (depth=1)[0m [36mdest=[0m"E:\\helm_clones_github\\AhmedHamdi2__ShopLite-DevOps-Pipeline" [36mrepo=[0mhttps://github.com/AhmedHamdi2/ShopLite-DevOps-Pipeline
[90m1:32AM[0m [31mERR[0m [1mClone failed – skipping[0m [36merror=[0m[31m[1m"exec: \"git\": executable file not found in %PATH%"[0m[0m [36mrepo=[0mAhmedHamdi2/ShopLite-DevOps-Pipeline
[90m1:32AM[0m [32mINF[0m [1mProcessing repo[0m [36mrepo=[0mAlanKowalzky/rs-devops-task5 [36mrepo_index=[0m310 [36mtotal_repos=[0m500
[90m1:32AM[0m [32mINF[0m [1mCloning (depth=1)[0m [36mdest=[0m"E:\\helm_clones_github\\AlanKowalzky__rs-devops-task5" [36mrepo=[0mhttps://github.com/AlanKowalzky/rs-devops-task5
[90m1:32AM[0m [31mERR[0m [1mClone failed – skipping[0m [36merror=[0m[31m[1m"exec: \"git\": executable file not found in %PATH%"[0m[0m [36mrepo=[0mAlanKowalzky/rs-devops-task5
[90m1:32AM[0m [32mINF[0m [1mProcessing repo[0m [36mrepo=[0mAlexanderBabel/helm-charts [36mrepo_index=[0m311 [36mtotal_repos=[0m500
[90m1:32AM[0m [32mINF[0m [1mCloning (depth=1)[0m [36mdest=[0m"E:\\helm_clones_github\\AlexanderBabel__helm-charts" [36mrepo=[0mhttps://github.com/AlexanderBabel/helm-charts
[90m1:32AM[0m [31mERR[0m [1mClone failed – skipping[0m [36merror=[0m[31m[1m"exec: \"git\": executable file not found in %PATH%"[0m[0m [36mrepo=[0mAlexanderBabel/helm-charts
[90m1:32AM[0m [32mINF[0m [1mProcessing repo[0m [36mrepo=[0mAlexxNica/helm-charts-6 [36mrepo_index=[0m312 [36mtotal_repos=[0m500
[90m1:32AM[0m [32mINF[0m [1mCloning (depth=1)[0m [36mdest=[0m"E:\\helm_clones_github\\AlexxNica__helm-charts-6" [36mrepo=[0mhttps://github.com/AlexxNica/helm-charts-6
[90m1:32AM[0m [31mERR[0m [1mClone failed – skipping[0m [36merror=[0m[31m[1m"exec: \"git\": executable file not found in %PATH%"[0m[0m [36mrepo=[0mAlexxNica/helm-charts-6
[90m1:32AM[0m [32mINF[0m [1mProcessing repo[0m [36mrepo=[0mAmaterassu17/RL_Microservice_Grouped_Scaler [36mrepo_index=[0m313 [36mtotal_repos=[0m500
[90m1:32AM[0m [32mINF[0m [1mCloning (depth=1)[0m [36mdest=[0m"E:\\helm_clones_github\\Amaterassu17__RL_Microservice_Grouped_Scaler" [36mrepo=[0mhttps://github.com/Amaterassu17/RL_Microservice_Grouped_Scaler
[90m1:32AM[0m [31mERR[0m [1mClone failed – skipping[0m [36merror=[0m[31m[1m"exec: \"git\": executable file not found in %PATH%"[0m[0m [36mrepo=[0mAmaterassu17/RL_Microservice_Grouped_Scaler
[90m1:32AM[0m [32mINF[0m [1mProcessing repo[0m [36mrepo=[0mAntonAleksandrov13/monorepo-practice [36mrepo_index=[0m314 [36mtotal_repos=[0m500
[90m1:32AM[0m [32mINF[0m [1mCloning (depth=1)[0m [36mdest=[0m"E:\\helm_clones_github\\AntonAleksandrov13__monorepo-practice" [36mrepo=[0mhttps://github.com/AntonAleksandrov13/monorepo-practice
[90m1:32AM[0m [31mERR[0m [1mClone failed – skipping[0m [36merror=[0m[31m[1m"exec: \"git\": executable file not found in %PATH%"[0m[0m [36mrepo=[0mAntonAleksandrov13/monorepo-practice
[90m1:32AM[0m [32mINF[0m [1mProcessing repo[0m [36mrepo=[0mArtemVoropay/OTUS_HW [36mrepo_index=[0m315 [36mtotal_repos=[0m500
[90m1:32AM[0m [32mINF[0m [1mCloning (depth=1)[0m [36mdest=[0m"E:\\helm_clones_github\\ArtemVoropay__OTUS_HW" [36mrepo=[0mhttps://github.com/ArtemVoropay/OTUS_HW
[90m1:32AM[0m [31mERR[0m [1mClone failed – skipping[0m [36merror=[0m[31m[1m"exec: \"git\": executable file not found in %PATH%"[0m[0m [36mrepo=[0mArtemVoropay/OTUS_HW
[90m1:32AM[0m [32mINF[0m [1mProcessing repo[0m [36mrepo=[0mArthur-B-DevOps/old_helm_charts [36mrepo_index=[0m316 [36mtotal_repos=[0m500
[90m1:32AM[0m [32mINF[0m [1mCloning (depth=1)[0m [36mdest=[0m"E:\\helm_clones_github\\Arthur-B-DevOps__old_helm_charts" [36mrepo=[0mhttps://github.com/Arthur-B-DevOps/old_helm_charts
[90m1:32AM[0m [31mERR[0m [1mClone failed – skipping[0m [36merror=[0m[31m[1m"exec: \"git\": executable file not found in %PATH%"[0m[0m [36mrepo=[0mArthur-B-DevOps/old_helm_charts
[90m1:32AM[0m [32mINF[0m [1mProcessing repo[0m [36mrepo=[0mAvichayef/datateam_calculator [36mrepo_index=[0m317 [36mtotal_repos=[0m500
[90m1:32AM[0m [32mINF[0m [1mCloning (depth=1)[0m [36mdest=[0m"E:\\helm_clones_github\\Avichayef__datateam_calculator" [36mrepo=[0mhttps://github.com/Avichayef/datateam_calculator
[90m1:32AM[0m [31mERR[0m [1mClone failed – skipping[0m [36merror=[0m[31m[1m"exec: \"git\": executable file not found in %PATH%"[0m[0m [36mrepo=[0mAvichayef/datateam_calculator
[90m1:32AM[0m [32mINF[0m [1mProcessing repo[0m [36mrepo=[0mAyoobkibrahim/react-vite-project [36mrepo_index=[0m318 [36mtotal_repos=[0m500
[90m1:32AM[0m [32mINF[0m [1mCloning (depth=1)[0m [36mdest=[0m"E:\\helm_clones_github\\Ayoobkibrahim__react-vite-project" [36mrepo=[0mhttps://github.com/Ayoobkibrahim/react-vite-project
[90m1:32AM[0m [31mERR[0m [1mClone failed – skipping[0m [36merror=[0m[31m[1m"exec: \"git\": executable file not found in %PATH%"[0m[0m [36mrepo=[0mAyoobkibrahim/react-vite-project
[90m1:32AM[0m [32mINF[0m [1mProcessing repo[0m [36mrepo=[0mBackstage-Epitech/cltest [36mrepo_index=[0m319 [36mtotal_repos=[0m500
[90m1:32AM[0m [32mINF[0m [1mCloning (depth=1)[0m [36mdest=[0m"E:\\helm_clones_github\\Backstage-Epitech__cltest" [36mrepo=[0mhttps://github.com/Backstage-Epitech/cltest
[90m1:32AM[0m [31mERR[0m [1mClone failed – skipping[0m [36merror=[0m[31m[1m"exec: \"git\": executable file not found in %PATH%"[0m[0m [36mrepo=[0mBackstage-Epitech/cltest
[90m1:32AM[0m [32mINF[0m [1mProcessing repo[0m [36mrepo=[0mBahmni/helm-umbrella-chart [36mrepo_index=[0m320 [36mtotal_repos=[0m500
[90m1:32AM[0m [32mINF[0m [1mCloning (depth=1)[0m [36mdest=[0m"E:\\helm_clones_github\\Bahmni__helm-umbrella-chart" [36mrepo=[0mhttps://github.com/Bahmni/helm-umbrella-chart
[90m1:32AM[0m [31mERR[0m [1mClone failed – skipping[0m [36merror=[0m[31m[1m"exec: \"git\": executable file not found in %PATH%"[0m[0m [36mrepo=[0mBahmni/helm-umbrella-chart
[90m1:32AM[0m [32mINF[0m [1mProcessing repo[0m [36mrepo=[0mBaitinq/fs-tracer-backend [36mrepo_index=[0m321 [36mtotal_repos=[0m500
[90m1:32AM[0m [32mINF[0m [1mCloning (depth=1)[0m [36mdest=[0m"E:\\helm_clones_github\\Baitinq__fs-tracer-backend" [36mrepo=[0mhttps://github.com/Baitinq/fs-tracer-backend
[90m1:32AM[0m [31mERR[0m [1mClone failed – skipping[0m [36merror=[0m[31m[1m"exec: \"git\": executable file not found in %PATH%"[0m[0m [36mrepo=[0mBaitinq/fs-tracer-backend
[90m1:32AM[0m [32mINF[0m [1mProcessing repo[0m [36mrepo=[0mBernardpro/ClusterGCP [36mrepo_index=[0m322 [36mtotal_repos=[0m500
[90m1:32AM[0m [32mINF[0m [1mCloning (depth=1)[0m [36mdest=[0m"E:\\helm_clones_github\\Bernardpro__ClusterGCP" [36mrepo=[0mhttps://github.com/Bernardpro/ClusterGCP
[90m1:32AM[0m [31mERR[0m [1mClone failed – skipping[0m [36merror=[0m[31m[1m"exec: \"git\": executable file not found in %PATH%"[0m[0m [36mrepo=[0mBernardpro/ClusterGCP
[90m1:32AM[0m [32mINF[0m [1mProcessing repo[0m [36mrepo=[0mBernardpro/ClusterGKE [36mrepo_index=[0m323 [36mtotal_repos=[0m500
[90m1:32AM[0m [32mINF[0m [1mCloning (depth=1)[0m [36mdest=[0m"E:\\helm_clones_github\\Bernardpro__ClusterGKE" [36mrepo=[0mhttps://github.com/Bernardpro/ClusterGKE
[90m1:32AM[0m [31mERR[0m [1mClone failed – skipping[0m [36merror=[0m[31m[1m"exec: \"git\": executable file not found in %PATH%"[0m[0m [36mrepo=[0mBernardpro/ClusterGKE
[90m1:32AM[0m [32mINF[0m [1mProcessing repo[0m [36mrepo=[0mBrightMove/helm-charts [36mrepo_index=[0m324 [36mtotal_repos=[0m500
[90m1:32AM[0m [32mINF[0m [1mCloning (depth=1)[0m [36mdest=[0m"E:\\helm_clones_github\\BrightMove__helm-charts" [36mrepo=[0mhttps://github.com/BrightMove/helm-charts
[90m1:32AM[0m [31mERR[0m [1mClone failed – skipping[0m [36merror=[0m[31m[1m"exec: \"git\": executable file not found in %PATH%"[0m[0m [36mrepo=[0mBrightMove/helm-charts
[90m1:32AM[0m [32mINF[0m [1mProcessing repo[0m [36mrepo=[0mCESNET/ansible-role-perun-k8s-server [36mrepo_index=[0m325 [36mtotal_repos=[0m500
[90m1:32AM[0m [32mINF[0m [1mCloning (depth=1)[0m [36mdest=[0m"E:\\helm_clones_github\\CESNET__ansible-role-perun-k8s-server" [36mrepo=[0mhttps://github.com/CESNET/ansible-role-perun-k8s-server
[90m1:32AM[0m [31mERR[0m [1mClone failed – skipping[0m [36merror=[0m[31m[1m"exec: \"git\": executable file not found in %PATH%"[0m[0m [36mrepo=[0mCESNET/ansible-role-perun-k8s-server
[90m1:32AM[0m [32mINF[0m [1mProcessing repo[0m [36mrepo=[0mCSCfi/helm-charts-elixir [36mrepo_index=[0m326 [36mtotal_repos=[0m500
[90m1:32AM[0m [32mINF[0m [1mCloning (depth=1)[0m [36mdest=[0m"E:\\helm_clones_github\\CSCfi__helm-charts-elixir" [36mrepo=[0mhttps://github.com/CSCfi/helm-charts-elixir
[90m1:32AM[0m [31mERR[0m [1mClone failed – skipping[0m [36merror=[0m[31m[1m"exec: \"git\": executable file not found in %PATH%"[0m[0m [36mrepo=[0mCSCfi/helm-charts-elixir
[90m1:32AM[0m [32mINF[0m [1mProcessing repo[0m [36mrepo=[0mClark1992/ECK1 [36mrepo_index=[0m327 [36mtotal_repos=[0m500
[90m1:32AM[0m [32mINF[0m [1mCloning (depth=1)[0m [36mdest=[0m"E:\\helm_clones_github\\Clark1992__ECK1" [36mrepo=[0mhttps://github.com/Clark1992/ECK1
[90m1:32AM[0m [31mERR[0m [1mClone failed – skipping[0m [36merror=[0m[31m[1m"exec: \"git\": executable file not found in %PATH%"[0m[0m [36mrepo=[0mClark1992/ECK1
[90m1:32AM[0m [32mINF[0m [1mProcessing repo[0m [36mrepo=[0mCloudify-PS/backstage-catalog-entities [36mrepo_index=[0m328 [36mtotal_repos=[0m500
[90m1:32AM[0m [32mINF[0m [1mCloning (depth=1)[0m [36mdest=[0m"E:\\helm_clones_github\\Cloudify-PS__backstage-catalog-entities" [36mrepo=[0mhttps://github.com/Cloudify-PS/backstage-catalog-entities
[90m1:32AM[0m [31mERR[0m [1mClone failed – skipping[0m [36merror=[0m[31m[1m"exec: \"git\": executable file not found in %PATH%"[0m[0m [36mrepo=[0mCloudify-PS/backstage-catalog-entities
[90m1:32AM[0m [32mINF[0m [1mProcessing repo[0m [36mrepo=[0mConductionNL/Authorization-component [36mrepo_index=[0m329 [36mtotal_repos=[0m500
[90m1:32AM[0m [32mINF[0m [1mCloning (depth=1)[0m [36mdest=[0m"E:\\helm_clones_github\\ConductionNL__Authorization-component" [36mrepo=[0mhttps://github.com/ConductionNL/Authorization-component
[90m1:32AM[0m [31mERR[0m [1mClone failed – skipping[0m [36merror=[0m[31m[1m"exec: \"git\": executable file not found in %PATH%"[0m[0m [36mrepo=[0mConductionNL/Authorization-component
[90m1:32AM[0m [32mINF[0m [1mProcessing repo[0m [36mrepo=[0mConductionNL/adresservice [36mrepo_index=[0m330 [36mtotal_repos=[0m500
[90m1:32AM[0m [32mINF[0m [1mCloning (depth=1)[0m [36mdest=[0m"E:\\helm_clones_github\\ConductionNL__adresservice" [36mrepo=[0mhttps://github.com/ConductionNL/adresservice
[90m1:32AM[0m [31mERR[0m [1mClone failed – skipping[0m [36merror=[0m[31m[1m"exec: \"git\": executable file not found in %PATH%"[0m[0m [36mrepo=[0mConductionNL/adresservice
[90m1:32AM[0m [32mINF[0m [1mProcessing repo[0m [36mrepo=[0mConductionNL/bzk-mock [36mrepo_index=[0m331 [36mtotal_repos=[0m500
[90m1:32AM[0m [32mINF[0m [1mCloning (depth=1)[0m [36mdest=[0m"E:\\helm_clones_github\\ConductionNL__bzk-mock" [36mrepo=[0mhttps://github.com/ConductionNL/bzk-mock
[90m1:32AM[0m [31mERR[0m [1mClone failed – skipping[0m [36merror=[0m[31m[1m"exec: \"git\": executable file not found in %PATH%"[0m[0m [36mrepo=[0mConductionNL/bzk-mock
[90m1:32AM[0m [32mINF[0m [1mProcessing repo[0m [36mrepo=[0mConductionNL/commonground-ui [36mrepo_index=[0m332 [36mtotal_repos=[0m500
[90m1:32AM[0m [32mINF[0m [1mCloning (depth=1)[0m [36mdest=[0m"E:\\helm_clones_github\\ConductionNL__commonground-ui" [36mrepo=[0mhttps://github.com/ConductionNL/commonground-ui
[90m1:32AM[0m [31mERR[0m [1mClone failed – skipping[0m [36merror=[0m[31m[1m"exec: \"git\": executable file not found in %PATH%"[0m[0m [36mrepo=[0mConductionNL/commonground-ui
[90m1:32AM[0m [32mINF[0m [1mProcessing repo[0m [36mrepo=[0mConductionNL/corona-interface [36mrepo_index=[0m333 [36mtotal_repos=[0m500
[90m1:32AM[0m [32mINF[0m [1mCloning (depth=1)[0m [36mdest=[0m"E:\\helm_clones_github\\ConductionNL__corona-interface" [36mrepo=[0mhttps://github.com/ConductionNL/corona-interface
[90m1:32AM[0m [31mERR[0m [1mClone failed – skipping[0m [36merror=[0m[31m[1m"exec: \"git\": executable file not found in %PATH%"[0m[0m [36mrepo=[0mConductionNL/corona-interface
[90m1:32AM[0m [32mINF[0m [1mProcessing repo[0m [36mrepo=[0mConductionNL/logicservice [36mrepo_index=[0m334 [36mtotal_repos=[0m500
[90m1:32AM[0m [32mINF[0m [1mCloning (depth=1)[0m [36mdest=[0m"E:\\helm_clones_github\\ConductionNL__logicservice" [36mrepo=[0mhttps://github.com/ConductionNL/logicservice
[90m1:32AM[0m [31mERR[0m [1mClone failed – skipping[0m [36merror=[0m[31m[1m"exec: \"git\": executable file not found in %PATH%"[0m[0m [36mrepo=[0mConductionNL/logicservice
[90m1:32AM[0m [32mINF[0m [1mProcessing repo[0m [36mrepo=[0mConductionNL/review-component [36mrepo_index=[0m335 [36mtotal_repos=[0m500
[90m1:32AM[0m [32mINF[0m [1mCloning (depth=1)[0m [36mdest=[0m"E:\\helm_clones_github\\ConductionNL__review-component" [36mrepo=[0mhttps://github.com/ConductionNL/review-component
[90m1:32AM[0m [31mERR[0m [1mClone failed – skipping[0m [36merror=[0m[31m[1m"exec: \"git\": executable file not found in %PATH%"[0m[0m [36mrepo=[0mConductionNL/review-component
[90m1:32AM[0m [32mINF[0m [1mProcessing repo[0m [36mrepo=[0mConductionNL/user-component [36mrepo_index=[0m336 [36mtotal_repos=[0m500
[90m1:32AM[0m [32mINF[0m [1mCloning (depth=1)[0m [36mdest=[0m"E:\\helm_clones_github\\ConductionNL__user-component" [36mrepo=[0mhttps://github.com/ConductionNL/user-component
[90m1:32AM[0m [31mERR[0m [1mClone failed – skipping[0m [36merror=[0m[31m[1m"exec: \"git\": executable file not found in %PATH%"[0m[0m [36mrepo=[0mConductionNL/user-component
[90m1:32AM[0m [32mINF[0m [1mProcessing repo[0m [36mrepo=[0mConductionNL/verzoekregistratiecomponent [36mrepo_index=[0m337 [36mtotal_repos=[0m500
[90m1:32AM[0m [32mINF[0m [1mCloning (depth=1)[0m [36mdest=[0m"E:\\helm_clones_github\\ConductionNL__verzoekregistratiecomponent" [36mrepo=[0mhttps://github.com/ConductionNL/verzoekregistratiecomponent
[90m1:32AM[0m [31mERR[0m [1mClone failed – skipping[0m [36merror=[0m[31m[1m"exec: \"git\": executable file not found in %PATH%"[0m[0m [36mrepo=[0mConductionNL/verzoekregistratiecomponent
[90m1:32AM[0m [32mINF[0m [1mProcessing repo[0m [36mrepo=[0mConductionNL/waardepapieren-register [36mrepo_index=[0m338 [36mtotal_repos=[0m500
[90m1:32AM[0m [32mINF[0m [1mCloning (depth=1)[0m [36mdest=[0m"E:\\helm_clones_github\\ConductionNL__waardepapieren-register" [36mrepo=[0mhttps://github.com/ConductionNL/waardepapieren-register
[90m1:32AM[0m [31mERR[0m [1mClone failed – skipping[0m [36merror=[0m[31m[1m"exec: \"git\": executable file not found in %PATH%"[0m[0m [36mrepo=[0mConductionNL/waardepapieren-register
[90m1:32AM[0m [32mINF[0m [1mProcessing repo[0m [36mrepo=[0mCoopersamjohn/plastiq-memry-cards [36mrepo_index=[0m339 [36mtotal_repos=[0m500
[90m1:32AM[0m [32mINF[0m [1mCloning (depth=1)[0m [36mdest=[0m"E:\\helm_clones_github\\Coopersamjohn__plastiq-memry-cards" [36mrepo=[0mhttps://github.com/Coopersamjohn/plastiq-memry-cards
[90m1:32AM[0m [31mERR[0m [1mClone failed – skipping[0m [36merror=[0m[31m[1m"exec: \"git\": executable file not found in %PATH%"[0m[0m [36mrepo=[0mCoopersamjohn/plastiq-memry-cards
[90m1:32AM[0m [32mINF[0m [1mProcessing repo[0m [36mrepo=[0mCray-HPE/cray-etcd [36mrepo_index=[0m340 [36mtotal_repos=[0m500
[90m1:32AM[0m [32mINF[0m [1mCloning (depth=1)[0m [36mdest=[0m"E:\\helm_clones_github\\Cray-HPE__cray-etcd" [36mrepo=[0mhttps://github.com/Cray-HPE/cray-etcd
[90m1:32AM[0m [31mERR[0m [1mClone failed – skipping[0m [36merror=[0m[31m[1m"exec: \"git\": executable file not found in %PATH%"[0m[0m [36mrepo=[0mCray-HPE/cray-etcd
[90m1:32AM[0m [32mINF[0m [1mProcessing repo[0m [36mrepo=[0mDalanCapital/dalan.capital [36mrepo_index=[0m341 [36mtotal_repos=[0m500
[90m1:32AM[0m [32mINF[0m [1mCloning (depth=1)[0m [36mdest=[0m"E:\\helm_clones_github\\DalanCapital__dalan.capital" [36mrepo=[0mhttps://github.com/DalanCapital/dalan.capital
[90m1:32AM[0m [31mERR[0m [1mClone failed – skipping[0m [36merror=[0m[31m[1m"exec: \"git\": executable file not found in %PATH%"[0m[0m [36mrepo=[0mDalanCapital/dalan.capital
[90m1:32AM[0m [32mINF[0m [1mProcessing repo[0m [36mrepo=[0mDanMadar27/devops-toolkit [36mrepo_index=[0m342 [36mtotal_repos=[0m500
[90m1:32AM[0m [32mINF[0m [1mCloning (depth=1)[0m [36mdest=[0m"E:\\helm_clones_github\\DanMadar27__devops-toolkit" [36mrepo=[0mhttps://github.com/DanMadar27/devops-toolkit
[90m1:32AM[0m [31mERR[0m [1mClone failed – skipping[0m [36merror=[0m[31m[1m"exec: \"git\": executable file not found in %PATH%"[0m[0m [36mrepo=[0mDanMadar27/devops-toolkit
[90m1:32AM[0m [32mINF[0m [1mProcessing repo[0m [36mrepo=[0mDeejayRevok/news-discovery-app [36mrepo_index=[0m343 [36mtotal_repos=[0m500
[90m1:32AM[0m [32mINF[0m [1mCloning (depth=1)[0m [36mdest=[0m"E:\\helm_clones_github\\DeejayRevok__news-discovery-app" [36mrepo=[0mhttps://github.com/DeejayRevok/news-discovery-app
[90m1:32AM[0m [31mERR[0m [1mClone failed – skipping[0m [36merror=[0m[31m[1m"exec: \"git\": executable file not found in %PATH%"[0m[0m [36mrepo=[0mDeejayRevok/news-discovery-app
[90m1:32AM[0m [32mINF[0m [1mProcessing repo[0m [36mrepo=[0mDevPaulPOps/appFytBack [36mrepo_index=[0m344 [36mtotal_repos=[0m500
[90m1:32AM[0m [32mINF[0m [1mCloning (depth=1)[0m [36mdest=[0m"E:\\helm_clones_github\\DevPaulPOps__appFytBack" [36mrepo=[0mhttps://github.com/DevPaulPOps/appFytBack
[90m1:32AM[0m [31mERR[0m [1mClone failed – skipping[0m [36merror=[0m[31m[1m"exec: \"git\": executable file not found in %PATH%"[0m[0m [36mrepo=[0mDevPaulPOps/appFytBack
[90m1:32AM[0m [32mINF[0m [1mProcessing repo[0m [36mrepo=[0mDystopian00/truecharts [36mrepo_index=[0m345 [36mtotal_repos=[0m500
[90m1:32AM[0m [32mINF[0m [1mCloning (depth=1)[0m [36mdest=[0m"E:\\helm_clones_github\\Dystopian00__truecharts" [36mrepo=[0mhttps://github.com/Dystopian00/truecharts
[90m1:32AM[0m [31mERR[0m [1mClone failed – skipping[0m [36merror=[0m[31m[1m"exec: \"git\": executable file not found in %PATH%"[0m[0m [36mrepo=[0mDystopian00/truecharts
[90m1:32AM[0m [32mINF[0m [1mProcessing repo[0m [36mrepo=[0mEduBrainBoost/SSID-open-core [36mrepo_index=[0m346 [36mtotal_repos=[0m500
[90m1:32AM[0m [32mINF[0m [1mCloning (depth=1)[0m [36mdest=[0m"E:\\helm_clones_github\\EduBrainBoost__SSID-open-core" [36mrepo=[0mhttps://github.com/EduBrainBoost/SSID-open-core
[90m1:32AM[0m [31mERR[0m [1mClone failed – skipping[0m [36merror=[0m[31m[1m"exec: \"git\": executable file not found in %PATH%"[0m[0m [36mrepo=[0mEduBrainBoost/SSID-open-core
[90m1:32AM[0m [32mINF[0m [1mProcessing repo[0m [36mrepo=[0mElenaKutanov/Udacity_DataEngineerForAIApplications [36mrepo_index=[0m347 [36mtotal_repos=[0m500
[90m1:32AM[0m [32mINF[0m [1mCloning (depth=1)[0m [36mdest=[0m"E:\\helm_clones_github\\ElenaKutanov__Udacity_DataEngineerForAIApplications" [36mrepo=[0mhttps://github.com/ElenaKutanov/Udacity_DataEngineerForAIApplications
[90m1:32AM[0m [31mERR[0m [1mClone failed – skipping[0m [36merror=[0m[31m[1m"exec: \"git\": executable file not found in %PATH%"[0m[0m [36mrepo=[0mElenaKutanov/Udacity_DataEngineerForAIApplications
[90m1:32AM[0m [32mINF[0m [1mProcessing repo[0m [36mrepo=[0mEugeneKallis/kubernetes-cluster [36mrepo_index=[0m348 [36mtotal_repos=[0m500
[90m1:32AM[0m [32mINF[0m [1mCloning (depth=1)[0m [36mdest=[0m"E:\\helm_clones_github\\EugeneKallis__kubernetes-cluster" [36mrepo=[0mhttps://github.com/EugeneKallis/kubernetes-cluster
[90m1:32AM[0m [31mERR[0m [1mClone failed – skipping[0m [36merror=[0m[31m[1m"exec: \"git\": executable file not found in %PATH%"[0m[0m [36mrepo=[0mEugeneKallis/kubernetes-cluster
[90m1:32AM[0m [32mINF[0m [1mProcessing repo[0m [36mrepo=[0mEvgeny-Nik/project_platform_app [36mrepo_index=[0m349 [36mtotal_repos=[0m500
[90m1:32AM[0m [32mINF[0m [1mCloning (depth=1)[0m [36mdest=[0m"E:\\helm_clones_github\\Evgeny-Nik__project_platform_app" [36mrepo=[0mhttps://github.com/Evgeny-Nik/project_platform_app
[90m1:32AM[0m [31mERR[0m [1mClone failed – skipping[0m [36merror=[0m[31m[1m"exec: \"git\": executable file not found in %PATH%"[0m[0m [36mrepo=[0mEvgeny-Nik/project_platform_app
[90m1:32AM[0m [32mINF[0m [1mProcessing repo[0m [36mrepo=[0mFIWARE/VC-Integration-Test [36mrepo_index=[0m350 [36mtotal_repos=[0m500
[90m1:32AM[0m [32mINF[0m [1mCloning (depth=1)[0m [36mdest=[0m"E:\\helm_clones_github\\FIWARE__VC-Integration-Test" [36mrepo=[0mhttps://github.com/FIWARE/VC-Integration-Test
[90m1:32AM[0m [31mERR[0m [1mClone failed – skipping[0m [36merror=[0m[31m[1m"exec: \"git\": executable file not found in %PATH%"[0m[0m [36mrepo=[0mFIWARE/VC-Integration-Test
[90m1:32AM[0m [32mINF[0m [1mProcessing repo[0m [36mrepo=[0mFall1ngStar/homelab [36mrepo_index=[0m351 [36mtotal_repos=[0m500
[90m1:32AM[0m [32mINF[0m [1mCloning (depth=1)[0m [36mdest=[0m"E:\\helm_clones_github\\Fall1ngStar__homelab" [36mrepo=[0mhttps://github.com/Fall1ngStar/homelab
[90m1:32AM[0m [31mERR[0m [1mClone failed – skipping[0m [36merror=[0m[31m[1m"exec: \"git\": executable file not found in %PATH%"[0m[0m [36mrepo=[0mFall1ngStar/homelab
[90m1:32AM[0m [32mINF[0m [1mProcessing repo[0m [36mrepo=[0mFuelLabs/fuel-data [36mrepo_index=[0m352 [36mtotal_repos=[0m500
[90m1:32AM[0m [32mINF[0m [1mCloning (depth=1)[0m [36mdest=[0m"E:\\helm_clones_github\\FuelLabs__fuel-data" [36mrepo=[0mhttps://github.com/FuelLabs/fuel-data
[90m1:32AM[0m [31mERR[0m [1mClone failed – skipping[0m [36merror=[0m[31m[1m"exec: \"git\": executable file not found in %PATH%"[0m[0m [36mrepo=[0mFuelLabs/fuel-data
[90m1:32AM[0m [32mINF[0m [1mProcessing repo[0m [36mrepo=[0mGUR-ok/otus-microservice-architecture [36mrepo_index=[0m353 [36mtotal_repos=[0m500
[90m1:32AM[0m [32mINF[0m [1mCloning (depth=1)[0m [36mdest=[0m"E:\\helm_clones_github\\GUR-ok__otus-microservice-architecture" [36mrepo=[0mhttps://github.com/GUR-ok/otus-microservice-architecture
[90m1:32AM[0m [31mERR[0m [1mClone failed – skipping[0m [36merror=[0m[31m[1m"exec: \"git\": executable file not found in %PATH%"[0m[0m [36mrepo=[0mGUR-ok/otus-microservice-architecture
[90m1:32AM[0m [32mINF[0m [1mProcessing repo[0m [36mrepo=[0mGin-G/argo-k8s-stuff [36mrepo_index=[0m354 [36mtotal_repos=[0m500
[90m1:32AM[0m [32mINF[0m [1mCloning (depth=1)[0m [36mdest=[0m"E:\\helm_clones_github\\Gin-G__argo-k8s-stuff" [36mrepo=[0mhttps://github.com/Gin-G/argo-k8s-stuff
[90m1:32AM[0m [31mERR[0m [1mClone failed – skipping[0m [36merror=[0m[31m[1m"exec: \"git\": executable file not found in %PATH%"[0m[0m [36mrepo=[0mGin-G/argo-k8s-stuff
[90m1:32AM[0m [32mINF[0m [1mProcessing repo[0m [36mrepo=[0mGodjee1/kubernetes [36mrepo_index=[0m355 [36mtotal_repos=[0m500
[90m1:32AM[0m [32mINF[0m [1mCloning (depth=1)[0m [36mdest=[0m"E:\\helm_clones_github\\Godjee1__kubernetes" [36mrepo=[0mhttps://github.com/Godjee1/kubernetes
[90m1:32AM[0m [31mERR[0m [1mClone failed – skipping[0m [36merror=[0m[31m[1m"exec: \"git\": executable file not found in %PATH%"[0m[0m [36mrepo=[0mGodjee1/kubernetes
[90m1:32AM[0m [32mINF[0m [1mProcessing repo[0m [36mrepo=[0mGracjanKoscinski/azureDeploymentPipeline [36mrepo_index=[0m356 [36mtotal_repos=[0m500
[90m1:32AM[0m [32mINF[0m [1mCloning (depth=1)[0m [36mdest=[0m"E:\\helm_clones_github\\GracjanKoscinski__azureDeploymentPipeline" [36mrepo=[0mhttps://github.com/GracjanKoscinski/azureDeploymentPipeline
[90m1:32AM[0m [31mERR[0m [1mClone failed – skipping[0m [36merror=[0m[31m[1m"exec: \"git\": executable file not found in %PATH%"[0m[0m [36mrepo=[0mGracjanKoscinski/azureDeploymentPipeline
[90m1:32AM[0m [32mINF[0m [1mProcessing repo[0m [36mrepo=[0mGroomC4/c4ang-infra [36mrepo_index=[0m357 [36mtotal_repos=[0m500
[90m1:32AM[0m [32mINF[0m [1mCloning (depth=1)[0m [36mdest=[0m"E:\\helm_clones_github\\GroomC4__c4ang-infra" [36mrepo=[0mhttps://github.com/GroomC4/c4ang-infra
[90m1:32AM[0m [31mERR[0m [1mClone failed – skipping[0m [36merror=[0m[31m[1m"exec: \"git\": executable file not found in %PATH%"[0m[0m [36mrepo=[0mGroomC4/c4ang-infra
[90m1:32AM[0m [32mINF[0m [1mProcessing repo[0m [36mrepo=[0mHereNotThere/kerem-argocd-test [36mrepo_index=[0m358 [36mtotal_repos=[0m500
[90m1:32AM[0m [32mINF[0m [1mCloning (depth=1)[0m [36mdest=[0m"E:\\helm_clones_github\\HereNotThere__kerem-argocd-test" [36mrepo=[0mhttps://github.com/HereNotThere/kerem-argocd-test
[90m1:32AM[0m [31mERR[0m [1mClone failed – skipping[0m [36merror=[0m[31m[1m"exec: \"git\": executable file not found in %PATH%"[0m[0m [36mrepo=[0mHereNotThere/kerem-argocd-test
[90m1:32AM[0m [32mINF[0m [1mProcessing repo[0m [36mrepo=[0mHomeScaleCloud/homescale-public [36mrepo_index=[0m359 [36mtotal_repos=[0m500
[90m1:32AM[0m [32mINF[0m [1mCloning (depth=1)[0m [36mdest=[0m"E:\\helm_clones_github\\HomeScaleCloud__homescale-public" [36mrepo=[0mhttps://github.com/HomeScaleCloud/homescale-public
[90m1:32AM[0m [31mERR[0m [1mClone failed – skipping[0m [36merror=[0m[31m[1m"exec: \"git\": executable file not found in %PATH%"[0m[0m [36mrepo=[0mHomeScaleCloud/homescale-public
[90m1:32AM[0m [32mINF[0m [1mProcessing repo[0m [36mrepo=[0mIndustryFusion/GitOpsRepo [36mrepo_index=[0m360 [36mtotal_repos=[0m500
[90m1:32AM[0m [32mINF[0m [1mCloning (depth=1)[0m [36mdest=[0m"E:\\helm_clones_github\\IndustryFusion__GitOpsRepo" [36mrepo=[0mhttps://github.com/IndustryFusion/GitOpsRepo
[90m1:32AM[0m [31mERR[0m [1mClone failed – skipping[0m [36merror=[0m[31m[1m"exec: \"git\": executable file not found in %PATH%"[0m[0m [36mrepo=[0mIndustryFusion/GitOpsRepo
[90m1:32AM[0m [32mINF[0m [1mProcessing repo[0m [36mrepo=[0mIsraelBoka/airbyte-engeem [36mrepo_index=[0m361 [36mtotal_repos=[0m500
[90m1:32AM[0m [32mINF[0m [1mCloning (depth=1)[0m [36mdest=[0m"E:\\helm_clones_github\\IsraelBoka__airbyte-engeem" [36mrepo=[0mhttps://github.com/IsraelBoka/airbyte-engeem
[90m1:32AM[0m [31mERR[0m [1mClone failed – skipping[0m [36merror=[0m[31m[1m"exec: \"git\": executable file not found in %PATH%"[0m[0m [36mrepo=[0mIsraelBoka/airbyte-engeem
[90m1:32AM[0m [32mINF[0m [1mProcessing repo[0m [36mrepo=[0mItamar-Ratson/devsecops [36mrepo_index=[0m362 [36mtotal_repos=[0m500
[90m1:32AM[0m [32mINF[0m [1mCloning (depth=1)[0m [36mdest=[0m"E:\\helm_clones_github\\Itamar-Ratson__devsecops" [36mrepo=[0mhttps://github.com/Itamar-Ratson/devsecops
[90m1:32AM[0m [31mERR[0m [1mClone failed – skipping[0m [36merror=[0m[31m[1m"exec: \"git\": executable file not found in %PATH%"[0m[0m [36mrepo=[0mItamar-Ratson/devsecops
[90m1:32AM[0m [32mINF[0m [1mProcessing repo[0m [36mrepo=[0mIvkinNikita/DevopLibrary [36mrepo_index=[0m363 [36mtotal_repos=[0m500
[90m1:32AM[0m [32mINF[0m [1mCloning (depth=1)[0m [36mdest=[0m"E:\\helm_clones_github\\IvkinNikita__DevopLibrary" [36mrepo=[0mhttps://github.com/IvkinNikita/DevopLibrary
[90m1:32AM[0m [31mERR[0m [1mClone failed – skipping[0m [36merror=[0m[31m[1m"exec: \"git\": executable file not found in %PATH%"[0m[0m [36mrepo=[0mIvkinNikita/DevopLibrary
[90m1:32AM[0m [32mINF[0m [1mProcessing repo[0m [36mrepo=[0mJS-BBMT/GoddardSchool [36mrepo_index=[0m364 [36mtotal_repos=[0m500
[90m1:32AM[0m [32mINF[0m [1mCloning (depth=1)[0m [36mdest=[0m"E:\\helm_clones_github\\JS-BBMT__GoddardSchool" [36mrepo=[0mhttps://github.com/JS-BBMT/GoddardSchool
[90m1:32AM[0m [31mERR[0m [1mClone failed – skipping[0m [36merror=[0m[31m[1m"exec: \"git\": executable file not found in %PATH%"[0m[0m [36mrepo=[0mJS-BBMT/GoddardSchool
[90m1:32AM[0m [32mINF[0m [1mProcessing repo[0m [36mrepo=[0mJaebytes/TrueCharts [36mrepo_index=[0m365 [36mtotal_repos=[0m500
[90m1:32AM[0m [32mINF[0m [1mCloning (depth=1)[0m [36mdest=[0m"E:\\helm_clones_github\\Jaebytes__TrueCharts" [36mrepo=[0mhttps://github.com/Jaebytes/TrueCharts
[90m1:32AM[0m [31mERR[0m [1mClone failed – skipping[0m [36merror=[0m[31m[1m"exec: \"git\": executable file not found in %PATH%"[0m[0m [36mrepo=[0mJaebytes/TrueCharts
[90m1:32AM[0m [32mINF[0m [1mProcessing repo[0m [36mrepo=[0mJaewonHur/constellation [36mrepo_index=[0m366 [36mtotal_repos=[0m500
[90m1:32AM[0m [32mINF[0m [1mCloning (depth=1)[0m [36mdest=[0m"E:\\helm_clones_github\\JaewonHur__constellation" [36mrepo=[0mhttps://github.com/JaewonHur/constellation
[90m1:32AM[0m [31mERR[0m [1mClone failed – skipping[0m [36merror=[0m[31m[1m"exec: \"git\": executable file not found in %PATH%"[0m[0m [36mrepo=[0mJaewonHur/constellation
[90m1:32AM[0m [32mINF[0m [1mProcessing repo[0m [36mrepo=[0mJorgeP7/test-external-secret [36mrepo_index=[0m367 [36mtotal_repos=[0m500
[90m1:32AM[0m [32mINF[0m [1mCloning (depth=1)[0m [36mdest=[0m"E:\\helm_clones_github\\JorgeP7__test-external-secret" [36mrepo=[0mhttps://github.com/JorgeP7/test-external-secret
[90m1:32AM[0m [31mERR[0m [1mClone failed – skipping[0m [36merror=[0m[31m[1m"exec: \"git\": executable file not found in %PATH%"[0m[0m [36mrepo=[0mJorgeP7/test-external-secret
[90m1:32AM[0m [32mINF[0m [1mProcessing repo[0m [36mrepo=[0mJosca/k0rdent-catalog-2 [36mrepo_index=[0m368 [36mtotal_repos=[0m500
[90m1:32AM[0m [32mINF[0m [1mCloning (depth=1)[0m [36mdest=[0m"E:\\helm_clones_github\\Josca__k0rdent-catalog-2" [36mrepo=[0mhttps://github.com/Josca/k0rdent-catalog-2
[90m1:32AM[0m [31mERR[0m [1mClone failed – skipping[0m [36merror=[0m[31m[1m"exec: \"git\": executable file not found in %PATH%"[0m[0m [36mrepo=[0mJosca/k0rdent-catalog-2
[90m1:32AM[0m [32mINF[0m [1mProcessing repo[0m [36mrepo=[0mJosca/k0rdent-catalog-3 [36mrepo_index=[0m369 [36mtotal_repos=[0m500
[90m1:32AM[0m [32mINF[0m [1mCloning (depth=1)[0m [36mdest=[0m"E:\\helm_clones_github\\Josca__k0rdent-catalog-3" [36mrepo=[0mhttps://github.com/Josca/k0rdent-catalog-3
[90m1:32AM[0m [31mERR[0m [1mClone failed – skipping[0m [36merror=[0m[31m[1m"exec: \"git\": executable file not found in %PATH%"[0m[0m [36mrepo=[0mJosca/k0rdent-catalog-3
[90m1:32AM[0m [32mINF[0m [1mProcessing repo[0m [36mrepo=[0mJosca/k0rdent-catalog-4 [36mrepo_index=[0m370 [36mtotal_repos=[0m500
[90m1:32AM[0m [32mINF[0m [1mCloning (depth=1)[0m [36mdest=[0m"E:\\helm_clones_github\\Josca__k0rdent-catalog-4" [36mrepo=[0mhttps://github.com/Josca/k0rdent-catalog-4
[90m1:32AM[0m [31mERR[0m [1mClone failed – skipping[0m [36merror=[0m[31m[1m"exec: \"git\": executable file not found in %PATH%"[0m[0m [36mrepo=[0mJosca/k0rdent-catalog-4
[90m1:32AM[0m [32mINF[0m [1mProcessing repo[0m [36mrepo=[0mJosephatEze/k8s-helm-chart [36mrepo_index=[0m371 [36mtotal_repos=[0m500
[90m1:32AM[0m [32mINF[0m [1mCloning (depth=1)[0m [36mdest=[0m"E:\\helm_clones_github\\JosephatEze__k8s-helm-chart" [36mrepo=[0mhttps://github.com/JosephatEze/k8s-helm-chart
[90m1:32AM[0m [31mERR[0m [1mClone failed – skipping[0m [36merror=[0m[31m[1m"exec: \"git\": executable file not found in %PATH%"[0m[0m [36mrepo=[0mJosephatEze/k8s-helm-chart
[90m1:32AM[0m [32mINF[0m [1mProcessing repo[0m [36mrepo=[0mJoshua1476/CrewML [36mrepo_index=[0m372 [36mtotal_repos=[0m500
[90m1:32AM[0m [32mINF[0m [1mCloning (depth=1)[0m [36mdest=[0m"E:\\helm_clones_github\\Joshua1476__CrewML" [36mrepo=[0mhttps://github.com/Joshua1476/CrewML
[90m1:32AM[0m [31mERR[0m [1mClone failed – skipping[0m [36merror=[0m[31m[1m"exec: \"git\": executable file not found in %PATH%"[0m[0m [36mrepo=[0mJoshua1476/CrewML
[90m1:32AM[0m [32mINF[0m [1mProcessing repo[0m [36mrepo=[0mKHAEntertainment/rockchip-ai-stack [36mrepo_index=[0m373 [36mtotal_repos=[0m500
[90m1:32AM[0m [32mINF[0m [1mCloning (depth=1)[0m [36mdest=[0m"E:\\helm_clones_github\\KHAEntertainment__rockchip-ai-stack" [36mrepo=[0mhttps://github.com/KHAEntertainment/rockchip-ai-stack
[90m1:32AM[0m [31mERR[0m [1mClone failed – skipping[0m [36merror=[0m[31m[1m"exec: \"git\": executable file not found in %PATH%"[0m[0m [36mrepo=[0mKHAEntertainment/rockchip-ai-stack
[90m1:32AM[0m [32mINF[0m [1mProcessing repo[0m [36mrepo=[0mKhumainiShaik/dsl-for-helm-generation [36mrepo_index=[0m374 [36mtotal_repos=[0m500
[90m1:32AM[0m [32mINF[0m [1mCloning (depth=1)[0m [36mdest=[0m"E:\\helm_clones_github\\KhumainiShaik__dsl-for-helm-generation" [36mrepo=[0mhttps://github.com/KhumainiShaik/dsl-for-helm-generation
[90m1:32AM[0m [31mERR[0m [1mClone failed – skipping[0m [36merror=[0m[31m[1m"exec: \"git\": executable file not found in %PATH%"[0m[0m [36mrepo=[0mKhumainiShaik/dsl-for-helm-generation
[90m1:32AM[0m [32mINF[0m [1mProcessing repo[0m [36mrepo=[0mKommunikativCh/rancher-charts [36mrepo_index=[0m375 [36mtotal_repos=[0m500
[90m1:32AM[0m [32mINF[0m [1mCloning (depth=1)[0m [36mdest=[0m"E:\\helm_clones_github\\KommunikativCh__rancher-charts" [36mrepo=[0mhttps://github.com/KommunikativCh/rancher-charts
[90m1:32AM[0m [31mERR[0m [1mClone failed – skipping[0m [36merror=[0m[31m[1m"exec: \"git\": executable file not found in %PATH%"[0m[0m [36mrepo=[0mKommunikativCh/rancher-charts
[90m1:32AM[0m [32mINF[0m [1mProcessing repo[0m [36mrepo=[0mKripu77/helm-argocd [36mrepo_index=[0m376 [36mtotal_repos=[0m500
[90m1:32AM[0m [32mINF[0m [1mCloning (depth=1)[0m [36mdest=[0m"E:\\helm_clones_github\\Kripu77__helm-argocd" [36mrepo=[0mhttps://github.com/Kripu77/helm-argocd
[90m1:32AM[0m [31mERR[0m [1mClone failed – skipping[0m [36merror=[0m[31m[1m"exec: \"git\": executable file not found in %PATH%"[0m[0m [36mrepo=[0mKripu77/helm-argocd
[90m1:32AM[0m [32mINF[0m [1mProcessing repo[0m [36mrepo=[0mKripu77/ts-node-redis-sentinel-k8s-example [36mrepo_index=[0m377 [36mtotal_repos=[0m500
[90m1:32AM[0m [32mINF[0m [1mCloning (depth=1)[0m [36mdest=[0m"E:\\helm_clones_github\\Kripu77__ts-node-redis-sentinel-k8s-example" [36mrepo=[0mhttps://github.com/Kripu77/ts-node-redis-sentinel-k8s-example
[90m1:32AM[0m [31mERR[0m [1mClone failed – skipping[0m [36merror=[0m[31m[1m"exec: \"git\": executable file not found in %PATH%"[0m[0m [36mrepo=[0mKripu77/ts-node-redis-sentinel-k8s-example
[90m1:32AM[0m [32mINF[0m [1mProcessing repo[0m [36mrepo=[0mKuber-2024-10OTUS/klimenko-sergey_repo [36mrepo_index=[0m378 [36mtotal_repos=[0m500
[90m1:32AM[0m [32mINF[0m [1mCloning (depth=1)[0m [36mdest=[0m"E:\\helm_clones_github\\Kuber-2024-10OTUS__klimenko-sergey_repo" [36mrepo=[0mhttps://github.com/Kuber-2024-10OTUS/klimenko-sergey_repo
[90m1:32AM[0m [31mERR[0m [1mClone failed – skipping[0m [36merror=[0m[31m[1m"exec: \"git\": executable file not found in %PATH%"[0m[0m [36mrepo=[0mKuber-2024-10OTUS/klimenko-sergey_repo
[90m1:32AM[0m [32mINF[0m [1mProcessing repo[0m [36mrepo=[0mKuber-2025-04OTUS/Septolette_repo [36mrepo_index=[0m379 [36mtotal_repos=[0m500
[90m1:32AM[0m [32mINF[0m [1mCloning (depth=1)[0m [36mdest=[0m"E:\\helm_clones_github\\Kuber-2025-04OTUS__Septolette_repo" [36mrepo=[0mhttps://github.com/Kuber-2025-04OTUS/Septolette_repo
[90m1:32AM[0m [31mERR[0m [1mClone failed – skipping[0m [36merror=[0m[31m[1m"exec: \"git\": executable file not found in %PATH%"[0m[0m [36mrepo=[0mKuber-2025-04OTUS/Septolette_repo
[90m1:32AM[0m [32mINF[0m [1mProcessing repo[0m [36mrepo=[0mLBrinkmann/machine_culture_machines [36mrepo_index=[0m380 [36mtotal_repos=[0m500
[90m1:32AM[0m [32mINF[0m [1mCloning (depth=1)[0m [36mdest=[0m"E:\\helm_clones_github\\LBrinkmann__machine_culture_machines" [36mrepo=[0mhttps://github.com/LBrinkmann/machine_culture_machines
[90m1:32AM[0m [31mERR[0m [1mClone failed – skipping[0m [36merror=[0m[31m[1m"exec: \"git\": executable file not found in %PATH%"[0m[0m [36mrepo=[0mLBrinkmann/machine_culture_machines
[90m1:32AM[0m [32mINF[0m [1mProcessing repo[0m [36mrepo=[0mLMOrBits/slmops_infra [36mrepo_index=[0m381 [36mtotal_repos=[0m500
[90m1:32AM[0m [32mINF[0m [1mCloning (depth=1)[0m [36mdest=[0m"E:\\helm_clones_github\\LMOrBits__slmops_infra" [36mrepo=[0mhttps://github.com/LMOrBits/slmops_infra
[90m1:32AM[0m [31mERR[0m [1mClone failed – skipping[0m [36merror=[0m[31m[1m"exec: \"git\": executable file not found in %PATH%"[0m[0m [36mrepo=[0mLMOrBits/slmops_infra
[90m1:32AM[0m [32mINF[0m [1mProcessing repo[0m [36mrepo=[0mLeeLisker/helm [36mrepo_index=[0m382 [36mtotal_repos=[0m500
[90m1:32AM[0m [32mINF[0m [1mCloning (depth=1)[0m [36mdest=[0m"E:\\helm_clones_github\\LeeLisker__helm" [36mrepo=[0mhttps://github.com/LeeLisker/helm
[90m1:32AM[0m [31mERR[0m [1mClone failed – skipping[0m [36merror=[0m[31m[1m"exec: \"git\": executable file not found in %PATH%"[0m[0m [36mrepo=[0mLeeLisker/helm
[90m1:32AM[0m [32mINF[0m [1mProcessing repo[0m [36mrepo=[0mLive-Quiz-Project/Central-Backend [36mrepo_index=[0m383 [36mtotal_repos=[0m500
[90m1:32AM[0m [32mINF[0m [1mCloning (depth=1)[0m [36mdest=[0m"E:\\helm_clones_github\\Live-Quiz-Project__Central-Backend" [36mrepo=[0mhttps://github.com/Live-Quiz-Project/Central-Backend
[90m1:32AM[0m [31mERR[0m [1mClone failed – skipping[0m [36merror=[0m[31m[1m"exec: \"git\": executable file not found in %PATH%"[0m[0m [36mrepo=[0mLive-Quiz-Project/Central-Backend
[90m1:32AM[0m [32mINF[0m [1mProcessing repo[0m [36mrepo=[0mLoneExile/playground [36mrepo_index=[0m384 [36mtotal_repos=[0m500
[90m1:32AM[0m [32mINF[0m [1mCloning (depth=1)[0m [36mdest=[0m"E:\\helm_clones_github\\LoneExile__playground" [36mrepo=[0mhttps://github.com/LoneExile/playground
[90m1:32AM[0m [31mERR[0m [1mClone failed – skipping[0m [36merror=[0m[31m[1m"exec: \"git\": executable file not found in %PATH%"[0m[0m [36mrepo=[0mLoneExile/playground
[90m1:32AM[0m [32mINF[0m [1mProcessing repo[0m [36mrepo=[0mLuoLuann/e-commerce-es [36mrepo_index=[0m385 [36mtotal_repos=[0m500
[90m1:32AM[0m [32mINF[0m [1mCloning (depth=1)[0m [36mdest=[0m"E:\\helm_clones_github\\LuoLuann__e-commerce-es" [36mrepo=[0mhttps://github.com/LuoLuann/e-commerce-es
[90m1:32AM[0m [31mERR[0m [1mClone failed – skipping[0m [36merror=[0m[31m[1m"exec: \"git\": executable file not found in %PATH%"[0m[0m [36mrepo=[0mLuoLuann/e-commerce-es
[90m1:32AM[0m [32mINF[0m [1mProcessing repo[0m [36mrepo=[0mLuohao-Yan/Louis-dify-apps [36mrepo_index=[0m386 [36mtotal_repos=[0m500
[90m1:32AM[0m [32mINF[0m [1mCloning (depth=1)[0m [36mdest=[0m"E:\\helm_clones_github\\Luohao-Yan__Louis-dify-apps" [36mrepo=[0mhttps://github.com/Luohao-Yan/Louis-dify-apps
[90m1:32AM[0m [31mERR[0m [1mClone failed – skipping[0m [36merror=[0m[31m[1m"exec: \"git\": executable file not found in %PATH%"[0m[0m [36mrepo=[0mLuohao-Yan/Louis-dify-apps
[90m1:32AM[0m [32mINF[0m [1mProcessing repo[0m [36mrepo=[0mMMR-46org/payment [36mrepo_index=[0m387 [36mtotal_repos=[0m500
[90m1:32AM[0m [32mINF[0m [1mCloning (depth=1)[0m [36mdest=[0m"E:\\helm_clones_github\\MMR-46org__payment" [36mrepo=[0mhttps://github.com/MMR-46org/payment
[90m1:32AM[0m [31mERR[0m [1mClone failed – skipping[0m [36merror=[0m[31m[1m"exec: \"git\": executable file not found in %PATH%"[0m[0m [36mrepo=[0mMMR-46org/payment
[90m1:32AM[0m [32mINF[0m [1mProcessing repo[0m [36mrepo=[0mMUST-CLOUD/osh [36mrepo_index=[0m388 [36mtotal_repos=[0m500
[90m1:32AM[0m [32mINF[0m [1mCloning (depth=1)[0m [36mdest=[0m"E:\\helm_clones_github\\MUST-CLOUD__osh" [36mrepo=[0mhttps://github.com/MUST-CLOUD/osh
[90m1:32AM[0m [31mERR[0m [1mClone failed – skipping[0m [36merror=[0m[31m[1m"exec: \"git\": executable file not found in %PATH%"[0m[0m [36mrepo=[0mMUST-CLOUD/osh
[90m1:32AM[0m [32mINF[0m [1mProcessing repo[0m [36mrepo=[0mManuelDittmar/camunda-deployment [36mrepo_index=[0m389 [36mtotal_repos=[0m500
[90m1:32AM[0m [32mINF[0m [1mCloning (depth=1)[0m [36mdest=[0m"E:\\helm_clones_github\\ManuelDittmar__camunda-deployment" [36mrepo=[0mhttps://github.com/ManuelDittmar/camunda-deployment
[90m1:32AM[0m [31mERR[0m [1mClone failed – skipping[0m [36merror=[0m[31m[1m"exec: \"git\": executable file not found in %PATH%"[0m[0m [36mrepo=[0mManuelDittmar/camunda-deployment
[90m1:32AM[0m [32mINF[0m [1mProcessing repo[0m [36mrepo=[0mMark4562/Truenas-Scale [36mrepo_index=[0m390 [36mtotal_repos=[0m500
[90m1:32AM[0m [32mINF[0m [1mCloning (depth=1)[0m [36mdest=[0m"E:\\helm_clones_github\\Mark4562__Truenas-Scale" [36mrepo=[0mhttps://github.com/Mark4562/Truenas-Scale
[90m1:32AM[0m [31mERR[0m [1mClone failed – skipping[0m [36merror=[0m[31m[1m"exec: \"git\": executable file not found in %PATH%"[0m[0m [36mrepo=[0mMark4562/Truenas-Scale
[90m1:32AM[0m [32mINF[0m [1mProcessing repo[0m [36mrepo=[0mMartinMohan/docker-k8s [36mrepo_index=[0m391 [36mtotal_repos=[0m500
[90m1:32AM[0m [32mINF[0m [1mCloning (depth=1)[0m [36mdest=[0m"E:\\helm_clones_github\\MartinMohan__docker-k8s" [36mrepo=[0mhttps://github.com/MartinMohan/docker-k8s
[90m1:32AM[0m [31mERR[0m [1mClone failed – skipping[0m [36merror=[0m[31m[1m"exec: \"git\": executable file not found in %PATH%"[0m[0m [36mrepo=[0mMartinMohan/docker-k8s
[90m1:32AM[0m [32mINF[0m [1mProcessing repo[0m [36mrepo=[0mMdZaeed/omni_inte [36mrepo_index=[0m392 [36mtotal_repos=[0m500
[90m1:32AM[0m [32mINF[0m [1mCloning (depth=1)[0m [36mdest=[0m"E:\\helm_clones_github\\MdZaeed__omni_inte" [36mrepo=[0mhttps://github.com/MdZaeed/omni_inte
[90m1:32AM[0m [31mERR[0m [1mClone failed – skipping[0m [36merror=[0m[31m[1m"exec: \"git\": executable file not found in %PATH%"[0m[0m [36mrepo=[0mMdZaeed/omni_inte
[90m1:32AM[0m [32mINF[0m [1mProcessing repo[0m [36mrepo=[0mMiKeLFernandeZz/helm-charts [36mrepo_index=[0m393 [36mtotal_repos=[0m500
[90m1:32AM[0m [32mINF[0m [1mCloning (depth=1)[0m [36mdest=[0m"E:\\helm_clones_github\\MiKeLFernandeZz__helm-charts" [36mrepo=[0mhttps://github.com/MiKeLFernandeZz/helm-charts
[90m1:32AM[0m [31mERR[0m [1mClone failed – skipping[0m [36merror=[0m[31m[1m"exec: \"git\": executable file not found in %PATH%"[0m[0m [36mrepo=[0mMiKeLFernandeZz/helm-charts
[90m1:32AM[0m [32mINF[0m [1mProcessing repo[0m [36mrepo=[0mMikeDafi/Nielsen-Istio-POC [36mrepo_index=[0m394 [36mtotal_repos=[0m500
[90m1:32AM[0m [32mINF[0m [1mCloning (depth=1)[0m [36mdest=[0m"E:\\helm_clones_github\\MikeDafi__Nielsen-Istio-POC" [36mrepo=[0mhttps://github.com/MikeDafi/Nielsen-Istio-POC
[90m1:32AM[0m [31mERR[0m [1mClone failed – skipping[0m [36merror=[0m[31m[1m"exec: \"git\": executable file not found in %PATH%"[0m[0m [36mrepo=[0mMikeDafi/Nielsen-Istio-POC
[90m1:32AM[0m [32mINF[0m [1mProcessing repo[0m [36mrepo=[0mMinglong2012/OAIC_sch_dApp [36mrepo_index=[0m395 [36mtotal_repos=[0m500
[90m1:32AM[0m [32mINF[0m [1mCloning (depth=1)[0m [36mdest=[0m"E:\\helm_clones_github\\Minglong2012__OAIC_sch_dApp" [36mrepo=[0mhttps://github.com/Minglong2012/OAIC_sch_dApp
[90m1:32AM[0m [31mERR[0m [1mClone failed – skipping[0m [36merror=[0m[31m[1m"exec: \"git\": executable file not found in %PATH%"[0m[0m [36mrepo=[0mMinglong2012/OAIC_sch_dApp
[90m1:32AM[0m [32mINF[0m [1mProcessing repo[0m [36mrepo=[0mMirahImage/postfacto [36mrepo_index=[0m396 [36mtotal_repos=[0m500
[90m1:32AM[0m [32mINF[0m [1mCloning (depth=1)[0m [36mdest=[0m"E:\\helm_clones_github\\MirahImage__postfacto" [36mrepo=[0mhttps://github.com/MirahImage/postfacto
[90m1:32AM[0m [31mERR[0m [1mClone failed – skipping[0m [36merror=[0m[31m[1m"exec: \"git\": executable file not found in %PATH%"[0m[0m [36mrepo=[0mMirahImage/postfacto
[90m1:32AM[0m [32mINF[0m [1mProcessing repo[0m [36mrepo=[0mMirantis/magma-argocd-apps [36mrepo_index=[0m397 [36mtotal_repos=[0m500
[90m1:32AM[0m [32mINF[0m [1mCloning (depth=1)[0m [36mdest=[0m"E:\\helm_clones_github\\Mirantis__magma-argocd-apps" [36mrepo=[0mhttps://github.com/Mirantis/magma-argocd-apps
[90m1:32AM[0m [31mERR[0m [1mClone failed – skipping[0m [36merror=[0m[31m[1m"exec: \"git\": executable file not found in %PATH%"[0m[0m [36mrepo=[0mMirantis/magma-argocd-apps
[90m1:32AM[0m [32mINF[0m [1mProcessing repo[0m [36mrepo=[0mMoranDanino/docker-k8s [36mrepo_index=[0m398 [36mtotal_repos=[0m500
[90m1:32AM[0m [32mINF[0m [1mCloning (depth=1)[0m [36mdest=[0m"E:\\helm_clones_github\\MoranDanino__docker-k8s" [36mrepo=[0mhttps://github.com/MoranDanino/docker-k8s
[90m1:32AM[0m [31mERR[0m [1mClone failed – skipping[0m [36merror=[0m[31m[1m"exec: \"git\": executable file not found in %PATH%"[0m[0m [36mrepo=[0mMoranDanino/docker-k8s
[90m1:32AM[0m [32mINF[0m [1mProcessing repo[0m [36mrepo=[0mMrAmbiG/urlsafe [36mrepo_index=[0m399 [36mtotal_repos=[0m500
[90m1:32AM[0m [32mINF[0m [1mCloning (depth=1)[0m [36mdest=[0m"E:\\helm_clones_github\\MrAmbiG__urlsafe" [36mrepo=[0mhttps://github.com/MrAmbiG/urlsafe
[90m1:32AM[0m [31mERR[0m [1mClone failed – skipping[0m [36merror=[0m[31m[1m"exec: \"git\": executable file not found in %PATH%"[0m[0m [36mrepo=[0mMrAmbiG/urlsafe
[90m1:32AM[0m [32mINF[0m [1mProcessing repo[0m [36mrepo=[0mMrE-Fog/ks-installerff [36mrepo_index=[0m400 [36mtotal_repos=[0m500
[90m1:32AM[0m [32mINF[0m [1mCloning (depth=1)[0m [36mdest=[0m"E:\\helm_clones_github\\MrE-Fog__ks-installerff" [36mrepo=[0mhttps://github.com/MrE-Fog/ks-installerff
[90m1:32AM[0m [31mERR[0m [1mClone failed – skipping[0m [36merror=[0m[31m[1m"exec: \"git\": executable file not found in %PATH%"[0m[0m [36mrepo=[0mMrE-Fog/ks-installerff
[90m1:32AM[0m [32mINF[0m [1mProcessing repo[0m [36mrepo=[0mMustafakhn/forty4-aks-with-helm [36mrepo_index=[0m401 [36mtotal_repos=[0m500
[90m1:32AM[0m [32mINF[0m [1mCloning (depth=1)[0m [36mdest=[0m"E:\\helm_clones_github\\Mustafakhn__forty4-aks-with-helm" [36mrepo=[0mhttps://github.com/Mustafakhn/forty4-aks-with-helm
[90m1:32AM[0m [31mERR[0m [1mClone failed – skipping[0m [36merror=[0m[31m[1m"exec: \"git\": executable file not found in %PATH%"[0m[0m [36mrepo=[0mMustafakhn/forty4-aks-with-helm
[90m1:32AM[0m [32mINF[0m [1mProcessing repo[0m [36mrepo=[0mNagum0/misc-study [36mrepo_index=[0m402 [36mtotal_repos=[0m500
[90m1:32AM[0m [32mINF[0m [1mCloning (depth=1)[0m [36mdest=[0m"E:\\helm_clones_github\\Nagum0__misc-study" [36mrepo=[0mhttps://github.com/Nagum0/misc-study
[90m1:32AM[0m [31mERR[0m [1mClone failed – skipping[0m [36merror=[0m[31m[1m"exec: \"git\": executable file not found in %PATH%"[0m[0m [36mrepo=[0mNagum0/misc-study
[90m1:32AM[0m [32mINF[0m [1mProcessing repo[0m [36mrepo=[0mNiklasRosenstein/nyl [36mrepo_index=[0m403 [36mtotal_repos=[0m500
[90m1:32AM[0m [32mINF[0m [1mCloning (depth=1)[0m [36mdest=[0m"E:\\helm_clones_github\\NiklasRosenstein__nyl" [36mrepo=[0mhttps://github.com/NiklasRosenstein/nyl
[90m1:32AM[0m [31mERR[0m [1mClone failed – skipping[0m [36merror=[0m[31m[1m"exec: \"git\": executable file not found in %PATH%"[0m[0m [36mrepo=[0mNiklasRosenstein/nyl
[90m1:32AM[0m [32mINF[0m [1mProcessing repo[0m [36mrepo=[0mOdernor/hetzner-cloud [36mrepo_index=[0m404 [36mtotal_repos=[0m500
[90m1:32AM[0m [32mINF[0m [1mCloning (depth=1)[0m [36mdest=[0m"E:\\helm_clones_github\\Odernor__hetzner-cloud" [36mrepo=[0mhttps://github.com/Odernor/hetzner-cloud
[90m1:32AM[0m [31mERR[0m [1mClone failed – skipping[0m [36merror=[0m[31m[1m"exec: \"git\": executable file not found in %PATH%"[0m[0m [36mrepo=[0mOdernor/hetzner-cloud
[90m1:32AM[0m [32mINF[0m [1mProcessing repo[0m [36mrepo=[0mOlvBrn/ms_front-end [36mrepo_index=[0m405 [36mtotal_repos=[0m500
[90m1:32AM[0m [32mINF[0m [1mCloning (depth=1)[0m [36mdest=[0m"E:\\helm_clones_github\\OlvBrn__ms_front-end" [36mrepo=[0mhttps://github.com/OlvBrn/ms_front-end
[90m1:32AM[0m [31mERR[0m [1mClone failed – skipping[0m [36merror=[0m[31m[1m"exec: \"git\": executable file not found in %PATH%"[0m[0m [36mrepo=[0mOlvBrn/ms_front-end
[90m1:32AM[0m [32mINF[0m [1mProcessing repo[0m [36mrepo=[0mOnlineberatung/onlineBeratung-kubernetes-ops [36mrepo_index=[0m406 [36mtotal_repos=[0m500
[90m1:32AM[0m [32mINF[0m [1mCloning (depth=1)[0m [36mdest=[0m"E:\\helm_clones_github\\Onlineberatung__onlineBeratung-kubernetes-ops" [36mrepo=[0mhttps://github.com/Onlineberatung/onlineBeratung-kubernetes-ops
[90m1:32AM[0m [31mERR[0m [1mClone failed – skipping[0m [36merror=[0m[31m[1m"exec: \"git\": executable file not found in %PATH%"[0m[0m [36mrepo=[0mOnlineberatung/onlineBeratung-kubernetes-ops
[90m1:32AM[0m [32mINF[0m [1mProcessing repo[0m [36mrepo=[0mOpen-Source-Drilling-Community/GeodeticDatum [36mrepo_index=[0m407 [36mtotal_repos=[0m500
[90m1:32AM[0m [32mINF[0m [1mCloning (depth=1)[0m [36mdest=[0m"E:\\helm_clones_github\\Open-Source-Drilling-Community__GeodeticDatum" [36mrepo=[0mhttps://github.com/Open-Source-Drilling-Community/GeodeticDatum
[90m1:32AM[0m [31mERR[0m [1mClone failed – skipping[0m [36merror=[0m[31m[1m"exec: \"git\": executable file not found in %PATH%"[0m[0m [36mrepo=[0mOpen-Source-Drilling-Community/GeodeticDatum
[90m1:32AM[0m [32mINF[0m [1mProcessing repo[0m [36mrepo=[0mOremus-Labs/ol-kubernetes-cluster [36mrepo_index=[0m408 [36mtotal_repos=[0m500
[90m1:32AM[0m [32mINF[0m [1mCloning (depth=1)[0m [36mdest=[0m"E:\\helm_clones_github\\Oremus-Labs__ol-kubernetes-cluster" [36mrepo=[0mhttps://github.com/Oremus-Labs/ol-kubernetes-cluster
[90m1:32AM[0m [31mERR[0m [1mClone failed – skipping[0m [36merror=[0m[31m[1m"exec: \"git\": executable file not found in %PATH%"[0m[0m [36mrepo=[0mOremus-Labs/ol-kubernetes-cluster
[90m1:32AM[0m [32mINF[0m [1mProcessing repo[0m [36mrepo=[0mOtus-DevOps-2018-09/GidMaster_microservices [36mrepo_index=[0m409 [36mtotal_repos=[0m500
[90m1:32AM[0m [32mINF[0m [1mCloning (depth=1)[0m [36mdest=[0m"E:\\helm_clones_github\\Otus-DevOps-2018-09__GidMaster_microservices" [36mrepo=[0mhttps://github.com/Otus-DevOps-2018-09/GidMaster_microservices
[90m1:32AM[0m [31mERR[0m [1mClone failed – skipping[0m [36merror=[0m[31m[1m"exec: \"git\": executable file not found in %PATH%"[0m[0m [36mrepo=[0mOtus-DevOps-2018-09/GidMaster_microservices
[90m1:32AM[0m [32mINF[0m [1mProcessing repo[0m [36mrepo=[0mOtus-DevOps-2020-02/DmitryKorlas_microservices [36mrepo_index=[0m410 [36mtotal_repos=[0m500
[90m1:32AM[0m [32mINF[0m [1mCloning (depth=1)[0m [36mdest=[0m"E:\\helm_clones_github\\Otus-DevOps-2020-02__DmitryKorlas_microservices" [36mrepo=[0mhttps://github.com/Otus-DevOps-2020-02/DmitryKorlas_microservices
[90m1:32AM[0m [31mERR[0m [1mClone failed – skipping[0m [36merror=[0m[31m[1m"exec: \"git\": executable file not found in %PATH%"[0m[0m [36mrepo=[0mOtus-DevOps-2020-02/DmitryKorlas_microservices
[90m1:32AM[0m [32mINF[0m [1mProcessing repo[0m [36mrepo=[0mOtus-DevOps-2020-02/j10i2_microservices [36mrepo_index=[0m411 [36mtotal_repos=[0m500
[90m1:32AM[0m [32mINF[0m [1mCloning (depth=1)[0m [36mdest=[0m"E:\\helm_clones_github\\Otus-DevOps-2020-02__j10i2_microservices" [36mrepo=[0mhttps://github.com/Otus-DevOps-2020-02/j10i2_microservices
[90m1:32AM[0m [31mERR[0m [1mClone failed – skipping[0m [36merror=[0m[31m[1m"exec: \"git\": executable file not found in %PATH%"[0m[0m [36mrepo=[0mOtus-DevOps-2020-02/j10i2_microservices
[90m1:32AM[0m [32mINF[0m [1mProcessing repo[0m [36mrepo=[0mOtus-DevOps-2022-05/hatterfix_microservices [36mrepo_index=[0m412 [36mtotal_repos=[0m500
[90m1:32AM[0m [32mINF[0m [1mCloning (depth=1)[0m [36mdest=[0m"E:\\helm_clones_github\\Otus-DevOps-2022-05__hatterfix_microservices" [36mrepo=[0mhttps://github.com/Otus-DevOps-2022-05/hatterfix_microservices
[90m1:32AM[0m [31mERR[0m [1mClone failed – skipping[0m [36merror=[0m[31m[1m"exec: \"git\": executable file not found in %PATH%"[0m[0m [36mrepo=[0mOtus-DevOps-2022-05/hatterfix_microservices
[90m1:32AM[0m [32mINF[0m [1mProcessing repo[0m [36mrepo=[0mPASBarbari/Transcendence [36mrepo_index=[0m413 [36mtotal_repos=[0m500
[90m1:32AM[0m [32mINF[0m [1mCloning (depth=1)[0m [36mdest=[0m"E:\\helm_clones_github\\PASBarbari__Transcendence" [36mrepo=[0mhttps://github.com/PASBarbari/Transcendence
[90m1:32AM[0m [31mERR[0m [1mClone failed – skipping[0m [36merror=[0m[31m[1m"exec: \"git\": executable file not found in %PATH%"[0m[0m [36mrepo=[0mPASBarbari/Transcendence
[90m1:32AM[0m [32mINF[0m [1mProcessing repo[0m [36mrepo=[0mParkKyuIl/bluezone-map [36mrepo_index=[0m414 [36mtotal_repos=[0m500
[90m1:32AM[0m [32mINF[0m [1mCloning (depth=1)[0m [36mdest=[0m"E:\\helm_clones_github\\ParkKyuIl__bluezone-map" [36mrepo=[0mhttps://github.com/ParkKyuIl/bluezone-map
[90m1:32AM[0m [31mERR[0m [1mClone failed – skipping[0m [36merror=[0m[31m[1m"exec: \"git\": executable file not found in %PATH%"[0m[0m [36mrepo=[0mParkKyuIl/bluezone-map
[90m1:32AM[0m [32mINF[0m [1mProcessing repo[0m [36mrepo=[0mPaulJequann/the-lab [36mrepo_index=[0m415 [36mtotal_repos=[0m500
[90m1:32AM[0m [32mINF[0m [1mCloning (depth=1)[0m [36mdest=[0m"E:\\helm_clones_github\\PaulJequann__the-lab" [36mrepo=[0mhttps://github.com/PaulJequann/the-lab
[90m1:32AM[0m [31mERR[0m [1mClone failed – skipping[0m [36merror=[0m[31m[1m"exec: \"git\": executable file not found in %PATH%"[0m[0m [36mrepo=[0mPaulJequann/the-lab
[90m1:32AM[0m [32mINF[0m [1mProcessing repo[0m [36mrepo=[0mPerfect-Art-DOO/kcp-helm-charts [36mrepo_index=[0m416 [36mtotal_repos=[0m500
[90m1:32AM[0m [32mINF[0m [1mCloning (depth=1)[0m [36mdest=[0m"E:\\helm_clones_github\\Perfect-Art-DOO__kcp-helm-charts" [36mrepo=[0mhttps://github.com/Perfect-Art-DOO/kcp-helm-charts
[90m1:32AM[0m [31mERR[0m [1mClone failed – skipping[0m [36merror=[0m[31m[1m"exec: \"git\": executable file not found in %PATH%"[0m[0m [36mrepo=[0mPerfect-Art-DOO/kcp-helm-charts
[90m1:32AM[0m [32mINF[0m [1mProcessing repo[0m [36mrepo=[0mPiwriw/k8s_example_tools [36mrepo_index=[0m417 [36mtotal_repos=[0m500
[90m1:32AM[0m [32mINF[0m [1mCloning (depth=1)[0m [36mdest=[0m"E:\\helm_clones_github\\Piwriw__k8s_example_tools" [36mrepo=[0mhttps://github.com/Piwriw/k8s_example_tools
[90m1:32AM[0m [31mERR[0m [1mClone failed – skipping[0m [36merror=[0m[31m[1m"exec: \"git\": executable file not found in %PATH%"[0m[0m [36mrepo=[0mPiwriw/k8s_example_tools
[90m1:32AM[0m [32mINF[0m [1mProcessing repo[0m [36mrepo=[0mPr0fChen/Sock-Shop---Helm [36mrepo_index=[0m418 [36mtotal_repos=[0m500
[90m1:32AM[0m [32mINF[0m [1mCloning (depth=1)[0m [36mdest=[0m"E:\\helm_clones_github\\Pr0fChen__Sock-Shop---Helm" [36mrepo=[0mhttps://github.com/Pr0fChen/Sock-Shop---Helm
[90m1:32AM[0m [31mERR[0m [1mClone failed – skipping[0m [36merror=[0m[31m[1m"exec: \"git\": executable file not found in %PATH%"[0m[0m [36mrepo=[0mPr0fChen/Sock-Shop---Helm
[90m1:32AM[0m [32mINF[0m [1mProcessing repo[0m [36mrepo=[0mPullaPantangi/roboshop-k8s-26 [36mrepo_index=[0m419 [36mtotal_repos=[0m500
[90m1:32AM[0m [32mINF[0m [1mCloning (depth=1)[0m [36mdest=[0m"E:\\helm_clones_github\\PullaPantangi__roboshop-k8s-26" [36mrepo=[0mhttps://github.com/PullaPantangi/roboshop-k8s-26
[90m1:32AM[0m [31mERR[0m [1mClone failed – skipping[0m [36merror=[0m[31m[1m"exec: \"git\": executable file not found in %PATH%"[0m[0m [36mrepo=[0mPullaPantangi/roboshop-k8s-26
[90m1:32AM[0m [32mINF[0m [1mProcessing repo[0m [36mrepo=[0mQumulusTechnology/helm-charts [36mrepo_index=[0m420 [36mtotal_repos=[0m500
[90m1:32AM[0m [32mINF[0m [1mCloning (depth=1)[0m [36mdest=[0m"E:\\helm_clones_github\\QumulusTechnology__helm-charts" [36mrepo=[0mhttps://github.com/QumulusTechnology/helm-charts
[90m1:32AM[0m [31mERR[0m [1mClone failed – skipping[0m [36merror=[0m[31m[1m"exec: \"git\": executable file not found in %PATH%"[0m[0m [36mrepo=[0mQumulusTechnology/helm-charts
[90m1:32AM[0m [32mINF[0m [1mProcessing repo[0m [36mrepo=[0mRC6799/goddard-backend [36mrepo_index=[0m421 [36mtotal_repos=[0m500
[90m1:32AM[0m [32mINF[0m [1mCloning (depth=1)[0m [36mdest=[0m"E:\\helm_clones_github\\RC6799__goddard-backend" [36mrepo=[0mhttps://github.com/RC6799/goddard-backend
[90m1:32AM[0m [31mERR[0m [1mClone failed – skipping[0m [36merror=[0m[31m[1m"exec: \"git\": executable file not found in %PATH%"[0m[0m [36mrepo=[0mRC6799/goddard-backend
[90m1:32AM[0m [32mINF[0m [1mProcessing repo[0m [36mrepo=[0mRamkhushi/helm_git_repo [36mrepo_index=[0m422 [36mtotal_repos=[0m500
[90m1:32AM[0m [32mINF[0m [1mCloning (depth=1)[0m [36mdest=[0m"E:\\helm_clones_github\\Ramkhushi__helm_git_repo" [36mrepo=[0mhttps://github.com/Ramkhushi/helm_git_repo
[90m1:32AM[0m [31mERR[0m [1mClone failed – skipping[0m [36merror=[0m[31m[1m"exec: \"git\": executable file not found in %PATH%"[0m[0m [36mrepo=[0mRamkhushi/helm_git_repo
[90m1:32AM[0m [32mINF[0m [1mProcessing repo[0m [36mrepo=[0mRamkhushi/mygitrepo [36mrepo_index=[0m423 [36mtotal_repos=[0m500
[90m1:32AM[0m [32mINF[0m [1mCloning (depth=1)[0m [36mdest=[0m"E:\\helm_clones_github\\Ramkhushi__mygitrepo" [36mrepo=[0mhttps://github.com/Ramkhushi/mygitrepo
[90m1:32AM[0m [31mERR[0m [1mClone failed – skipping[0m [36merror=[0m[31m[1m"exec: \"git\": executable file not found in %PATH%"[0m[0m [36mrepo=[0mRamkhushi/mygitrepo
[90m1:32AM[0m [32mINF[0m [1mProcessing repo[0m [36mrepo=[0mRobertClarke64/k8s-homelab [36mrepo_index=[0m424 [36mtotal_repos=[0m500
[90m1:32AM[0m [32mINF[0m [1mCloning (depth=1)[0m [36mdest=[0m"E:\\helm_clones_github\\RobertClarke64__k8s-homelab" [36mrepo=[0mhttps://github.com/RobertClarke64/k8s-homelab
[90m1:32AM[0m [31mERR[0m [1mClone failed – skipping[0m [36merror=[0m[31m[1m"exec: \"git\": executable file not found in %PATH%"[0m[0m [36mrepo=[0mRobertClarke64/k8s-homelab
[90m1:32AM[0m [32mINF[0m [1mProcessing repo[0m [36mrepo=[0mSalazar-99/clusty-dusty [36mrepo_index=[0m425 [36mtotal_repos=[0m500
[90m1:32AM[0m [32mINF[0m [1mCloning (depth=1)[0m [36mdest=[0m"E:\\helm_clones_github\\Salazar-99__clusty-dusty" [36mrepo=[0mhttps://github.com/Salazar-99/clusty-dusty
[90m1:32AM[0m [31mERR[0m [1mClone failed – skipping[0m [36merror=[0m[31m[1m"exec: \"git\": executable file not found in %PATH%"[0m[0m [36mrepo=[0mSalazar-99/clusty-dusty
[90m1:32AM[0m [32mINF[0m [1mProcessing repo[0m [36mrepo=[0mSandwichApp-Otus-MA/BillingService [36mrepo_index=[0m426 [36mtotal_repos=[0m500
[90m1:32AM[0m [32mINF[0m [1mCloning (depth=1)[0m [36mdest=[0m"E:\\helm_clones_github\\SandwichApp-Otus-MA__BillingService" [36mrepo=[0mhttps://github.com/SandwichApp-Otus-MA/BillingService
[90m1:32AM[0m [31mERR[0m [1mClone failed – skipping[0m [36merror=[0m[31m[1m"exec: \"git\": executable file not found in %PATH%"[0m[0m [36mrepo=[0mSandwichApp-Otus-MA/BillingService
[90m1:32AM[0m [32mINF[0m [1mProcessing repo[0m [36mrepo=[0mSandwichApp-Otus-MA/OrderService [36mrepo_index=[0m427 [36mtotal_repos=[0m500
[90m1:32AM[0m [32mINF[0m [1mCloning (depth=1)[0m [36mdest=[0m"E:\\helm_clones_github\\SandwichApp-Otus-MA__OrderService" [36mrepo=[0mhttps://github.com/SandwichApp-Otus-MA/OrderService
[90m1:32AM[0m [31mERR[0m [1mClone failed – skipping[0m [36merror=[0m[31m[1m"exec: \"git\": executable file not found in %PATH%"[0m[0m [36mrepo=[0mSandwichApp-Otus-MA/OrderService
[90m1:32AM[0m [32mINF[0m [1mProcessing repo[0m [36mrepo=[0mShehbab-Kakkar/Docs [36mrepo_index=[0m428 [36mtotal_repos=[0m500
[90m1:32AM[0m [32mINF[0m [1mCloning (depth=1)[0m [36mdest=[0m"E:\\helm_clones_github\\Shehbab-Kakkar__Docs" [36mrepo=[0mhttps://github.com/Shehbab-Kakkar/Docs
[90m1:32AM[0m [31mERR[0m [1mClone failed – skipping[0m [36merror=[0m[31m[1m"exec: \"git\": executable file not found in %PATH%"[0m[0m [36mrepo=[0mShehbab-Kakkar/Docs
[90m1:32AM[0m [32mINF[0m [1mProcessing repo[0m [36mrepo=[0mSimonDiazAbad/cabr-nestjs [36mrepo_index=[0m429 [36mtotal_repos=[0m500
[90m1:32AM[0m [32mINF[0m [1mCloning (depth=1)[0m [36mdest=[0m"E:\\helm_clones_github\\SimonDiazAbad__cabr-nestjs" [36mrepo=[0mhttps://github.com/SimonDiazAbad/cabr-nestjs
[90m1:32AM[0m [31mERR[0m [1mClone failed – skipping[0m [36merror=[0m[31m[1m"exec: \"git\": executable file not found in %PATH%"[0m[0m [36mrepo=[0mSimonDiazAbad/cabr-nestjs
[90m1:32AM[0m [32mINF[0m [1mProcessing repo[0m [36mrepo=[0mSirObi/airflow_k8s_executor [36mrepo_index=[0m430 [36mtotal_repos=[0m500
[90m1:32AM[0m [32mINF[0m [1mCloning (depth=1)[0m [36mdest=[0m"E:\\helm_clones_github\\SirObi__airflow_k8s_executor" [36mrepo=[0mhttps://github.com/SirObi/airflow_k8s_executor
[90m1:32AM[0m [31mERR[0m [1mClone failed – skipping[0m [36merror=[0m[31m[1m"exec: \"git\": executable file not found in %PATH%"[0m[0m [36mrepo=[0mSirObi/airflow_k8s_executor
[90m1:32AM[0m [32mINF[0m [1mProcessing repo[0m [36mrepo=[0mStrahilPeykov/stayhub [36mrepo_index=[0m431 [36mtotal_repos=[0m500
[90m1:32AM[0m [32mINF[0m [1mCloning (depth=1)[0m [36mdest=[0m"E:\\helm_clones_github\\StrahilPeykov__stayhub" [36mrepo=[0mhttps://github.com/StrahilPeykov/stayhub
[90m1:32AM[0m [31mERR[0m [1mClone failed – skipping[0m [36merror=[0m[31m[1m"exec: \"git\": executable file not found in %PATH%"[0m[0m [36mrepo=[0mStrahilPeykov/stayhub
[90m1:32AM[0m [32mINF[0m [1mProcessing repo[0m [36mrepo=[0mSubhagatoadak/ArchiPatterns [36mrepo_index=[0m432 [36mtotal_repos=[0m500
[90m1:32AM[0m [32mINF[0m [1mCloning (depth=1)[0m [36mdest=[0m"E:\\helm_clones_github\\Subhagatoadak__ArchiPatterns" [36mrepo=[0mhttps://github.com/Subhagatoadak/ArchiPatterns
[90m1:32AM[0m [31mERR[0m [1mClone failed – skipping[0m [36merror=[0m[31m[1m"exec: \"git\": executable file not found in %PATH%"[0m[0m [36mrepo=[0mSubhagatoadak/ArchiPatterns
[90m1:32AM[0m [32mINF[0m [1mProcessing repo[0m [36mrepo=[0mSubhamPramanik/es-helm-charts [36mrepo_index=[0m433 [36mtotal_repos=[0m500
[90m1:32AM[0m [32mINF[0m [1mCloning (depth=1)[0m [36mdest=[0m"E:\\helm_clones_github\\SubhamPramanik__es-helm-charts" [36mrepo=[0mhttps://github.com/SubhamPramanik/es-helm-charts
[90m1:32AM[0m [31mERR[0m [1mClone failed – skipping[0m [36merror=[0m[31m[1m"exec: \"git\": executable file not found in %PATH%"[0m[0m [36mrepo=[0mSubhamPramanik/es-helm-charts
[90m1:32AM[0m [32mINF[0m [1mProcessing repo[0m [36mrepo=[0mSuite5/bitnami-helm-charts [36mrepo_index=[0m434 [36mtotal_repos=[0m500
[90m1:32AM[0m [32mINF[0m [1mCloning (depth=1)[0m [36mdest=[0m"E:\\helm_clones_github\\Suite5__bitnami-helm-charts" [36mrepo=[0mhttps://github.com/Suite5/bitnami-helm-charts
[90m1:32AM[0m [31mERR[0m [1mClone failed – skipping[0m [36merror=[0m[31m[1m"exec: \"git\": executable file not found in %PATH%"[0m[0m [36mrepo=[0mSuite5/bitnami-helm-charts
[90m1:32AM[0m [32mINF[0m [1mProcessing repo[0m [36mrepo=[0mSupportTools/GoSQLGuard [36mrepo_index=[0m435 [36mtotal_repos=[0m500
[90m1:32AM[0m [32mINF[0m [1mCloning (depth=1)[0m [36mdest=[0m"E:\\helm_clones_github\\SupportTools__GoSQLGuard" [36mrepo=[0mhttps://github.com/SupportTools/GoSQLGuard
[90m1:32AM[0m [31mERR[0m [1mClone failed – skipping[0m [36merror=[0m[31m[1m"exec: \"git\": executable file not found in %PATH%"[0m[0m [36mrepo=[0mSupportTools/GoSQLGuard
[90m1:32AM[0m [32mINF[0m [1mProcessing repo[0m [36mrepo=[0mSupportTools/KubeCertWatch [36mrepo_index=[0m436 [36mtotal_repos=[0m500
[90m1:32AM[0m [32mINF[0m [1mCloning (depth=1)[0m [36mdest=[0m"E:\\helm_clones_github\\SupportTools__KubeCertWatch" [36mrepo=[0mhttps://github.com/SupportTools/KubeCertWatch
[90m1:32AM[0m [31mERR[0m [1mClone failed – skipping[0m [36merror=[0m[31m[1m"exec: \"git\": executable file not found in %PATH%"[0m[0m [36mrepo=[0mSupportTools/KubeCertWatch
[90m1:32AM[0m [32mINF[0m [1mProcessing repo[0m [36mrepo=[0mSupportTools/ReflowIngressLogs [36mrepo_index=[0m437 [36mtotal_repos=[0m500
[90m1:32AM[0m [32mINF[0m [1mCloning (depth=1)[0m [36mdest=[0m"E:\\helm_clones_github\\SupportTools__ReflowIngressLogs" [36mrepo=[0mhttps://github.com/SupportTools/ReflowIngressLogs
[90m1:32AM[0m [31mERR[0m [1mClone failed – skipping[0m [36merror=[0m[31m[1m"exec: \"git\": executable file not found in %PATH%"[0m[0m [36mrepo=[0mSupportTools/ReflowIngressLogs
[90m1:32AM[0m [32mINF[0m [1mProcessing repo[0m [36mrepo=[0mSystemConsultantGroup/SCG-Monitoring-Config [36mrepo_index=[0m438 [36mtotal_repos=[0m500
[90m1:32AM[0m [32mINF[0m [1mCloning (depth=1)[0m [36mdest=[0m"E:\\helm_clones_github\\SystemConsultantGroup__SCG-Monitoring-Config" [36mrepo=[0mhttps://github.com/SystemConsultantGroup/SCG-Monitoring-Config
[90m1:32AM[0m [31mERR[0m [1mClone failed – skipping[0m [36merror=[0m[31m[1m"exec: \"git\": executable file not found in %PATH%"[0m[0m [36mrepo=[0mSystemConsultantGroup/SCG-Monitoring-Config
[90m1:32AM[0m [32mINF[0m [1mProcessing repo[0m [36mrepo=[0mTVN-Quang/istio [36mrepo_index=[0m439 [36mtotal_repos=[0m500
[90m1:32AM[0m [32mINF[0m [1mCloning (depth=1)[0m [36mdest=[0m"E:\\helm_clones_github\\TVN-Quang__istio" [36mrepo=[0mhttps://github.com/TVN-Quang/istio
[90m1:32AM[0m [31mERR[0m [1mClone failed – skipping[0m [36merror=[0m[31m[1m"exec: \"git\": executable file not found in %PATH%"[0m[0m [36mrepo=[0mTVN-Quang/istio
[90m1:32AM[0m [32mINF[0m [1mProcessing repo[0m [36mrepo=[0mTheRegent/rickandmorty [36mrepo_index=[0m440 [36mtotal_repos=[0m500
[90m1:32AM[0m [32mINF[0m [1mCloning (depth=1)[0m [36mdest=[0m"E:\\helm_clones_github\\TheRegent__rickandmorty" [36mrepo=[0mhttps://github.com/TheRegent/rickandmorty
[90m1:32AM[0m [31mERR[0m [1mClone failed – skipping[0m [36merror=[0m[31m[1m"exec: \"git\": executable file not found in %PATH%"[0m[0m [36mrepo=[0mTheRegent/rickandmorty
[90m1:32AM[0m [32mINF[0m [1mProcessing repo[0m [36mrepo=[0mThiru152003/jaeger [36mrepo_index=[0m441 [36mtotal_repos=[0m500
[90m1:32AM[0m [32mINF[0m [1mCloning (depth=1)[0m [36mdest=[0m"E:\\helm_clones_github\\Thiru152003__jaeger" [36mrepo=[0mhttps://github.com/Thiru152003/jaeger
[90m1:32AM[0m [31mERR[0m [1mClone failed – skipping[0m [36merror=[0m[31m[1m"exec: \"git\": executable file not found in %PATH%"[0m[0m [36mrepo=[0mThiru152003/jaeger
[90m1:32AM[0m [32mINF[0m [1mProcessing repo[0m [36mrepo=[0mUMAR15071/Cloud_DataCenters_Labs [36mrepo_index=[0m442 [36mtotal_repos=[0m500
[90m1:32AM[0m [32mINF[0m [1mCloning (depth=1)[0m [36mdest=[0m"E:\\helm_clones_github\\UMAR15071__Cloud_DataCenters_Labs" [36mrepo=[0mhttps://github.com/UMAR15071/Cloud_DataCenters_Labs
[90m1:32AM[0m [31mERR[0m [1mClone failed – skipping[0m [36merror=[0m[31m[1m"exec: \"git\": executable file not found in %PATH%"[0m[0m [36mrepo=[0mUMAR15071/Cloud_DataCenters_Labs
[90m1:32AM[0m [32mINF[0m [1mProcessing repo[0m [36mrepo=[0mUPHRH-platform/sb-devops [36mrepo_index=[0m443 [36mtotal_repos=[0m500
[90m1:32AM[0m [32mINF[0m [1mCloning (depth=1)[0m [36mdest=[0m"E:\\helm_clones_github\\UPHRH-platform__sb-devops" [36mrepo=[0mhttps://github.com/UPHRH-platform/sb-devops
[90m1:32AM[0m [31mERR[0m [1mClone failed – skipping[0m [36merror=[0m[31m[1m"exec: \"git\": executable file not found in %PATH%"[0m[0m [36mrepo=[0mUPHRH-platform/sb-devops
[90m1:32AM[0m [32mINF[0m [1mProcessing repo[0m [36mrepo=[0mVHlushchen/slack-notif [36mrepo_index=[0m444 [36mtotal_repos=[0m500
[90m1:32AM[0m [32mINF[0m [1mCloning (depth=1)[0m [36mdest=[0m"E:\\helm_clones_github\\VHlushchen__slack-notif" [36mrepo=[0mhttps://github.com/VHlushchen/slack-notif
[90m1:32AM[0m [31mERR[0m [1mClone failed – skipping[0m [36merror=[0m[31m[1m"exec: \"git\": executable file not found in %PATH%"[0m[0m [36mrepo=[0mVHlushchen/slack-notif
[90m1:32AM[0m [32mINF[0m [1mProcessing repo[0m [36mrepo=[0mVajiraPrabuddhaka/choreo-opensource-dp-helm-chart [36mrepo_index=[0m445 [36mtotal_repos=[0m500
[90m1:32AM[0m [32mINF[0m [1mCloning (depth=1)[0m [36mdest=[0m"E:\\helm_clones_github\\VajiraPrabuddhaka__choreo-opensource-dp-helm-chart" [36mrepo=[0mhttps://github.com/VajiraPrabuddhaka/choreo-opensource-dp-helm-chart
[90m1:32AM[0m [31mERR[0m [1mClone failed – skipping[0m [36merror=[0m[31m[1m"exec: \"git\": executable file not found in %PATH%"[0m[0m [36mrepo=[0mVajiraPrabuddhaka/choreo-opensource-dp-helm-chart
[90m1:32AM[0m [32mINF[0m [1mProcessing repo[0m [36mrepo=[0mValeriiVasianovych/argocd-kubernetes-infrastructure [36mrepo_index=[0m446 [36mtotal_repos=[0m500
[90m1:32AM[0m [32mINF[0m [1mCloning (depth=1)[0m [36mdest=[0m"E:\\helm_clones_github\\ValeriiVasianovych__argocd-kubernetes-infrastructure" [36mrepo=[0mhttps://github.com/ValeriiVasianovych/argocd-kubernetes-infrastructure
[90m1:32AM[0m [31mERR[0m [1mClone failed – skipping[0m [36merror=[0m[31m[1m"exec: \"git\": executable file not found in %PATH%"[0m[0m [36mrepo=[0mValeriiVasianovych/argocd-kubernetes-infrastructure
[90m1:32AM[0m [32mINF[0m [1mProcessing repo[0m [36mrepo=[0mVeronneau-Techno-Conseil/comax-commons [36mrepo_index=[0m447 [36mtotal_repos=[0m500
[90m1:32AM[0m [32mINF[0m [1mCloning (depth=1)[0m [36mdest=[0m"E:\\helm_clones_github\\Veronneau-Techno-Conseil__comax-commons" [36mrepo=[0mhttps://github.com/Veronneau-Techno-Conseil/comax-commons
[90m1:32AM[0m [31mERR[0m [1mClone failed – skipping[0m [36merror=[0m[31m[1m"exec: \"git\": executable file not found in %PATH%"[0m[0m [36mrepo=[0mVeronneau-Techno-Conseil/comax-commons
[90m1:32AM[0m [32mINF[0m [1mProcessing repo[0m [36mrepo=[0mVollcomDigital/drupal-boilerplate [36mrepo_index=[0m448 [36mtotal_repos=[0m500
[90m1:32AM[0m [32mINF[0m [1mCloning (depth=1)[0m [36mdest=[0m"E:\\helm_clones_github\\VollcomDigital__drupal-boilerplate" [36mrepo=[0mhttps://github.com/VollcomDigital/drupal-boilerplate
[90m1:32AM[0m [31mERR[0m [1mClone failed – skipping[0m [36merror=[0m[31m[1m"exec: \"git\": executable file not found in %PATH%"[0m[0m [36mrepo=[0mVollcomDigital/drupal-boilerplate
[90m1:32AM[0m [32mINF[0m [1mProcessing repo[0m [36mrepo=[0mWhizUs/pr-review-meetup [36mrepo_index=[0m449 [36mtotal_repos=[0m500
[90m1:32AM[0m [32mINF[0m [1mCloning (depth=1)[0m [36mdest=[0m"E:\\helm_clones_github\\WhizUs__pr-review-meetup" [36mrepo=[0mhttps://github.com/WhizUs/pr-review-meetup
[90m1:32AM[0m [31mERR[0m [1mClone failed – skipping[0m [36merror=[0m[31m[1m"exec: \"git\": executable file not found in %PATH%"[0m[0m [36mrepo=[0mWhizUs/pr-review-meetup
[90m1:32AM[0m [32mINF[0m [1mProcessing repo[0m [36mrepo=[0mYuzu815/TruenasScaleArchive [36mrepo_index=[0m450 [36mtotal_repos=[0m500
[90m1:32AM[0m [32mINF[0m [1mCloning (depth=1)[0m [36mdest=[0m"E:\\helm_clones_github\\Yuzu815__TruenasScaleArchive" [36mrepo=[0mhttps://github.com/Yuzu815/TruenasScaleArchive
[90m1:32AM[0m [31mERR[0m [1mClone failed – skipping[0m [36merror=[0m[31m[1m"exec: \"git\": executable file not found in %PATH%"[0m[0m [36mrepo=[0mYuzu815/TruenasScaleArchive
[90m1:32AM[0m [32mINF[0m [1mProcessing repo[0m [36mrepo=[0mabaid-khalid/argo-applications [36mrepo_index=[0m451 [36mtotal_repos=[0m500
[90m1:32AM[0m [32mINF[0m [1mCloning (depth=1)[0m [36mdest=[0m"E:\\helm_clones_github\\abaid-khalid__argo-applications" [36mrepo=[0mhttps://github.com/abaid-khalid/argo-applications
[90m1:32AM[0m [31mERR[0m [1mClone failed – skipping[0m [36merror=[0m[31m[1m"exec: \"git\": executable file not found in %PATH%"[0m[0m [36mrepo=[0mabaid-khalid/argo-applications
[90m1:32AM[0m [32mINF[0m [1mProcessing repo[0m [36mrepo=[0mabhilashindulkar/misc [36mrepo_index=[0m452 [36mtotal_repos=[0m500
[90m1:32AM[0m [32mINF[0m [1mCloning (depth=1)[0m [36mdest=[0m"E:\\helm_clones_github\\abhilashindulkar__misc" [36mrepo=[0mhttps://github.com/abhilashindulkar/misc
[90m1:32AM[0m [31mERR[0m [1mClone failed – skipping[0m [36merror=[0m[31m[1m"exec: \"git\": executable file not found in %PATH%"[0m[0m [36mrepo=[0mabhilashindulkar/misc
[90m1:32AM[0m [32mINF[0m [1mProcessing repo[0m [36mrepo=[0mabhitall/helm-enterprise-template [36mrepo_index=[0m453 [36mtotal_repos=[0m500
[90m1:32AM[0m [32mINF[0m [1mCloning (depth=1)[0m [36mdest=[0m"E:\\helm_clones_github\\abhitall__helm-enterprise-template" [36mrepo=[0mhttps://github.com/abhitall/helm-enterprise-template
[90m1:32AM[0m [31mERR[0m [1mClone failed – skipping[0m [36merror=[0m[31m[1m"exec: \"git\": executable file not found in %PATH%"[0m[0m [36mrepo=[0mabhitall/helm-enterprise-template
[90m1:32AM[0m [32mINF[0m [1mProcessing repo[0m [36mrepo=[0mabhithakur2/injiweb_Sunbird_RC [36mrepo_index=[0m454 [36mtotal_repos=[0m500
[90m1:32AM[0m [32mINF[0m [1mCloning (depth=1)[0m [36mdest=[0m"E:\\helm_clones_github\\abhithakur2__injiweb_Sunbird_RC" [36mrepo=[0mhttps://github.com/abhithakur2/injiweb_Sunbird_RC
[90m1:32AM[0m [31mERR[0m [1mClone failed – skipping[0m [36merror=[0m[31m[1m"exec: \"git\": executable file not found in %PATH%"[0m[0m [36mrepo=[0mabhithakur2/injiweb_Sunbird_RC
[90m1:32AM[0m [32mINF[0m [1mProcessing repo[0m [36mrepo=[0mabimaelrsergio/Abimoney [36mrepo_index=[0m455 [36mtotal_repos=[0m500
[90m1:32AM[0m [32mINF[0m [1mCloning (depth=1)[0m [36mdest=[0m"E:\\helm_clones_github\\abimaelrsergio__Abimoney" [36mrepo=[0mhttps://github.com/abimaelrsergio/Abimoney
[90m1:32AM[0m [31mERR[0m [1mClone failed – skipping[0m [36merror=[0m[31m[1m"exec: \"git\": executable file not found in %PATH%"[0m[0m [36mrepo=[0mabimaelrsergio/Abimoney
[90m1:32AM[0m [32mINF[0m [1mProcessing repo[0m [36mrepo=[0maccelerated-containers/helm-charts [36mrepo_index=[0m456 [36mtotal_repos=[0m500
[90m1:32AM[0m [32mINF[0m [1mCloning (depth=1)[0m [36mdest=[0m"E:\\helm_clones_github\\accelerated-containers__helm-charts" [36mrepo=[0mhttps://github.com/accelerated-containers/helm-charts
[90m1:32AM[0m [31mERR[0m [1mClone failed – skipping[0m [36merror=[0m[31m[1m"exec: \"git\": executable file not found in %PATH%"[0m[0m [36mrepo=[0maccelerated-containers/helm-charts
[90m1:32AM[0m [32mINF[0m [1mProcessing repo[0m [36mrepo=[0mactions-marketplace-validations/Azure_kwok [36mrepo_index=[0m457 [36mtotal_repos=[0m500
[90m1:32AM[0m [32mINF[0m [1mCloning (depth=1)[0m [36mdest=[0m"E:\\helm_clones_github\\actions-marketplace-validations__Azure_kwok" [36mrepo=[0mhttps://github.com/actions-marketplace-validations/Azure_kwok
[90m1:32AM[0m [31mERR[0m [1mClone failed – skipping[0m [36merror=[0m[31m[1m"exec: \"git\": executable file not found in %PATH%"[0m[0m [36mrepo=[0mactions-marketplace-validations/Azure_kwok
[90m1:32AM[0m [32mINF[0m [1mProcessing repo[0m [36mrepo=[0madityavs/containerized-microservices-pipeline-service [36mrepo_index=[0m458 [36mtotal_repos=[0m500
[90m1:32AM[0m [32mINF[0m [1mCloning (depth=1)[0m [36mdest=[0m"E:\\helm_clones_github\\adityavs__containerized-microservices-pipeline-service" [36mrepo=[0mhttps://github.com/adityavs/containerized-microservices-pipeline-service
[90m1:32AM[0m [31mERR[0m [1mClone failed – skipping[0m [36merror=[0m[31m[1m"exec: \"git\": executable file not found in %PATH%"[0m[0m [36mrepo=[0madityavs/containerized-microservices-pipeline-service
[90m1:32AM[0m [32mINF[0m [1mProcessing repo[0m [36mrepo=[0madkumar1/dummy-clearing-house [36mrepo_index=[0m459 [36mtotal_repos=[0m500
[90m1:32AM[0m [32mINF[0m [1mCloning (depth=1)[0m [36mdest=[0m"E:\\helm_clones_github\\adkumar1__dummy-clearing-house" [36mrepo=[0mhttps://github.com/adkumar1/dummy-clearing-house
[90m1:32AM[0m [31mERR[0m [1mClone failed – skipping[0m [36merror=[0m[31m[1m"exec: \"git\": executable file not found in %PATH%"[0m[0m [36mrepo=[0madkumar1/dummy-clearing-house
[90m1:32AM[0m [32mINF[0m [1mProcessing repo[0m [36mrepo=[0maemneina/testcatalog [36mrepo_index=[0m460 [36mtotal_repos=[0m500
[90m1:32AM[0m [32mINF[0m [1mCloning (depth=1)[0m [36mdest=[0m"E:\\helm_clones_github\\aemneina__testcatalog" [36mrepo=[0mhttps://github.com/aemneina/testcatalog
[90m1:32AM[0m [31mERR[0m [1mClone failed – skipping[0m [36merror=[0m[31m[1m"exec: \"git\": executable file not found in %PATH%"[0m[0m [36mrepo=[0maemneina/testcatalog
[90m1:32AM[0m [32mINF[0m [1mProcessing repo[0m [36mrepo=[0mahadalichowdhury/free-tier-frontend [36mrepo_index=[0m461 [36mtotal_repos=[0m500
[90m1:32AM[0m [32mINF[0m [1mCloning (depth=1)[0m [36mdest=[0m"E:\\helm_clones_github\\ahadalichowdhury__free-tier-frontend" [36mrepo=[0mhttps://github.com/ahadalichowdhury/free-tier-frontend
[90m1:32AM[0m [31mERR[0m [1mClone failed – skipping[0m [36merror=[0m[31m[1m"exec: \"git\": executable file not found in %PATH%"[0m[0m [36mrepo=[0mahadalichowdhury/free-tier-frontend
[90m1:32AM[0m [32mINF[0m [1mProcessing repo[0m [36mrepo=[0maicanhelp/ai-cloud [36mrepo_index=[0m462 [36mtotal_repos=[0m500
[90m1:32AM[0m [32mINF[0m [1mCloning (depth=1)[0m [36mdest=[0m"E:\\helm_clones_github\\aicanhelp__ai-cloud" [36mrepo=[0mhttps://github.com/aicanhelp/ai-cloud
[90m1:32AM[0m [31mERR[0m [1mClone failed – skipping[0m [36merror=[0m[31m[1m"exec: \"git\": executable file not found in %PATH%"[0m[0m [36mrepo=[0maicanhelp/ai-cloud
[90m1:32AM[0m [32mINF[0m [1mProcessing repo[0m [36mrepo=[0maicanhelp/ai-dataframe [36mrepo_index=[0m463 [36mtotal_repos=[0m500
[90m1:32AM[0m [32mINF[0m [1mCloning (depth=1)[0m [36mdest=[0m"E:\\helm_clones_github\\aicanhelp__ai-dataframe" [36mrepo=[0mhttps://github.com/aicanhelp/ai-dataframe
[90m1:32AM[0m [31mERR[0m [1mClone failed – skipping[0m [36merror=[0m[31m[1m"exec: \"git\": executable file not found in %PATH%"[0m[0m [36mrepo=[0maicanhelp/ai-dataframe
[90m1:32AM[0m [32mINF[0m [1mProcessing repo[0m [36mrepo=[0makraino-edge-stack/iec-xconnect [36mrepo_index=[0m464 [36mtotal_repos=[0m500
[90m1:32AM[0m [32mINF[0m [1mCloning (depth=1)[0m [36mdest=[0m"E:\\helm_clones_github\\akraino-edge-stack__iec-xconnect" [36mrepo=[0mhttps://github.com/akraino-edge-stack/iec-xconnect
[90m1:32AM[0m [31mERR[0m [1mClone failed – skipping[0m [36merror=[0m[31m[1m"exec: \"git\": executable file not found in %PATH%"[0m[0m [36mrepo=[0makraino-edge-stack/iec-xconnect
[90m1:32AM[0m [32mINF[0m [1mProcessing repo[0m [36mrepo=[0makv-akv/de_research [36mrepo_index=[0m465 [36mtotal_repos=[0m500
[90m1:32AM[0m [32mINF[0m [1mCloning (depth=1)[0m [36mdest=[0m"E:\\helm_clones_github\\akv-akv__de_research" [36mrepo=[0mhttps://github.com/akv-akv/de_research
[90m1:32AM[0m [31mERR[0m [1mClone failed – skipping[0m [36merror=[0m[31m[1m"exec: \"git\": executable file not found in %PATH%"[0m[0m [36mrepo=[0makv-akv/de_research
[90m1:32AM[0m [32mINF[0m [1mProcessing repo[0m [36mrepo=[0malb3rtobr/geode-cloudnative-wan-replication [36mrepo_index=[0m466 [36mtotal_repos=[0m500
[90m1:32AM[0m [32mINF[0m [1mCloning (depth=1)[0m [36mdest=[0m"E:\\helm_clones_github\\alb3rtobr__geode-cloudnative-wan-replication" [36mrepo=[0mhttps://github.com/alb3rtobr/geode-cloudnative-wan-replication
[90m1:32AM[0m [31mERR[0m [1mClone failed – skipping[0m [36merror=[0m[31m[1m"exec: \"git\": executable file not found in %PATH%"[0m[0m [36mrepo=[0malb3rtobr/geode-cloudnative-wan-replication
[90m1:32AM[0m [32mINF[0m [1mProcessing repo[0m [36mrepo=[0maliartiza75/flask-backend-application [36mrepo_index=[0m467 [36mtotal_repos=[0m500
[90m1:32AM[0m [32mINF[0m [1mCloning (depth=1)[0m [36mdest=[0m"E:\\helm_clones_github\\aliartiza75__flask-backend-application" [36mrepo=[0mhttps://github.com/aliartiza75/flask-backend-application
[90m1:32AM[0m [31mERR[0m [1mClone failed – skipping[0m [36merror=[0m[31m[1m"exec: \"git\": executable file not found in %PATH%"[0m[0m [36mrepo=[0maliartiza75/flask-backend-application
[90m1:32AM[0m [32mINF[0m [1mProcessing repo[0m [36mrepo=[0malirionx/helm-charts [36mrepo_index=[0m468 [36mtotal_repos=[0m500
[90m1:32AM[0m [32mINF[0m [1mCloning (depth=1)[0m [36mdest=[0m"E:\\helm_clones_github\\alirionx__helm-charts" [36mrepo=[0mhttps://github.com/alirionx/helm-charts
[90m1:32AM[0m [31mERR[0m [1mClone failed – skipping[0m [36merror=[0m[31m[1m"exec: \"git\": executable file not found in %PATH%"[0m[0m [36mrepo=[0malirionx/helm-charts
[90m1:32AM[0m [32mINF[0m [1mProcessing repo[0m [36mrepo=[0malnav3/argocd-charts [36mrepo_index=[0m469 [36mtotal_repos=[0m500
[90m1:32AM[0m [32mINF[0m [1mCloning (depth=1)[0m [36mdest=[0m"E:\\helm_clones_github\\alnav3__argocd-charts" [36mrepo=[0mhttps://github.com/alnav3/argocd-charts
[90m1:32AM[0m [31mERR[0m [1mClone failed – skipping[0m [36merror=[0m[31m[1m"exec: \"git\": executable file not found in %PATH%"[0m[0m [36mrepo=[0malnav3/argocd-charts
[90m1:32AM[0m [32mINF[0m [1mProcessing repo[0m [36mrepo=[0mamitvashisttech/docker-k8s-EY-E-02-Dec-2024 [36mrepo_index=[0m470 [36mtotal_repos=[0m500
[90m1:32AM[0m [32mINF[0m [1mCloning (depth=1)[0m [36mdest=[0m"E:\\helm_clones_github\\amitvashisttech__docker-k8s-EY-E-02-Dec-2024" [36mrepo=[0mhttps://github.com/amitvashisttech/docker-k8s-EY-E-02-Dec-2024
[90m1:32AM[0m [31mERR[0m [1mClone failed – skipping[0m [36merror=[0m[31m[1m"exec: \"git\": executable file not found in %PATH%"[0m[0m [36mrepo=[0mamitvashisttech/docker-k8s-EY-E-02-Dec-2024
[90m1:32AM[0m [32mINF[0m [1mProcessing repo[0m [36mrepo=[0mansil1999/helmchart-grafana [36mrepo_index=[0m471 [36mtotal_repos=[0m500
[90m1:32AM[0m [32mINF[0m [1mCloning (depth=1)[0m [36mdest=[0m"E:\\helm_clones_github\\ansil1999__helmchart-grafana" [36mrepo=[0mhttps://github.com/ansil1999/helmchart-grafana
[90m1:32AM[0m [31mERR[0m [1mClone failed – skipping[0m [36merror=[0m[31m[1m"exec: \"git\": executable file not found in %PATH%"[0m[0m [36mrepo=[0mansil1999/helmchart-grafana
[90m1:32AM[0m [32mINF[0m [1mProcessing repo[0m [36mrepo=[0mant-ano/yc-courses-ru-devops [36mrepo_index=[0m472 [36mtotal_repos=[0m500
[90m1:32AM[0m [32mINF[0m [1mCloning (depth=1)[0m [36mdest=[0m"E:\\helm_clones_github\\ant-ano__yc-courses-ru-devops" [36mrepo=[0mhttps://github.com/ant-ano/yc-courses-ru-devops
[90m1:32AM[0m [31mERR[0m [1mClone failed – skipping[0m [36merror=[0m[31m[1m"exec: \"git\": executable file not found in %PATH%"[0m[0m [36mrepo=[0mant-ano/yc-courses-ru-devops
[90m1:32AM[0m [32mINF[0m [1mProcessing repo[0m [36mrepo=[0manugram/helm-charts [36mrepo_index=[0m473 [36mtotal_repos=[0m500
[90m1:32AM[0m [32mINF[0m [1mCloning (depth=1)[0m [36mdest=[0m"E:\\helm_clones_github\\anugram__helm-charts" [36mrepo=[0mhttps://github.com/anugram/helm-charts
[90m1:32AM[0m [31mERR[0m [1mClone failed – skipping[0m [36merror=[0m[31m[1m"exec: \"git\": executable file not found in %PATH%"[0m[0m [36mrepo=[0manugram/helm-charts
[90m1:32AM[0m [32mINF[0m [1mProcessing repo[0m [36mrepo=[0manvega/helm-charts [36mrepo_index=[0m474 [36mtotal_repos=[0m500
[90m1:32AM[0m [32mINF[0m [1mCloning (depth=1)[0m [36mdest=[0m"E:\\helm_clones_github\\anvega__helm-charts" [36mrepo=[0mhttps://github.com/anvega/helm-charts
[90m1:32AM[0m [31mERR[0m [1mClone failed – skipping[0m [36merror=[0m[31m[1m"exec: \"git\": executable file not found in %PATH%"[0m[0m [36mrepo=[0manvega/helm-charts
[90m1:32AM[0m [32mINF[0m [1mProcessing repo[0m [36mrepo=[0marminzaugg/sturdy-octo-omni [36mrepo_index=[0m475 [36mtotal_repos=[0m500
[90m1:32AM[0m [32mINF[0m [1mCloning (depth=1)[0m [36mdest=[0m"E:\\helm_clones_github\\arminzaugg__sturdy-octo-omni" [36mrepo=[0mhttps://github.com/arminzaugg/sturdy-octo-omni
[90m1:32AM[0m [31mERR[0m [1mClone failed – skipping[0m [36merror=[0m[31m[1m"exec: \"git\": executable file not found in %PATH%"[0m[0m [36mrepo=[0marminzaugg/sturdy-octo-omni
[90m1:32AM[0m [32mINF[0m [1mProcessing repo[0m [36mrepo=[0marockiyastephenl/netlify-express [36mrepo_index=[0m476 [36mtotal_repos=[0m500
[90m1:32AM[0m [32mINF[0m [1mCloning (depth=1)[0m [36mdest=[0m"E:\\helm_clones_github\\arockiyastephenl__netlify-express" [36mrepo=[0mhttps://github.com/arockiyastephenl/netlify-express
[90m1:32AM[0m [31mERR[0m [1mClone failed – skipping[0m [36merror=[0m[31m[1m"exec: \"git\": executable file not found in %PATH%"[0m[0m [36mrepo=[0marockiyastephenl/netlify-express
[90m1:32AM[0m [32mINF[0m [1mProcessing repo[0m [36mrepo=[0mayarinesrine/pfe-deployment [36mrepo_index=[0m477 [36mtotal_repos=[0m500
[90m1:32AM[0m [32mINF[0m [1mCloning (depth=1)[0m [36mdest=[0m"E:\\helm_clones_github\\ayarinesrine__pfe-deployment" [36mrepo=[0mhttps://github.com/ayarinesrine/pfe-deployment
[90m1:32AM[0m [31mERR[0m [1mClone failed – skipping[0m [36merror=[0m[31m[1m"exec: \"git\": executable file not found in %PATH%"[0m[0m [36mrepo=[0mayarinesrine/pfe-deployment
[90m1:32AM[0m [32mINF[0m [1mProcessing repo[0m [36mrepo=[0mbanzai-team/lecturer [36mrepo_index=[0m478 [36mtotal_repos=[0m500
[90m1:32AM[0m [32mINF[0m [1mCloning (depth=1)[0m [36mdest=[0m"E:\\helm_clones_github\\banzai-team__lecturer" [36mrepo=[0mhttps://github.com/banzai-team/lecturer
[90m1:32AM[0m [31mERR[0m [1mClone failed – skipping[0m [36merror=[0m[31m[1m"exec: \"git\": executable file not found in %PATH%"[0m[0m [36mrepo=[0mbanzai-team/lecturer
[90m1:32AM[0m [32mINF[0m [1mProcessing repo[0m [36mrepo=[0mbanzai-team/marketing_bot [36mrepo_index=[0m479 [36mtotal_repos=[0m500
[90m1:32AM[0m [32mINF[0m [1mCloning (depth=1)[0m [36mdest=[0m"E:\\helm_clones_github\\banzai-team__marketing_bot" [36mrepo=[0mhttps://github.com/banzai-team/marketing_bot
[90m1:32AM[0m [31mERR[0m [1mClone failed – skipping[0m [36merror=[0m[31m[1m"exec: \"git\": executable file not found in %PATH%"[0m[0m [36mrepo=[0mbanzai-team/marketing_bot
[90m1:32AM[0m [32mINF[0m [1mProcessing repo[0m [36mrepo=[0mbanzai-team/prediction [36mrepo_index=[0m480 [36mtotal_repos=[0m500
[90m1:32AM[0m [32mINF[0m [1mCloning (depth=1)[0m [36mdest=[0m"E:\\helm_clones_github\\banzai-team__prediction" [36mrepo=[0mhttps://github.com/banzai-team/prediction
[90m1:32AM[0m [31mERR[0m [1mClone failed – skipping[0m [36merror=[0m[31m[1m"exec: \"git\": executable file not found in %PATH%"[0m[0m [36mrepo=[0mbanzai-team/prediction
[90m1:32AM[0m [32mINF[0m [1mProcessing repo[0m [36mrepo=[0mbatleforc/MonoFolio [36mrepo_index=[0m481 [36mtotal_repos=[0m500
[90m1:32AM[0m [32mINF[0m [1mCloning (depth=1)[0m [36mdest=[0m"E:\\helm_clones_github\\batleforc__MonoFolio" [36mrepo=[0mhttps://github.com/batleforc/MonoFolio
[90m1:32AM[0m [31mERR[0m [1mClone failed – skipping[0m [36merror=[0m[31m[1m"exec: \"git\": executable file not found in %PATH%"[0m[0m [36mrepo=[0mbatleforc/MonoFolio
[90m1:32AM[0m [32mINF[0m [1mProcessing repo[0m [36mrepo=[0mbatleforc/MonofolioOps [36mrepo_index=[0m482 [36mtotal_repos=[0m500
[90m1:32AM[0m [32mINF[0m [1mCloning (depth=1)[0m [36mdest=[0m"E:\\helm_clones_github\\batleforc__MonofolioOps" [36mrepo=[0mhttps://github.com/batleforc/MonofolioOps
[90m1:32AM[0m [31mERR[0m [1mClone failed – skipping[0m [36merror=[0m[31m[1m"exec: \"git\": executable file not found in %PATH%"[0m[0m [36mrepo=[0mbatleforc/MonofolioOps
[90m1:32AM[0m [32mINF[0m [1mProcessing repo[0m [36mrepo=[0mbecketalservices/beas-cnx-cloud [36mrepo_index=[0m483 [36mtotal_repos=[0m500
[90m1:32AM[0m [32mINF[0m [1mCloning (depth=1)[0m [36mdest=[0m"E:\\helm_clones_github\\becketalservices__beas-cnx-cloud" [36mrepo=[0mhttps://github.com/becketalservices/beas-cnx-cloud
[90m1:32AM[0m [31mERR[0m [1mClone failed – skipping[0m [36merror=[0m[31m[1m"exec: \"git\": executable file not found in %PATH%"[0m[0m [36mrepo=[0mbecketalservices/beas-cnx-cloud
[90m1:32AM[0m [32mINF[0m [1mProcessing repo[0m [36mrepo=[0mblackskyi/kubernetes-helm-deployment [36mrepo_index=[0m484 [36mtotal_repos=[0m500
[90m1:32AM[0m [32mINF[0m [1mCloning (depth=1)[0m [36mdest=[0m"E:\\helm_clones_github\\blackskyi__kubernetes-helm-deployment" [36mrepo=[0mhttps://github.com/blackskyi/kubernetes-helm-deployment
[90m1:32AM[0m [31mERR[0m [1mClone failed – skipping[0m [36merror=[0m[31m[1m"exec: \"git\": executable file not found in %PATH%"[0m[0m [36mrepo=[0mblackskyi/kubernetes-helm-deployment
[90m1:32AM[0m [32mINF[0m [1mProcessing repo[0m [36mrepo=[0mbps1980/operavia [36mrepo_index=[0m485 [36mtotal_repos=[0m500
[90m1:32AM[0m [32mINF[0m [1mCloning (depth=1)[0m [36mdest=[0m"E:\\helm_clones_github\\bps1980__operavia" [36mrepo=[0mhttps://github.com/bps1980/operavia
[90m1:32AM[0m [31mERR[0m [1mClone failed – skipping[0m [36merror=[0m[31m[1m"exec: \"git\": executable file not found in %PATH%"[0m[0m [36mrepo=[0mbps1980/operavia
[90m1:32AM[0m [32mINF[0m [1mProcessing repo[0m [36mrepo=[0mbrampurnot/sap-cap-mtx [36mrepo_index=[0m486 [36mtotal_repos=[0m500
[90m1:32AM[0m [32mINF[0m [1mCloning (depth=1)[0m [36mdest=[0m"E:\\helm_clones_github\\brampurnot__sap-cap-mtx" [36mrepo=[0mhttps://github.com/brampurnot/sap-cap-mtx
[90m1:32AM[0m [31mERR[0m [1mClone failed – skipping[0m [36merror=[0m[31m[1m"exec: \"git\": executable file not found in %PATH%"[0m[0m [36mrepo=[0mbrampurnot/sap-cap-mtx
[90m1:32AM[0m [32mINF[0m [1mProcessing repo[0m [36mrepo=[0mbvcelari/my-flask-app [36mrepo_index=[0m487 [36mtotal_repos=[0m500
[90m1:32AM[0m [32mINF[0m [1mCloning (depth=1)[0m [36mdest=[0m"E:\\helm_clones_github\\bvcelari__my-flask-app" [36mrepo=[0mhttps://github.com/bvcelari/my-flask-app
[90m1:32AM[0m [31mERR[0m [1mClone failed – skipping[0m [36merror=[0m[31m[1m"exec: \"git\": executable file not found in %PATH%"[0m[0m [36mrepo=[0mbvcelari/my-flask-app
[90m1:32AM[0m [32mINF[0m [1mProcessing repo[0m [36mrepo=[0mbysamio/charts [36mrepo_index=[0m488 [36mtotal_repos=[0m500
[90m1:32AM[0m [32mINF[0m [1mCloning (depth=1)[0m [36mdest=[0m"E:\\helm_clones_github\\bysamio__charts" [36mrepo=[0mhttps://github.com/bysamio/charts
[90m1:32AM[0m [31mERR[0m [1mClone failed – skipping[0m [36merror=[0m[31m[1m"exec: \"git\": executable file not found in %PATH%"[0m[0m [36mrepo=[0mbysamio/charts
[90m1:32AM[0m [32mINF[0m [1mProcessing repo[0m [36mrepo=[0mcaiohmb/kuber_project [36mrepo_index=[0m489 [36mtotal_repos=[0m500
[90m1:32AM[0m [32mINF[0m [1mCloning (depth=1)[0m [36mdest=[0m"E:\\helm_clones_github\\caiohmb__kuber_project" [36mrepo=[0mhttps://github.com/caiohmb/kuber_project
[90m1:32AM[0m [31mERR[0m [1mClone failed – skipping[0m [36merror=[0m[31m[1m"exec: \"git\": executable file not found in %PATH%"[0m[0m [36mrepo=[0mcaiohmb/kuber_project
[90m1:32AM[0m [32mINF[0m [1mProcessing repo[0m [36mrepo=[0mcb-kubecd/bdd-gh-1585039502 [36mrepo_index=[0m490 [36mtotal_repos=[0m500
[90m1:32AM[0m [32mINF[0m [1mCloning (depth=1)[0m [36mdest=[0m"E:\\helm_clones_github\\cb-kubecd__bdd-gh-1585039502" [36mrepo=[0mhttps://github.com/cb-kubecd/bdd-gh-1585039502
[90m1:32AM[0m [31mERR[0m [1mClone failed – skipping[0m [36merror=[0m[31m[1m"exec: \"git\": executable file not found in %PATH%"[0m[0m [36mrepo=[0mcb-kubecd/bdd-gh-1585039502
[90m1:32AM[0m [32mINF[0m [1mProcessing repo[0m [36mrepo=[0mcb-kubecd/bdd-gh-1587408670 [36mrepo_index=[0m491 [36mtotal_repos=[0m500
[90m1:32AM[0m [32mINF[0m [1mCloning (depth=1)[0m [36mdest=[0m"E:\\helm_clones_github\\cb-kubecd__bdd-gh-1587408670" [36mrepo=[0mhttps://github.com/cb-kubecd/bdd-gh-1587408670
[90m1:32AM[0m [31mERR[0m [1mClone failed – skipping[0m [36merror=[0m[31m[1m"exec: \"git\": executable file not found in %PATH%"[0m[0m [36mrepo=[0mcb-kubecd/bdd-gh-1587408670
[90m1:32AM[0m [32mINF[0m [1mProcessing repo[0m [36mrepo=[0mcb-kubecd/bdd-gh-1597486525 [36mrepo_index=[0m492 [36mtotal_repos=[0m500
[90m1:32AM[0m [32mINF[0m [1mCloning (depth=1)[0m [36mdest=[0m"E:\\helm_clones_github\\cb-kubecd__bdd-gh-1597486525" [36mrepo=[0mhttps://github.com/cb-kubecd/bdd-gh-1597486525
[90m1:32AM[0m [31mERR[0m [1mClone failed – skipping[0m [36merror=[0m[31m[1m"exec: \"git\": executable file not found in %PATH%"[0m[0m [36mrepo=[0mcb-kubecd/bdd-gh-1597486525
[90m1:32AM[0m [32mINF[0m [1mProcessing repo[0m [36mrepo=[0mcb-kubecd/bdd-gh-1597841986 [36mrepo_index=[0m493 [36mtotal_repos=[0m500
[90m1:32AM[0m [32mINF[0m [1mCloning (depth=1)[0m [36mdest=[0m"E:\\helm_clones_github\\cb-kubecd__bdd-gh-1597841986" [36mrepo=[0mhttps://github.com/cb-kubecd/bdd-gh-1597841986
[90m1:32AM[0m [31mERR[0m [1mClone failed – skipping[0m [36merror=[0m[31m[1m"exec: \"git\": executable file not found in %PATH%"[0m[0m [36mrepo=[0mcb-kubecd/bdd-gh-1597841986
[90m1:32AM[0m [32mINF[0m [1mProcessing repo[0m [36mrepo=[0mcb-kubecd/bdd-gh-1602170370 [36mrepo_index=[0m494 [36mtotal_repos=[0m500
[90m1:32AM[0m [32mINF[0m [1mCloning (depth=1)[0m [36mdest=[0m"E:\\helm_clones_github\\cb-kubecd__bdd-gh-1602170370" [36mrepo=[0mhttps://github.com/cb-kubecd/bdd-gh-1602170370
[90m1:32AM[0m [31mERR[0m [1mClone failed – skipping[0m [36merror=[0m[31m[1m"exec: \"git\": executable file not found in %PATH%"[0m[0m [36mrepo=[0mcb-kubecd/bdd-gh-1602170370
[90m1:32AM[0m [32mINF[0m [1mProcessing repo[0m [36mrepo=[0mcb-kubecd/bdd-gh-1602633112 [36mrepo_index=[0m495 [36mtotal_repos=[0m500
[90m1:32AM[0m [32mINF[0m [1mCloning (depth=1)[0m [36mdest=[0m"E:\\helm_clones_github\\cb-kubecd__bdd-gh-1602633112" [36mrepo=[0mhttps://github.com/cb-kubecd/bdd-gh-1602633112
[90m1:32AM[0m [31mERR[0m [1mClone failed – skipping[0m [36merror=[0m[31m[1m"exec: \"git\": executable file not found in %PATH%"[0m[0m [36mrepo=[0mcb-kubecd/bdd-gh-1602633112
[90m1:32AM[0m [32mINF[0m [1mProcessing repo[0m [36mrepo=[0mcb-kubecd/bdd-nh-1582713872 [36mrepo_index=[0m496 [36mtotal_repos=[0m500
[90m1:32AM[0m [32mINF[0m [1mCloning (depth=1)[0m [36mdest=[0m"E:\\helm_clones_github\\cb-kubecd__bdd-nh-1582713872" [36mrepo=[0mhttps://github.com/cb-kubecd/bdd-nh-1582713872
[90m1:32AM[0m [31mERR[0m [1mClone failed – skipping[0m [36merror=[0m[31m[1m"exec: \"git\": executable file not found in %PATH%"[0m[0m [36mrepo=[0mcb-kubecd/bdd-nh-1582713872
[90m1:32AM[0m [32mINF[0m [1mProcessing repo[0m [36mrepo=[0mcb-kubecd/bdd-nh-1587383466 [36mrepo_index=[0m497 [36mtotal_repos=[0m500
[90m1:32AM[0m [32mINF[0m [1mCloning (depth=1)[0m [36mdest=[0m"E:\\helm_clones_github\\cb-kubecd__bdd-nh-1587383466" [36mrepo=[0mhttps://github.com/cb-kubecd/bdd-nh-1587383466
[90m1:32AM[0m [31mERR[0m [1mClone failed – skipping[0m [36merror=[0m[31m[1m"exec: \"git\": executable file not found in %PATH%"[0m[0m [36mrepo=[0mcb-kubecd/bdd-nh-1587383466
[90m1:32AM[0m [32mINF[0m [1mProcessing repo[0m [36mrepo=[0mcb-kubecd/bdd-nh-import-1583025619 [36mrepo_index=[0m498 [36mtotal_repos=[0m500
[90m1:32AM[0m [32mINF[0m [1mCloning (depth=1)[0m [36mdest=[0m"E:\\helm_clones_github\\cb-kubecd__bdd-nh-import-1583025619" [36mrepo=[0mhttps://github.com/cb-kubecd/bdd-nh-import-1583025619
[90m1:32AM[0m [31mERR[0m [1mClone failed – skipping[0m [36merror=[0m[31m[1m"exec: \"git\": executable file not found in %PATH%"[0m[0m [36mrepo=[0mcb-kubecd/bdd-nh-import-1583025619
[90m1:32AM[0m [32mINF[0m [1mProcessing repo[0m [36mrepo=[0mcb-kubecd/bdd-sbhg-import-1584026808 [36mrepo_index=[0m499 [36mtotal_repos=[0m500
[90m1:32AM[0m [32mINF[0m [1mCloning (depth=1)[0m [36mdest=[0m"E:\\helm_clones_github\\cb-kubecd__bdd-sbhg-import-1584026808" [36mrepo=[0mhttps://github.com/cb-kubecd/bdd-sbhg-import-1584026808
[90m1:32AM[0m [31mERR[0m [1mClone failed – skipping[0m [36merror=[0m[31m[1m"exec: \"git\": executable file not found in %PATH%"[0m[0m [36mrepo=[0mcb-kubecd/bdd-sbhg-import-1584026808
[90m1:32AM[0m [32mINF[0m [1mProcessing repo[0m [36mrepo=[0mcb-kubecd/bdd-sbrp-import-1588095438 [36mrepo_index=[0m500 [36mtotal_repos=[0m500
[90m1:32AM[0m [32mINF[0m [1mCloning (depth=1)[0m [36mdest=[0m"E:\\helm_clones_github\\cb-kubecd__bdd-sbrp-import-1588095438" [36mrepo=[0mhttps://github.com/cb-kubecd/bdd-sbrp-import-1588095438
[90m1:32AM[0m [31mERR[0m [1mClone failed – skipping[0m [36merror=[0m[31m[1m"exec: \"git\": executable file not found in %PATH%"[0m[0m [36mrepo=[0mcb-kubecd/bdd-sbrp-import-1588095438
[90m1:32AM[0m [32mINF[0m [1mDone[0m [36mdep_failures=[0m0 [36mfailures=[0m0 [36mrepos=[0m0 [36msuccesses=[0m0 [36mtotal_runs=[0m0
